example_id,complex_name,path,generated_chain,context_chain
ame:1aof__1__1.B__1.F,1aof__1__1.B__1.F,structures/ame/1aof__1__1.B__1.F.cif,1.B,1.B
ame:1aoq__1__1.A__1.C,1aoq__1__1.A__1.C,structures/ame/1aoq__1__1.A__1.C.cif,1.A,1.A
ame:1au1__1__1.A__1.C,1au1__1__1.A__1.C,structures/ame/1au1__1__1.A__1.C.cif,1.A,1.A
ame:1au1__1__1.B__1.D,1au1__1__1.B__1.D,structures/ame/1au1__1__1.B__1.D.cif,1.B,1.B
ame:1b12__1__1.A__1.E,1b12__1__1.A__1.E,structures/ame/1b12__1__1.A__1.E.cif,1.A,1.A
ame:1b55__1__1.A__1.D,1b55__1__1.A__1.D,structures/ame/1b55__1__1.A__1.D.cif,1.A,1.A
ame:1bg9__1__2.A__2.B,1bg9__1__2.A__2.B,structures/ame/1bg9__1__2.A__2.B.cif,2.A,2.A
ame:1bg9__1__2.A__2.F,1bg9__1__2.A__2.F,structures/ame/1bg9__1__2.A__2.F.cif,2.A,2.A
ame:1c1h__1__1.A__1.C,1c1h__1__1.A__1.C,structures/ame/1c1h__1__1.A__1.C.cif,1.A,1.A
ame:1c41__3__1.D_1.E__1.Y,1c41__3__1.D_1.E__1.Y,structures/ame/1c41__3__1.D_1.E__1.Y.cif,"1.D,1.E","1.D,1.E"
ame:1c9e__1__1.A__1.C,1c9e__1__1.A__1.C,structures/ame/1c9e__1__1.A__1.C.cif,1.A,1.A
ame:1com__3__1.E_1.F__1.R,1com__3__1.E_1.F__1.R,structures/ame/1com__3__1.E_1.F__1.R.cif,"1.E,1.F","1.E,1.F"
ame:1cr5__3__1.C__1.H,1cr5__3__1.C__1.H,structures/ame/1cr5__3__1.C__1.H.cif,1.C,1.C
ame:1cr6__1__1.B__1.D,1cr6__1__1.B__1.D,structures/ame/1cr6__1__1.B__1.D.cif,1.B,1.B
ame:1cv8__1__2.A__2.C,1cv8__1__2.A__2.C,structures/ame/1cv8__1__2.A__2.C.cif,2.A,2.A
ame:1cvi__2__1.A__1.N,1cvi__2__1.A__1.N,structures/ame/1cvi__2__1.A__1.N.cif,1.A,1.A
ame:1cvi__2__1.A__1.O,1cvi__2__1.A__1.O,structures/ame/1cvi__2__1.A__1.O.cif,1.A,1.A
ame:1cvi__2__1.B__1.I,1cvi__2__1.B__1.I,structures/ame/1cvi__2__1.B__1.I.cif,1.B,1.B
ame:1cvi__3__1.C__1.J,1cvi__3__1.C__1.J,structures/ame/1cvi__3__1.C__1.J.cif,1.C,1.C
ame:1cvi__3__1.D__1.L,1cvi__3__1.D__1.L,structures/ame/1cvi__3__1.D__1.L.cif,1.D,1.D
ame:1d0l__1__1.A__1.C,1d0l__1__1.A__1.C,structures/ame/1d0l__1__1.A__1.C.cif,1.A,1.A
ame:1dae__1__1.A_2.A__1.B,1dae__1__1.A_2.A__1.B,structures/ame/1dae__1__1.A_2.A__1.B.cif,"1.A,2.A","1.A,2.A"
ame:1daf__1__1.A_2.A__1.C,1daf__1__1.A_2.A__1.C,structures/ame/1daf__1__1.A_2.A__1.C.cif,"1.A,2.A","1.A,2.A"
ame:1dai__1__1.A_2.A__2.B,1dai__1__1.A_2.A__2.B,structures/ame/1dai__1__1.A_2.A__2.B.cif,"1.A,2.A","1.A,2.A"
ame:1dbg__1__1.A__1.B,1dbg__1__1.A__1.B,structures/ame/1dbg__1__1.A__1.B.cif,1.A,1.A
ame:1dbo__1__1.A__1.B,1dbo__1__1.A__1.B,structures/ame/1dbo__1__1.A__1.B.cif,1.A,1.A
ame:1dbo__1__1.A__1.C,1dbo__1__1.A__1.C,structures/ame/1dbo__1__1.A__1.C.cif,1.A,1.A
ame:1drt__1__1.A__1.B,1drt__1__1.A__1.B,structures/ame/1drt__1__1.A__1.B.cif,1.A,1.A
ame:1dry__1__1.A__1.B,1dry__1__1.A__1.B,structures/ame/1dry__1__1.A__1.B.cif,1.A,1.A
ame:1dy7__1__1.B__1.G,1dy7__1__1.B__1.G,structures/ame/1dy7__1__1.B__1.G.cif,1.B,1.B
ame:1e6u__1__2.A__2.B,1e6u__1__2.A__2.B,structures/ame/1e6u__1__2.A__2.B.cif,2.A,2.A
ame:1e6u__1__2.A__2.C,1e6u__1__2.A__2.C,structures/ame/1e6u__1__2.A__2.C.cif,2.A,2.A
ame:1e7q__1__2.A__2.B,1e7q__1__2.A__2.B,structures/ame/1e7q__1__2.A__2.B.cif,2.A,2.A
ame:1e7q__1__2.A__2.C,1e7q__1__2.A__2.C,structures/ame/1e7q__1__2.A__2.C.cif,2.A,2.A
ame:1e7r__1__1.A__1.B,1e7r__1__1.A__1.B,structures/ame/1e7r__1__1.A__1.B.cif,1.A,1.A
ame:1e7r__1__2.A__2.C,1e7r__1__2.A__2.C,structures/ame/1e7r__1__2.A__2.C.cif,2.A,2.A
ame:1ea0__2__1.B__1.G,1ea0__2__1.B__1.G,structures/ame/1ea0__2__1.B__1.G.cif,1.B,1.B
ame:1ecm__1__2.A_2.B__2.C,1ecm__1__2.A_2.B__2.C,structures/ame/1ecm__1__2.A_2.B__2.C.cif,"2.B,2.A","2.B,2.A"
ame:1efy__1__1.A__1.B,1efy__1__1.A__1.B,structures/ame/1efy__1__1.A__1.B.cif,1.A,1.A
ame:1ek1__1__1.A__1.C,1ek1__1__1.A__1.C,structures/ame/1ek1__1__1.A__1.C.cif,1.A,1.A
ame:1ek2__1__1.B__1.D,1ek2__1__1.B__1.D,structures/ame/1ek2__1__1.B__1.D.cif,1.B,1.B
ame:1ek8__1__1.A__1.E,1ek8__1__1.A__1.E,structures/ame/1ek8__1__1.A__1.E.cif,1.A,1.A
ame:1ewj__4__1.G_1.H__1.P,1ewj__4__1.G_1.H__1.P,structures/ame/1ewj__4__1.G_1.H__1.P.cif,"1.G,1.H","1.G,1.H"
ame:1ex9__1__1.A__1.C,1ex9__1__1.A__1.C,structures/ame/1ex9__1__1.A__1.C.cif,1.A,1.A
ame:1exf__1__1.A__1.B,1exf__1__1.A__1.B,structures/ame/1exf__1__1.A__1.B.cif,1.A,1.A
ame:1exi__1__2.B__2.E,1exi__1__2.B__2.E,structures/ame/1exi__1__2.B__2.E.cif,2.B,2.B
ame:1exj__1__2.B__2.E,1exj__1__2.B__2.E,structures/ame/1exj__1__2.B__2.E.cif,2.B,2.B
ame:1ezf__1__1.A__1.D,1ezf__1__1.A__1.D,structures/ame/1ezf__1__1.A__1.D.cif,1.A,1.A
ame:1ezv__1__1.C__1.L,1ezv__1__1.C__1.L,structures/ame/1ezv__1__1.C__1.L.cif,1.C,1.C
ame:1fcv__1__1.A__1.B,1fcv__1__1.A__1.B,structures/ame/1fcv__1__1.A__1.B.cif,1.A,1.A
ame:1ffy__1__1.B__1.P,1ffy__1__1.B__1.P,structures/ame/1ffy__1__1.B__1.P.cif,1.B,1.B
ame:1fk7__1__1.A__1.B,1fk7__1__1.A__1.B,structures/ame/1fk7__1__1.A__1.B.cif,1.A,1.A
ame:1ft4__1__1.A__1.C,1ft4__1__1.A__1.C,structures/ame/1ft4__1__1.A__1.C.cif,1.A,1.A
ame:1fui__3__1.E_1.F__1.S,1fui__3__1.E_1.F__1.S,structures/ame/1fui__3__1.E_1.F__1.S.cif,"1.E,1.F","1.E,1.F"
ame:1gsz__1__1.A__1.E,1gsz__1__1.A__1.E,structures/ame/1gsz__1__1.A__1.E.cif,1.A,1.A
ame:1gsz__2__1.B__1.G,1gsz__2__1.B__1.G,structures/ame/1gsz__2__1.B__1.G.cif,1.B,1.B
ame:1gsz__2__2.A__2.E,1gsz__2__2.A__2.E,structures/ame/1gsz__2__2.A__2.E.cif,2.A,2.A
ame:1gsz__3__2.C__2.I,1gsz__3__2.C__2.I,structures/ame/1gsz__3__2.C__2.I.cif,2.C,2.C
ame:1gul__4__1.G_1.H__1.P,1gul__4__1.G_1.H__1.P,structures/ame/1gul__4__1.G_1.H__1.P.cif,"1.G,1.H","1.G,1.H"
ame:1gzl__1__3.C__3.G,1gzl__1__3.C__3.G,structures/ame/1gzl__1__3.C__3.G.cif,3.C,3.C
ame:1h11__1__1.A__1.B,1h11__1__1.A__1.B,structures/ame/1h11__1__1.A__1.B.cif,1.A,1.A
ame:1h2j__1__1.A__1.B,1h2j__1__1.A__1.B,structures/ame/1h2j__1__1.A__1.B.cif,1.A,1.A
ame:1h35__2__1.B__1.G,1h35__2__1.B__1.G,structures/ame/1h35__2__1.B__1.G.cif,1.B,1.B
ame:1h35__2__2.A__2.E,1h35__2__2.A__2.E,structures/ame/1h35__2__2.A__2.E.cif,2.A,2.A
ame:1h35__3__1.C__1.I,1h35__3__1.C__1.I,structures/ame/1h35__3__1.C__1.I.cif,1.C,1.C
ame:1h35__3__2.C__2.I,1h35__3__2.C__2.I,structures/ame/1h35__3__2.C__2.I.cif,2.C,2.C
ame:1h36__1__1.A__1.E,1h36__1__1.A__1.E,structures/ame/1h36__1__1.A__1.E.cif,1.A,1.A
ame:1h36__1__2.B__2.G,1h36__1__2.B__2.G,structures/ame/1h36__1__2.B__2.G.cif,2.B,2.B
ame:1h36__2__1.B__1.G,1h36__2__1.B__1.G,structures/ame/1h36__2__1.B__1.G.cif,1.B,1.B
ame:1h36__2__2.A__2.E,1h36__2__2.A__2.E,structures/ame/1h36__2__2.A__2.E.cif,2.A,2.A
ame:1h36__3__1.C__1.I,1h36__3__1.C__1.I,structures/ame/1h36__3__1.C__1.I.cif,1.C,1.C
ame:1h36__3__2.C__2.I,1h36__3__2.C__2.I,structures/ame/1h36__3__2.C__2.I.cif,2.C,2.C
ame:1h37__1__1.A__1.E,1h37__1__1.A__1.E,structures/ame/1h37__1__1.A__1.E.cif,1.A,1.A
ame:1h37__1__2.B__2.G,1h37__1__2.B__2.G,structures/ame/1h37__1__2.B__2.G.cif,2.B,2.B
ame:1h37__2__1.B__1.G,1h37__2__1.B__1.G,structures/ame/1h37__2__1.B__1.G.cif,1.B,1.B
ame:1h37__2__2.A__2.E,1h37__2__2.A__2.E,structures/ame/1h37__2__2.A__2.E.cif,2.A,2.A
ame:1h37__3__1.C__1.I,1h37__3__1.C__1.I,structures/ame/1h37__3__1.C__1.I.cif,1.C,1.C
ame:1h37__3__2.C__2.I,1h37__3__2.C__2.I,structures/ame/1h37__3__2.C__2.I.cif,2.C,2.C
ame:1h39__1__1.A__1.E,1h39__1__1.A__1.E,structures/ame/1h39__1__1.A__1.E.cif,1.A,1.A
ame:1h39__1__2.B__2.G,1h39__1__2.B__2.G,structures/ame/1h39__1__2.B__2.G.cif,2.B,2.B
ame:1h39__2__1.B__1.G,1h39__2__1.B__1.G,structures/ame/1h39__2__1.B__1.G.cif,1.B,1.B
ame:1h39__2__2.A__2.E,1h39__2__2.A__2.E,structures/ame/1h39__2__2.A__2.E.cif,2.A,2.A
ame:1h39__3__2.C__2.I,1h39__3__2.C__2.I,structures/ame/1h39__3__2.C__2.I.cif,2.C,2.C
ame:1h3a__1__2.B__2.G,1h3a__1__2.B__2.G,structures/ame/1h3a__1__2.B__2.G.cif,2.B,2.B
ame:1h3a__2__1.B__1.G,1h3a__2__1.B__1.G,structures/ame/1h3a__2__1.B__1.G.cif,1.B,1.B
ame:1h3a__2__2.A__2.E,1h3a__2__2.A__2.E,structures/ame/1h3a__2__2.A__2.E.cif,2.A,2.A
ame:1h3a__3__2.C__2.I,1h3a__3__2.C__2.I,structures/ame/1h3a__3__2.C__2.I.cif,2.C,2.C
ame:1h3b__1__2.B__2.G,1h3b__1__2.B__2.G,structures/ame/1h3b__1__2.B__2.G.cif,2.B,2.B
ame:1h3b__2__1.B__1.G,1h3b__2__1.B__1.G,structures/ame/1h3b__2__1.B__1.G.cif,1.B,1.B
ame:1h3b__2__2.A__2.E,1h3b__2__2.A__2.E,structures/ame/1h3b__2__2.A__2.E.cif,2.A,2.A
ame:1h3b__3__1.C__1.I,1h3b__3__1.C__1.I,structures/ame/1h3b__3__1.C__1.I.cif,1.C,1.C
ame:1h3b__3__2.C__2.I,1h3b__3__2.C__2.I,structures/ame/1h3b__3__2.C__2.I.cif,2.C,2.C
ame:1h3c__1__1.A__1.E,1h3c__1__1.A__1.E,structures/ame/1h3c__1__1.A__1.E.cif,1.A,1.A
ame:1h3c__1__2.B__2.G,1h3c__1__2.B__2.G,structures/ame/1h3c__1__2.B__2.G.cif,2.B,2.B
ame:1h3c__2__1.B__1.G,1h3c__2__1.B__1.G,structures/ame/1h3c__2__1.B__1.G.cif,1.B,1.B
ame:1h3c__2__2.A__2.E,1h3c__2__2.A__2.E,structures/ame/1h3c__2__2.A__2.E.cif,2.A,2.A
ame:1h3c__3__1.C__1.I,1h3c__3__1.C__1.I,structures/ame/1h3c__3__1.C__1.I.cif,1.C,1.C
ame:1h3c__3__2.C__2.I,1h3c__3__2.C__2.I,structures/ame/1h3c__3__2.C__2.I.cif,2.C,2.C
ame:1h5v__1__1.A__1.B,1h5v__1__1.A__1.B,structures/ame/1h5v__1__1.A__1.B.cif,1.A,1.A
ame:1h9x__1__1.A__1.D,1h9x__1__1.A__1.D,structures/ame/1h9x__1__1.A__1.D.cif,1.A,1.A
ame:1h9x__1__1.B__1.E,1h9x__1__1.B__1.E,structures/ame/1h9x__1__1.B__1.E.cif,1.B,1.B
ame:1h9y__1__1.B__1.G,1h9y__1__1.B__1.G,structures/ame/1h9y__1__1.B__1.G.cif,1.B,1.B
ame:1hcm__1__1.B__1.F,1hcm__1__1.B__1.F,structures/ame/1hcm__1__1.B__1.F.cif,1.B,1.B
ame:1hf6__1__1.A__1.B,1hf6__1__1.A__1.B,structures/ame/1hf6__1__1.A__1.B.cif,1.A,1.A
ame:1hj3__1__1.A__1.D,1hj3__1__1.A__1.D,structures/ame/1hj3__1__1.A__1.D.cif,1.A,1.A
ame:1hj3__1__1.B__1.G,1hj3__1__1.B__1.G,structures/ame/1hj3__1__1.B__1.G.cif,1.B,1.B
ame:1hj4__1__1.A__1.C,1hj4__1__1.A__1.C,structures/ame/1hj4__1__1.A__1.C.cif,1.A,1.A
ame:1hj4__1__1.A__1.D,1hj4__1__1.A__1.D,structures/ame/1hj4__1__1.A__1.D.cif,1.A,1.A
ame:1hj5__1__1.B__1.K,1hj5__1__1.B__1.K,structures/ame/1hj5__1__1.B__1.K.cif,1.B,1.B
ame:1hnn__2__1.B__1.E,1hnn__2__1.B__1.E,structures/ame/1hnn__2__1.B__1.E.cif,1.B,1.B
ame:1hnn__2__1.B__1.F,1hnn__2__1.B__1.F,structures/ame/1hnn__2__1.B__1.F.cif,1.B,1.B
ame:1hqd__1__1.A__1.C,1hqd__1__1.A__1.C,structures/ame/1hqd__1__1.A__1.C.cif,1.A,1.A
ame:1hv6__1__1.A__1.B,1hv6__1__1.A__1.B,structures/ame/1hv6__1__1.A__1.B.cif,1.A,1.A
ame:1hzl__1__1.A__1.B,1hzl__1__1.A__1.B,structures/ame/1hzl__1__1.A__1.B.cif,1.A,1.A
ame:1i6k__1__2.A__2.J,1i6k__1__2.A__2.J,structures/ame/1i6k__1__2.A__2.J.cif,2.A,2.A
ame:1i6m__1__2.A__2.J,1i6m__1__2.A__2.J,structures/ame/1i6m__1__2.A__2.J.cif,2.A,2.A
ame:1i8n__1__1.A__1.D,1i8n__1__1.A__1.D,structures/ame/1i8n__1__1.A__1.D.cif,1.A,1.A
ame:1it8__1__1.A__1.E,1it8__1__1.A__1.E,structures/ame/1it8__1__1.A__1.E.cif,1.A,1.A
ame:1j0b__11__1.V__1.TA,1j0b__11__1.V__1.TA,structures/ame/1j0b__11__1.V__1.TA.cif,1.V,1.V
ame:1j0c__1__1.B__1.F,1j0c__1__1.B__1.F,structures/ame/1j0c__1__1.B__1.F.cif,1.B,1.B
ame:1j0d__1__1.A__1.E,1j0d__1__1.A__1.E,structures/ame/1j0d__1__1.A__1.E.cif,1.A,1.A
ame:1j0n__1__1.A__1.B,1j0n__1__1.A__1.B,structures/ame/1j0n__1__1.A__1.B.cif,1.A,1.A
ame:1j5i__1__1.A__1.B,1j5i__1__1.A__1.B,structures/ame/1j5i__1__1.A__1.B.cif,1.A,1.A
ame:1jbw__1__1.A__1.E,1jbw__1__1.A__1.E,structures/ame/1jbw__1__1.A__1.E.cif,1.A,1.A
ame:1jh7__1__1.A__1.F,1jh7__1__1.A__1.F,structures/ame/1jh7__1__1.A__1.F.cif,1.A,1.A
ame:1jhp__1__1.A_2.A__1.D,1jhp__1__1.A_2.A__1.D,structures/ame/1jhp__1__1.A_2.A__1.D.cif,"1.A,2.A","1.A,2.A"
ame:1jie__1__1.A_1.B__1.C,1jie__1__1.A_1.B__1.C,structures/ame/1jie__1__1.A_1.B__1.C.cif,"1.A,1.B","1.A,1.B"
ame:1jii__2__2.A__2.B,1jii__2__2.A__2.B,structures/ame/1jii__2__2.A__2.B.cif,2.A,2.A
ame:1jij__2__2.A__2.B,1jij__2__2.A__2.B,structures/ame/1jij__2__2.A__2.B.cif,2.A,2.A
ame:1jik__2__2.A__2.B,1jik__2__2.A__2.B,structures/ame/1jik__2__2.A__2.B.cif,2.A,2.A
ame:1jil__1__2.A__2.B,1jil__1__2.A__2.B,structures/ame/1jil__1__2.A__2.B.cif,2.A,2.A
ame:1jp3__1__1.A__1.C,1jp3__1__1.A__1.C,structures/ame/1jp3__1__1.A__1.C.cif,1.A,1.A
ame:1js8__1__1.A__1.C,1js8__1__1.A__1.C,structures/ame/1js8__1__1.A__1.C.cif,1.A,1.A
ame:1js8__1__1.A__1.F,1js8__1__1.A__1.F,structures/ame/1js8__1__1.A__1.F.cif,1.A,1.A
ame:1js8__2__1.B__1.D,1js8__2__1.B__1.D,structures/ame/1js8__2__1.B__1.D.cif,1.B,1.B
ame:1js8__2__1.B__1.E,1js8__2__1.B__1.E,structures/ame/1js8__2__1.B__1.E.cif,1.B,1.B
ame:1k9f__1__1.A__1.B,1k9f__1__1.A__1.B,structures/ame/1k9f__1__1.A__1.B.cif,1.A,1.A
ame:1kb9__1__1.C__1.N,1kb9__1__1.C__1.N,structures/ame/1kb9__1__1.C__1.N.cif,1.C,1.C
ame:1kb9__1__1.C__1.P,1kb9__1__1.C__1.P,structures/ame/1kb9__1__1.C__1.P.cif,1.C,1.C
ame:1kf6__3__1.F_1.G_1.H__1.Z,1kf6__3__1.F_1.G_1.H__1.Z,structures/ame/1kf6__3__1.F_1.G_1.H__1.Z.cif,"1.F,1.G,1.H","1.F,1.G,1.H"
ame:1kfy__1__1.B_1.C_1.D__1.N,1kfy__1__1.B_1.C_1.D__1.N,structures/ame/1kfy__1__1.B_1.C_1.D__1.N.cif,"1.B,1.C,1.D","1.B,1.C,1.D"
ame:1kmm__2__1.D__1.H,1kmm__2__1.D__1.H,structures/ame/1kmm__2__1.D__1.H.cif,1.D,1.D
ame:1ktw__1__1.A__1.C,1ktw__1__1.A__1.C,structures/ame/1ktw__1__1.A__1.C.cif,1.A,1.A
ame:1ktw__1__1.A__1.D,1ktw__1__1.A__1.D,structures/ame/1ktw__1__1.A__1.D.cif,1.A,1.A
ame:1kyo__1__1.N__1.DA,1kyo__1__1.N__1.DA,structures/ame/1kyo__1__1.N__1.DA.cif,1.N,1.N
ame:1kyy__2__1.B_1.C__1.K,1kyy__2__1.B_1.C__1.K,structures/ame/1kyy__2__1.B_1.C__1.K.cif,"1.C,1.B","1.C,1.B"
ame:1l0v__3__1.G_1.H__1.Z,1l0v__3__1.G_1.H__1.Z,structures/ame/1l0v__3__1.G_1.H__1.Z.cif,"1.G,1.H","1.G,1.H"
ame:1l4e__1__1.A_2.A__1.B,1l4e__1__1.A_2.A__1.B,structures/ame/1l4e__1__1.A_2.A__1.B.cif,"1.A,2.A","1.A,2.A"
ame:1l8l__1__1.A__1.C,1l8l__1__1.A__1.C,structures/ame/1l8l__1__1.A__1.C.cif,1.A,1.A
ame:1lhw__1__2.A__2.C,1lhw__1__2.A__2.C,structures/ame/1lhw__1__2.A__2.C.cif,2.A,2.A
ame:1lke__1__1.A__1.B,1lke__1__1.A__1.B,structures/ame/1lke__1__1.A__1.B.cif,1.A,1.A
ame:1lnm__1__1.A__1.B,1lnm__1__1.A__1.B,structures/ame/1lnm__1__1.A__1.B.cif,1.A,1.A
ame:1lsp__1__1.A__1.B,1lsp__1__1.A__1.B,structures/ame/1lsp__1__1.A__1.B.cif,1.A,1.A
ame:1m18__1__1.I__1.O,1m18__1__1.I__1.O,structures/ame/1m18__1__1.I__1.O.cif,1.I,1.I
ame:1m51__1__1.A__1.D,1m51__1__1.A__1.D,structures/ame/1m51__1__1.A__1.D.cif,1.A,1.A
ame:1m5w__1__1.B_1.G__1.P,1m5w__1__1.B_1.G__1.P,structures/ame/1m5w__1__1.B_1.G__1.P.cif,"1.B,1.G","1.B,1.G"
ame:1maw__3__1.F__1.L,1maw__3__1.F__1.L,structures/ame/1maw__3__1.F__1.L.cif,1.F,1.F
ame:1mb2__1__1.A__1.G,1mb2__1__1.A__1.G,structures/ame/1mb2__1__1.A__1.G.cif,1.A,1.A
ame:1mbu__2__1.B__1.J,1mbu__2__1.B__1.J,structures/ame/1mbu__2__1.B__1.J.cif,1.B,1.B
ame:1mbu__2__1.D__1.L,1mbu__2__1.D__1.L,structures/ame/1mbu__2__1.D__1.L.cif,1.D,1.D
ame:1mbx__2__1.B__1.L,1mbx__2__1.B__1.L,structures/ame/1mbx__2__1.B__1.L.cif,1.B,1.B
ame:1mka__1__1.A_1.B__1.C,1mka__1__1.A_1.B__1.C,structures/ame/1mka__1__1.A_1.B__1.C.cif,"1.A,1.B","1.A,1.B"
ame:1mo9__1__1.A_1.B__1.D,1mo9__1__1.A_1.B__1.D,structures/ame/1mo9__1__1.A_1.B__1.D.cif,"1.A,1.B","1.A,1.B"
ame:1mo9__1__1.A_1.B__1.E,1mo9__1__1.A_1.B__1.E,structures/ame/1mo9__1__1.A_1.B__1.E.cif,"1.A,1.B","1.A,1.B"
ame:1n0u__1__1.A__1.B,1n0u__1__1.A__1.B,structures/ame/1n0u__1__1.A__1.B.cif,1.A,1.A
ame:1n50__1__1.A_1.B__1.D,1n50__1__1.A_1.B__1.D,structures/ame/1n50__1__1.A_1.B__1.D.cif,"1.B,1.A","1.B,1.A"
ame:1n7i__1__1.A__1.C,1n7i__1__1.A__1.C,structures/ame/1n7i__1__1.A__1.C.cif,1.A,1.A
ame:1n7j__1__1.A__1.C,1n7j__1__1.A__1.C,structures/ame/1n7j__1__1.A__1.C.cif,1.A,1.A
ame:1nco__1__1.A_1.B__1.D,1nco__1__1.A_1.B__1.D,structures/ame/1nco__1__1.A_1.B__1.D.cif,"1.A,1.B","1.A,1.B"
ame:1ndv__1__1.A__1.C,1ndv__1__1.A__1.C,structures/ame/1ndv__1__1.A__1.C.cif,1.A,1.A
ame:1ndw__1__1.A__1.C,1ndw__1__1.A__1.C,structures/ame/1ndw__1__1.A__1.C.cif,1.A,1.A
ame:1ndy__1__1.A__1.C,1ndy__1__1.A__1.C,structures/ame/1ndy__1__1.A__1.C.cif,1.A,1.A
ame:1ndz__1__1.A__1.C,1ndz__1__1.A__1.C,structures/ame/1ndz__1__1.A__1.C.cif,1.A,1.A
ame:1nfv__2__3.D__3.RA,1nfv__2__3.D__3.RA,structures/ame/1nfv__2__3.D__3.RA.cif,3.D,3.D
ame:1nhx__1__1.A__1.E,1nhx__1__1.A__1.E,structures/ame/1nhx__1__1.A__1.E.cif,1.A,1.A
ame:1nqh__1__1.A__1.F,1nqh__1__1.A__1.F,structures/ame/1nqh__1__1.A__1.F.cif,1.A,1.A
ame:1nqv__1__11.C_11.D__11.K,1nqv__1__11.C_11.D__11.K,structures/ame/1nqv__1__11.C_11.D__11.K.cif,"11.C,11.D","11.C,11.D"
ame:1nqw__1__6.C_6.D__6.H,1nqw__1__6.C_6.D__6.H,structures/ame/1nqw__1__6.C_6.D__6.H.cif,"6.C,6.D","6.C,6.D"
ame:1nx9__1__1.C__1.I,1nx9__1__1.C__1.I,structures/ame/1nx9__1__1.C__1.I.cif,1.C,1.C
ame:1o5p__1__1.A__1.B,1o5p__1__1.A__1.B,structures/ame/1o5p__1__1.A__1.B.cif,1.A,1.A
ame:1o5r__1__1.A__1.C,1o5r__1__1.A__1.C,structures/ame/1o5r__1__1.A__1.C.cif,1.A,1.A
ame:1o6e__1__2.B__2.D,1o6e__1__2.B__2.D,structures/ame/1o6e__1__2.B__2.D.cif,2.B,2.B
ame:1o6h__1__1.A__1.E,1o6h__1__1.A__1.E,structures/ame/1o6h__1__1.A__1.E.cif,1.A,1.A
ame:1o6h__1__2.B__2.G,1o6h__1__2.B__2.G,structures/ame/1o6h__1__2.B__2.G.cif,2.B,2.B
ame:1o6h__2__2.A__2.E,1o6h__2__2.A__2.E,structures/ame/1o6h__2__2.A__2.E.cif,2.A,2.A
ame:1o6h__3__1.C__1.I,1o6h__3__1.C__1.I,structures/ame/1o6h__3__1.C__1.I.cif,1.C,1.C
ame:1o6h__3__2.C__2.I,1o6h__3__2.C__2.I,structures/ame/1o6h__3__2.C__2.I.cif,2.C,2.C
ame:1o6q__1__1.A__1.E,1o6q__1__1.A__1.E,structures/ame/1o6q__1__1.A__1.E.cif,1.A,1.A
ame:1o6q__2__2.A__2.E,1o6q__2__2.A__2.E,structures/ame/1o6q__2__2.A__2.E.cif,2.A,2.A
ame:1o6q__3__1.C__1.I,1o6q__3__1.C__1.I,structures/ame/1o6q__3__1.C__1.I.cif,1.C,1.C
ame:1o6q__3__2.C__2.I,1o6q__3__2.C__2.I,structures/ame/1o6q__3__2.C__2.I.cif,2.C,2.C
ame:1o6r__1__1.A__1.E,1o6r__1__1.A__1.E,structures/ame/1o6r__1__1.A__1.E.cif,1.A,1.A
ame:1o6r__1__2.B__2.G,1o6r__1__2.B__2.G,structures/ame/1o6r__1__2.B__2.G.cif,2.B,2.B
ame:1o6r__2__1.B__1.G,1o6r__2__1.B__1.G,structures/ame/1o6r__2__1.B__1.G.cif,1.B,1.B
ame:1o6r__2__2.A__2.E,1o6r__2__2.A__2.E,structures/ame/1o6r__2__2.A__2.E.cif,2.A,2.A
ame:1o6r__3__1.C__1.I,1o6r__3__1.C__1.I,structures/ame/1o6r__3__1.C__1.I.cif,1.C,1.C
ame:1o6r__3__2.C__2.I,1o6r__3__2.C__2.I,structures/ame/1o6r__3__2.C__2.I.cif,2.C,2.C
ame:1o79__1__1.A__1.E,1o79__1__1.A__1.E,structures/ame/1o79__1__1.A__1.E.cif,1.A,1.A
ame:1o79__1__2.B__2.G,1o79__1__2.B__2.G,structures/ame/1o79__1__2.B__2.G.cif,2.B,2.B
ame:1o79__2__2.A__2.E,1o79__2__2.A__2.E,structures/ame/1o79__2__2.A__2.E.cif,2.A,2.A
ame:1o79__3__1.C__1.I,1o79__3__1.C__1.I,structures/ame/1o79__3__1.C__1.I.cif,1.C,1.C
ame:1o79__3__2.C__2.I,1o79__3__2.C__2.I,structures/ame/1o79__3__2.C__2.I.cif,2.C,2.C
ame:1of4__1__1.A__1.B,1of4__1__1.A__1.B,structures/ame/1of4__1__1.A__1.B.cif,1.A,1.A
ame:1oh4__1__1.A__1.B,1oh4__1__1.A__1.B,structures/ame/1oh4__1__1.A__1.B.cif,1.A,1.A
ame:1oip__1__1.A__1.D,1oip__1__1.A__1.D,structures/ame/1oip__1__1.A__1.D.cif,1.A,1.A
ame:1oxm__1__1.A__1.C,1oxm__1__1.A__1.C,structures/ame/1oxm__1__1.A__1.C.cif,1.A,1.A
ame:1p4a__1__1.A_1.B__1.E,1p4a__1__1.A_1.B__1.E,structures/ame/1p4a__1__1.A_1.B__1.E.cif,"1.A,1.B","1.A,1.B"
ame:1p4r__1__1.A_1.B__1.F,1p4r__1__1.A_1.B__1.F,structures/ame/1p4r__1__1.A_1.B__1.F.cif,"1.A,1.B","1.A,1.B"
ame:1p6w__1__1.A__1.B,1p6w__1__1.A__1.B,structures/ame/1p6w__1__1.A__1.B.cif,1.A,1.A
ame:1p6w__1__1.A__1.D,1p6w__1__1.A__1.D,structures/ame/1p6w__1__1.A__1.D.cif,1.A,1.A
ame:1p7m__1__1.A__1.C,1p7m__1__1.A__1.C,structures/ame/1p7m__1__1.A__1.C.cif,1.A,1.A
ame:1p84__1__2.C__2.N,1p84__1__2.C__2.N,structures/ame/1p84__1__2.C__2.N.cif,2.C,2.C
ame:1pbo__1__1.A__1.C,1pbo__1__1.A__1.C,structures/ame/1pbo__1__1.A__1.C.cif,1.A,1.A
ame:1pj6__1__2.A__2.C,1pj6__1__2.A__2.C,structures/ame/1pj6__1__2.A__2.C.cif,2.A,2.A
ame:1pj6__1__2.A__2.D,1pj6__1__2.A__2.D,structures/ame/1pj6__1__2.A__2.D.cif,2.A,2.A
ame:1pj7__1__3.A__3.D,1pj7__1__3.A__3.D,structures/ame/1pj7__1__3.A__3.D.cif,3.A,3.A
ame:1pj7__1__4.A__4.C,1pj7__1__4.A__4.C,structures/ame/1pj7__1__4.A__4.C.cif,4.A,4.A
ame:1pjx__1__1.A__1.R,1pjx__1__1.A__1.R,structures/ame/1pjx__1__1.A__1.R.cif,1.A,1.A
ame:1pl0__2__1.C_1.D__1.K,1pl0__2__1.C_1.D__1.K,structures/ame/1pl0__2__1.C_1.D__1.K.cif,"1.C,1.D","1.C,1.D"
ame:1pv7__1__1.A__1.C,1pv7__1__1.A__1.C,structures/ame/1pv7__1__1.A__1.C.cif,1.A,1.A
ame:1pz2__1__1.A__1.C,1pz2__1__1.A__1.C,structures/ame/1pz2__1__1.A__1.C.cif,1.A,1.A
ame:1q6i__1__1.B__1.D,1q6i__1__1.B__1.D,structures/ame/1q6i__1__1.B__1.D.cif,1.B,1.B
ame:1qcw__1__1.B__1.D,1qcw__1__1.B__1.D,structures/ame/1qcw__1__1.B__1.D.cif,1.B,1.B
ame:1qhi__1__1.A__1.D,1qhi__1__1.A__1.D,structures/ame/1qhi__1__1.A__1.D.cif,1.A,1.A
ame:1qks__1__1.B__1.L,1qks__1__1.B__1.L,structures/ame/1qks__1__1.B__1.L.cif,1.B,1.B
ame:1qmg__2__1.D__1.R,1qmg__2__1.D__1.R,structures/ame/1qmg__2__1.D__1.R.cif,1.D,1.D
ame:1qnl__1__1.A__1.B,1qnl__1__1.A__1.B,structures/ame/1qnl__1__1.A__1.B.cif,1.A,1.A
ame:1qo0__1__2.A__2.E,1qo0__1__2.A__2.E,structures/ame/1qo0__1__2.A__2.E.cif,2.A,2.A
ame:1qpb__2__1.A__1.E,1qpb__2__1.A__1.E,structures/ame/1qpb__2__1.A__1.E.cif,1.A,1.A
ame:1qu2__1__1.B__1.P,1qu2__1__1.B__1.P,structures/ame/1qu2__1__1.B__1.P.cif,1.B,1.B
ame:1qu3__1__1.B__1.D,1qu3__1__1.B__1.D,structures/ame/1qu3__1__1.B__1.D.cif,1.B,1.B
ame:1qut__1__1.A__1.B,1qut__1__1.A__1.B,structures/ame/1qut__1__1.A__1.B.cif,1.A,1.A
ame:1qw8__1__1.B__1.D,1qw8__1__1.B__1.D,structures/ame/1qw8__1__1.B__1.D.cif,1.B,1.B
ame:1qw9__1__1.A__1.C,1qw9__1__1.A__1.C,structures/ame/1qw9__1__1.A__1.C.cif,1.A,1.A
ame:1qx6__1__1.A__1.B,1qx6__1__1.A__1.B,structures/ame/1qx6__1__1.A__1.B.cif,1.A,1.A
ame:1qxl__1__1.A__1.C,1qxl__1__1.A__1.C,structures/ame/1qxl__1__1.A__1.C.cif,1.A,1.A
ame:1qzr__1__1.A_1.B__1.F,1qzr__1__1.A_1.B__1.F,structures/ame/1qzr__1__1.A_1.B__1.F.cif,"1.A,1.B","1.A,1.B"
ame:1r5l__1__1.A__1.B,1r5l__1__1.A__1.B,structures/ame/1r5l__1__1.A__1.B.cif,1.A,1.A
ame:1r6o__2__1.B__1.K,1r6o__2__1.B__1.K,structures/ame/1r6o__2__1.B__1.K.cif,1.B,1.B
ame:1r6q__3__1.B__1.I,1r6q__3__1.B__1.I,structures/ame/1r6q__3__1.B__1.I.cif,1.B,1.B
ame:1r6t__1__1.A__1.C,1r6t__1__1.A__1.C,structures/ame/1r6t__1__1.A__1.C.cif,1.A,1.A
ame:1r6u__1__1.A__1.C,1r6u__1__1.A__1.C,structures/ame/1r6u__1__1.A__1.C.cif,1.A,1.A
ame:1rp8__1__1.A__1.D,1rp8__1__1.A__1.D,structures/ame/1rp8__1__1.A__1.D.cif,1.A,1.A
ame:1rp9__1__1.A__1.B,1rp9__1__1.A__1.B,structures/ame/1rp9__1__1.A__1.B.cif,1.A,1.A
ame:1rp9__1__1.A__1.D,1rp9__1__1.A__1.D,structures/ame/1rp9__1__1.A__1.D.cif,1.A,1.A
ame:1rpk__1__1.A__1.B,1rpk__1__1.A__1.B,structures/ame/1rpk__1__1.A__1.B.cif,1.A,1.A
ame:1rvv__2__2.CA_2.DA__2.LC,1rvv__2__2.CA_2.DA__2.LC,structures/ame/1rvv__2__2.CA_2.DA__2.LC.cif,"2.CA,2.DA","2.CA,2.DA"
ame:1s1s__1__1.B__1.C,1s1s__1__1.B__1.C,structures/ame/1s1s__1__1.B__1.C.cif,1.B,1.B
ame:1s9r__1__1.B__1.I,1s9r__1__1.B__1.I,structures/ame/1s9r__1__1.B__1.I.cif,1.B,1.B
ame:1sdx__1__1.A__1.C,1sdx__1__1.A__1.C,structures/ame/1sdx__1__1.A__1.C.cif,1.A,1.A
ame:1sdx__1__1.A__1.D,1sdx__1__1.A__1.D,structures/ame/1sdx__1__1.A__1.D.cif,1.A,1.A
ame:1sdx__1__1.A__1.E,1sdx__1__1.A__1.E,structures/ame/1sdx__1__1.A__1.E.cif,1.A,1.A
ame:1seu__1__1.D__1.E,1seu__1__1.D__1.E,structures/ame/1seu__1__1.D__1.E.cif,1.D,1.D
ame:1sly__1__1.A__1.B,1sly__1__1.A__1.B,structures/ame/1sly__1__1.A__1.B.cif,1.A,1.A
ame:1std__1__1.A__1.C,1std__1__1.A__1.C,structures/ame/1std__1__1.A__1.C.cif,1.A,1.A
ame:1t8i__1__1.D__1.E,1t8i__1__1.D__1.E,structures/ame/1t8i__1__1.D__1.E.cif,1.D,1.D
ame:1tl8__1__1.D__1.E,1tl8__1__1.D__1.E,structures/ame/1tl8__1__1.D__1.E.cif,1.D,1.D
ame:1tmk__1__1.B__1.E,1tmk__1__1.B__1.E,structures/ame/1tmk__1__1.B__1.E.cif,1.B,1.B
ame:1tyw__1__1.A__1.B,1tyw__1__1.A__1.B,structures/ame/1tyw__1__1.A__1.B.cif,1.A,1.A
ame:1tyx__1__1.A__1.B,1tyx__1__1.A__1.B,structures/ame/1tyx__1__1.A__1.B.cif,1.A,1.A
ame:1u2r__1__1.A__1.C,1u2r__1__1.A__1.C,structures/ame/1u2r__1__1.A__1.C.cif,1.A,1.A
ame:1u2r__1__1.A__1.D,1u2r__1__1.A__1.D,structures/ame/1u2r__1__1.A__1.D.cif,1.A,1.A
ame:1ub3__1__1.D__1.H,1ub3__1__1.D__1.H,structures/ame/1ub3__1__1.D__1.H.cif,1.D,1.D
ame:1uk0__1__1.A__1.C,1uk0__1__1.A__1.C,structures/ame/1uk0__1__1.A__1.C.cif,1.A,1.A
ame:1uk1__1__1.A__1.C,1uk1__1__1.A__1.C,structures/ame/1uk1__1__1.A__1.C.cif,1.A,1.A
ame:1ump__1__1.A__1.E,1ump__1__1.A__1.E,structures/ame/1ump__1__1.A__1.E.cif,1.A,1.A
ame:1ump__1__2.B__2.H,1ump__1__2.B__2.H,structures/ame/1ump__1__2.B__2.H.cif,2.B,2.B
ame:1ump__2__1.B__1.H,1ump__2__1.B__1.H,structures/ame/1ump__2__1.B__1.H.cif,1.B,1.B
ame:1ump__2__2.A__2.E,1ump__2__2.A__2.E,structures/ame/1ump__2__2.A__2.E.cif,2.A,2.A
ame:1ump__3__1.C__1.K,1ump__3__1.C__1.K,structures/ame/1ump__3__1.C__1.K.cif,1.C,1.C
ame:1ump__3__2.C__2.K,1ump__3__2.C__2.K,structures/ame/1ump__3__2.C__2.K.cif,2.C,2.C
ame:1un9__1__1.A__1.F,1un9__1__1.A__1.F,structures/ame/1un9__1__1.A__1.F.cif,1.A,1.A
ame:1uod__1__1.A__1.C,1uod__1__1.A__1.C,structures/ame/1uod__1__1.A__1.C.cif,1.A,1.A
ame:1ur1__1__1.A__1.B,1ur1__1__1.A__1.B,structures/ame/1ur1__1__1.A__1.B.cif,1.A,1.A
ame:1usq__1__1.A__1.K,1usq__1__1.A__1.K,structures/ame/1usq__1__1.A__1.K.cif,1.A,1.A
ame:1uwf__1__1.A__1.B,1uwf__1__1.A__1.B,structures/ame/1uwf__1__1.A__1.B.cif,1.A,1.A
ame:1v0y__1__1.A__1.B,1v0y__1__1.A__1.B,structures/ame/1v0y__1__1.A__1.B.cif,1.A,1.A
ame:1v7a__1__1.A__1.C,1v7a__1__1.A__1.C,structures/ame/1v7a__1__1.A__1.C.cif,1.A,1.A
ame:1vj5__1__1.A__1.E,1vj5__1__1.A__1.E,structures/ame/1vj5__1__1.A__1.E.cif,1.A,1.A
ame:1vr0__1__1.A__1.E,1vr0__1__1.A__1.E,structures/ame/1vr0__1__1.A__1.E.cif,1.A,1.A
ame:1w19__1__1.A_1.B__1.H,1w19__1__1.A_1.B__1.H,structures/ame/1w19__1__1.A_1.B__1.H.cif,"1.A,1.B","1.A,1.B"
ame:1w19__1__1.C_1.D__1.T,1w19__1__1.C_1.D__1.T,structures/ame/1w19__1__1.C_1.D__1.T.cif,"1.D,1.C","1.D,1.C"
ame:1w19__1__2.A_2.E__2.EA,1w19__1__2.A_2.E__2.EA,structures/ame/1w19__1__2.A_2.E__2.EA.cif,"2.A,2.E","2.A,2.E"
ame:1w19__1__2.B_2.C__2.N,1w19__1__2.B_2.C__2.N,structures/ame/1w19__1__2.B_2.C__2.N.cif,"2.B,2.C","2.B,2.C"
ame:1w29__1__1.C_1.D__1.P,1w29__1__1.C_1.D__1.P,structures/ame/1w29__1__1.C_1.D__1.P.cif,"1.C,1.D","1.C,1.D"
ame:1w29__1__1.D_1.E__1.U,1w29__1__1.D_1.E__1.U,structures/ame/1w29__1__1.D_1.E__1.U.cif,"1.D,1.E","1.D,1.E"
ame:1w8y__1__1.A__1.K,1w8y__1__1.A__1.K,structures/ame/1w8y__1__1.A__1.K.cif,1.A,1.A
ame:1w8y__2__1.B__1.P,1w8y__2__1.B__1.P,structures/ame/1w8y__2__1.B__1.P.cif,1.B,1.B
ame:1w8y__4__1.D__1.BA,1w8y__4__1.D__1.BA,structures/ame/1w8y__4__1.D__1.BA.cif,1.D,1.D
ame:1wma__1__1.A__1.J,1wma__1__1.A__1.J,structures/ame/1wma__1__1.A__1.J.cif,1.A,1.A
ame:1wok__1__1.C__1.G,1wok__1__1.C__1.G,structures/ame/1wok__1__1.C__1.G.cif,1.C,1.C
ame:1woo__1__1.A__1.B,1woo__1__1.A__1.B,structures/ame/1woo__1__1.A__1.B.cif,1.A,1.A
ame:1wop__1__1.A__1.B,1wop__1__1.A__1.B,structures/ame/1wop__1__1.A__1.B.cif,1.A,1.A
ame:1wor__1__1.A__1.B,1wor__1__1.A__1.B,structures/ame/1wor__1__1.A__1.B.cif,1.A,1.A
ame:1wxy__1__1.A__1.C,1wxy__1__1.A__1.C,structures/ame/1wxy__1__1.A__1.C.cif,1.A,1.A
ame:1x1i__1__1.A__1.B,1x1i__1__1.A__1.B,structures/ame/1x1i__1__1.A__1.B.cif,1.A,1.A
ame:1x1j__1__1.A__1.B,1x1j__1__1.A__1.B,structures/ame/1x1j__1__1.A__1.B.cif,1.A,1.A
ame:1x89__1__1.A__1.D,1x89__1__1.A__1.D,structures/ame/1x89__1__1.A__1.D.cif,1.A,1.A
ame:1x8b__1__1.A__1.D,1x8b__1__1.A__1.D,structures/ame/1x8b__1__1.A__1.D.cif,1.A,1.A
ame:1x8u__3__1.C__1.F,1x8u__3__1.C__1.F,structures/ame/1x8u__3__1.C__1.F.cif,1.C,1.C
ame:1x9p__1__56.A__56.D,1x9p__1__56.A__56.D,structures/ame/1x9p__1__56.A__56.D.cif,56.A,56.A
ame:1xco__4__1.F_2.F__2.FA,1xco__4__1.F_2.F__2.FA,structures/ame/1xco__4__1.F_2.F__2.FA.cif,"1.F,2.F","1.F,2.F"
ame:1xrk__1__1.A_1.B__1.G,1xrk__1__1.A_1.B__1.G,structures/ame/1xrk__1__1.A_1.B__1.G.cif,"1.B,1.A","1.B,1.A"
ame:1xws__1__1.A__1.C,1xws__1__1.A__1.C,structures/ame/1xws__1__1.A__1.C.cif,1.A,1.A
ame:1xzk__2__1.B__1.D,1xzk__2__1.B__1.D,structures/ame/1xzk__2__1.B__1.D.cif,1.B,1.B
ame:1xzl__1__1.A__1.B,1xzl__1__1.A__1.B,structures/ame/1xzl__1__1.A__1.B.cif,1.A,1.A
ame:1xzm__1__1.A__1.B,1xzm__1__1.A__1.B,structures/ame/1xzm__1__1.A__1.B.cif,1.A,1.A
ame:1y2f__1__1.A__1.B,1y2f__1__1.A__1.B,structures/ame/1y2f__1__1.A__1.B.cif,1.A,1.A
ame:1y2g__1__1.A__1.C,1y2g__1__1.A__1.C,structures/ame/1y2g__1__1.A__1.C.cif,1.A,1.A
ame:1y3n__1__1.A__1.B,1y3n__1__1.A__1.B,structures/ame/1y3n__1__1.A__1.B.cif,1.A,1.A
ame:1y3p__1__1.A__1.B,1y3p__1__1.A__1.B,structures/ame/1y3p__1__1.A__1.B.cif,1.A,1.A
ame:1ybk__1__1.C_1.D__1.G,1ybk__1__1.C_1.D__1.G,structures/ame/1ybk__1__1.C_1.D__1.G.cif,"1.D,1.C","1.D,1.C"
ame:1ycd__2__1.B__1.D,1ycd__2__1.B__1.D,structures/ame/1ycd__2__1.B__1.D.cif,1.B,1.B
ame:1yi3__1__1.A__1.B,1yi3__1__1.A__1.B,structures/ame/1yi3__1__1.A__1.B.cif,1.A,1.A
ame:1yi4__1__1.A__1.B,1yi4__1__1.A__1.B,structures/ame/1yi4__1__1.A__1.B.cif,1.A,1.A
ame:1ylh__1__1.A__1.E,1ylh__1__1.A__1.E,structures/ame/1ylh__1__1.A__1.E.cif,1.A,1.A
ame:1ylh__1__1.A__1.H,1ylh__1__1.A__1.H,structures/ame/1ylh__1__1.A__1.H.cif,1.A,1.A
ame:1ynh__2__1.B__1.H,1ynh__2__1.B__1.H,structures/ame/1ynh__2__1.B__1.H.cif,1.B,1.B
ame:1yni__2__1.C__1.J,1yni__2__1.C__1.J,structures/ame/1yni__2__1.C__1.J.cif,1.C,1.C
ame:1yns__1__1.A__1.E,1yns__1__1.A__1.E,structures/ame/1yns__1__1.A__1.E.cif,1.A,1.A
ame:1zd2__1__1.A__1.D,1zd2__1__1.A__1.D,structures/ame/1zd2__1__1.A__1.D.cif,1.A,1.A
ame:1zd3__1__1.A__1.E,1zd3__1__1.A__1.E,structures/ame/1zd3__1__1.A__1.E.cif,1.A,1.A
ame:1zd4__1__1.A__1.D,1zd4__1__1.A__1.D,structures/ame/1zd4__1__1.A__1.D.cif,1.A,1.A
ame:1zd5__1__1.A__1.D,1zd5__1__1.A__1.D,structures/ame/1zd5__1__1.A__1.D.cif,1.A,1.A
ame:1zdy__1__1.A__1.B,1zdy__1__1.A__1.B,structures/ame/1zdy__1__1.A__1.B.cif,1.A,1.A
ame:1zis__2__1.H_1.I__1.BA,1zis__2__1.H_1.I__1.BA,structures/ame/1zis__2__1.H_1.I__1.BA.cif,"1.H,1.I","1.H,1.I"
ame:2a59__1__1.B_1.C__1.K,2a59__1__1.B_1.C__1.K,structures/ame/2a59__1__1.B_1.C__1.K.cif,"1.B,1.C","1.B,1.C"
ame:2a9d__1__1.B__1.I,2a9d__1__1.B__1.I,structures/ame/2a9d__1__1.B__1.I.cif,1.B,1.B
ame:2b4m__1__1.A__1.C,2b4m__1__1.A__1.C,structures/ame/2b4m__1__1.A__1.C.cif,1.A,1.A
ame:2b76__1__1.C_1.D__1.N,2b76__1__1.C_1.D__1.N,structures/ame/2b76__1__1.C_1.D__1.N.cif,"1.C,1.D","1.C,1.D"
ame:2bes__1__1.A_1.B__1.F,2bes__1__1.A_1.B__1.F,structures/ame/2bes__1__1.A_1.B__1.F.cif,"1.A,1.B","1.A,1.B"
ame:2bet__3__1.E_2.E__2.J,2bet__3__1.E_2.E__2.J,structures/ame/2bet__3__1.E_2.E__2.J.cif,"1.E,2.E","1.E,2.E"
ame:2bik__1__1.A__1.B,2bik__1__1.A__1.B,structures/ame/2bik__1__1.A__1.B.cif,1.A,1.A
ame:2bml__1__1.B__1.F,2bml__1__1.B__1.F,structures/ame/2bml__1__1.B__1.F.cif,1.B,1.B
ame:2bow__2__1.A__1.D,2bow__2__1.A__1.D,structures/ame/2bow__2__1.A__1.D.cif,1.A,1.A
ame:2bvd__1__1.A__1.B,2bvd__1__1.A__1.B,structures/ame/2bvd__1__1.A__1.B.cif,1.A,1.A
ame:2c3d__1__1.A_1.B__1.C,2c3d__1__1.A_1.B__1.C,structures/ame/2c3d__1__1.A_1.B__1.C.cif,"1.A,1.B","1.A,1.B"
ame:2c7f__1__1.A__1.G,2c7f__1__1.A__1.G,structures/ame/2c7f__1__1.A__1.G.cif,1.A,1.A
ame:2c7f__2__1.B__1.H,2c7f__2__1.B__1.H,structures/ame/2c7f__2__1.B__1.H.cif,1.B,1.B
ame:2c7f__3__1.C__1.I,2c7f__3__1.C__1.I,structures/ame/2c7f__3__1.C__1.I.cif,1.C,1.C
ame:2c7f__4__1.D__1.J,2c7f__4__1.D__1.J,structures/ame/2c7f__4__1.D__1.J.cif,1.D,1.D
ame:2c7f__5__1.E__1.K,2c7f__5__1.E__1.K,structures/ame/2c7f__5__1.E__1.K.cif,1.E,1.E
ame:2c7f__6__1.F__1.L,2c7f__6__1.F__1.L,structures/ame/2c7f__6__1.F__1.L.cif,1.F,1.F
ame:2c8n__1__1.A__1.G,2c8n__1__1.A__1.G,structures/ame/2c8n__1__1.A__1.G.cif,1.A,1.A
ame:2c8n__2__1.B__1.H,2c8n__2__1.B__1.H,structures/ame/2c8n__2__1.B__1.H.cif,1.B,1.B
ame:2c8n__3__1.C__1.I,2c8n__3__1.C__1.I,structures/ame/2c8n__3__1.C__1.I.cif,1.C,1.C
ame:2c8n__5__1.E__1.K,2c8n__5__1.E__1.K,structures/ame/2c8n__5__1.E__1.K.cif,1.E,1.E
ame:2c92__1__1.A_1.B__1.F,2c92__1__1.A_1.B__1.F,structures/ame/2c92__1__1.A_1.B__1.F.cif,"1.A,1.B","1.A,1.B"
ame:2c94__1__1.A_1.B__1.F,2c94__1__1.A_1.B__1.F,structures/ame/2c94__1__1.A_1.B__1.F.cif,"1.A,1.B","1.A,1.B"
ame:2c97__1__1.A_1.B__1.F,2c97__1__1.A_1.B__1.F,structures/ame/2c97__1__1.A_1.B__1.F.cif,"1.A,1.B","1.A,1.B"
ame:2c9b__2__1.F_1.J__1.RA,2c9b__2__1.F_1.J__1.RA,structures/ame/2c9b__2__1.F_1.J__1.RA.cif,"1.F,1.J","1.F,1.J"
ame:2c9d__2__1.G_1.H__1.CA,2c9d__2__1.G_1.H__1.CA,structures/ame/2c9d__2__1.G_1.H__1.CA.cif,"1.G,1.H","1.G,1.H"
ame:2cfi__1__1.A__1.E,2cfi__1__1.A__1.E,structures/ame/2cfi__1__1.A__1.E.cif,1.A,1.A
ame:2cht__3__1.G_1.I__1.S,2cht__3__1.G_1.I__1.S,structures/ame/2cht__3__1.G_1.I__1.S.cif,"1.G,1.I","1.G,1.I"
ame:2cjp__2__1.B__1.D,2cjp__2__1.B__1.D,structures/ame/2cjp__2__1.B__1.D.cif,1.B,1.B
ame:2cnc__1__1.A__1.B,2cnc__1__1.A__1.B,structures/ame/2cnc__1__1.A__1.B.cif,1.A,1.A
ame:2d43__1__1.A__1.B,2d43__1__1.A__1.B,structures/ame/2d43__1__1.A__1.B.cif,1.A,1.A
ame:2d43__1__1.A__1.C,2d43__1__1.A__1.C,structures/ame/2d43__1__1.A__1.C.cif,1.A,1.A
ame:2d44__1__1.A__1.B,2d44__1__1.A__1.B,structures/ame/2d44__1__1.A__1.B.cif,1.A,1.A
ame:2d44__1__1.A__1.D,2d44__1__1.A__1.D,structures/ame/2d44__1__1.A__1.D.cif,1.A,1.A
ame:2d5n__1__1.B__1.G,2d5n__1__1.B__1.G,structures/ame/2d5n__1__1.B__1.G.cif,1.B,1.B
ame:2d81__1__1.A__1.B,2d81__1__1.A__1.B,structures/ame/2d81__1__1.A__1.B.cif,1.A,1.A
ame:2d81__1__1.A__1.C,2d81__1__1.A__1.C,structures/ame/2d81__1__1.A__1.C.cif,1.A,1.A
ame:2daa__1__1.A_1.B__1.C,2daa__1__1.A_1.B__1.C,structures/ame/2daa__1__1.A_1.B__1.C.cif,"1.A,1.B","1.A,1.B"
ame:2dcx__1__1.A__1.B,2dcx__1__1.A__1.B,structures/ame/2dcx__1__1.A__1.B.cif,1.A,1.A
ame:2dt9__1__1.A_1.B__1.E,2dt9__1__1.A_1.B__1.E,structures/ame/2dt9__1__1.A_1.B__1.E.cif,"1.A,1.B","1.A,1.B"
ame:2dtj__2__2.A_2.B__2.D,2dtj__2__2.A_2.B__2.D,structures/ame/2dtj__2__2.A_2.B__2.D.cif,"2.A,2.B","2.A,2.B"
ame:2dtt__1__1.A_1.C__1.G,2dtt__1__1.A_1.C__1.G,structures/ame/2dtt__1__1.A_1.C__1.G.cif,"1.A,1.C","1.A,1.C"
ame:2e1r__1__1.A__1.B,2e1r__1__1.A__1.B,structures/ame/2e1r__1__1.A__1.B.cif,1.A,1.A
ame:2e5a__1__1.A__1.E,2e5a__1__1.A__1.E,structures/ame/2e5a__1__1.A__1.E.cif,1.A,1.A
ame:2e99__1__1.A__1.D,2e99__1__1.A__1.D,structures/ame/2e99__1__1.A__1.D.cif,1.A,1.A
ame:2e9a__1__1.B__1.E,2e9a__1__1.B__1.E,structures/ame/2e9a__1__1.B__1.E.cif,1.B,1.B
ame:2e9c__1__1.B__1.F,2e9c__1__1.B__1.F,structures/ame/2e9c__1__1.B__1.F.cif,1.B,1.B
ame:2e9d__1__1.B__1.E,2e9d__1__1.B__1.E,structures/ame/2e9d__1__1.B__1.E.cif,1.B,1.B
ame:2ec9__1__1.A_1.D__1.F,2ec9__1__1.A_1.D__1.F,structures/ame/2ec9__1__1.A_1.D__1.F.cif,"1.A,1.D","1.A,1.D"
ame:2ej2__1__1.C_1.F__1.M,2ej2__1__1.C_1.F__1.M,structures/ame/2ej2__1__1.C_1.F__1.M.cif,"1.F,1.C","1.F,1.C"
ame:2ej3__1__1.C_2.A__1.M,2ej3__1__1.C_2.A__1.M,structures/ame/2ej3__1__1.C_2.A__1.M.cif,"2.A,1.C","2.A,1.C"
ame:2f59__2__2.C_2.D__2.O,2f59__2__2.C_2.D__2.O,structures/ame/2f59__2__2.C_2.D__2.O.cif,"2.D,2.C","2.D,2.C"
ame:2f7a__1__1.B__1.F,2f7a__1__1.B__1.F,structures/ame/2f7a__1__1.B__1.F.cif,1.B,1.B
ame:2f7c__1__1.A__1.C,2f7c__1__1.A__1.C,structures/ame/2f7c__1__1.A__1.C.cif,1.A,1.A
ame:2f99__1__1.A_1.B__1.G,2f99__1__1.A_1.B__1.G,structures/ame/2f99__1__1.A_1.B__1.G.cif,"1.A,1.B","1.A,1.B"
ame:2f9w__1__1.A_1.B__1.C,2f9w__1__1.A_1.B__1.C,structures/ame/2f9w__1__1.A_1.B__1.C.cif,"1.A,1.B","1.A,1.B"
ame:2fak__1__1.N__1.EA,2fak__1__1.N__1.EA,structures/ame/2fak__1__1.N__1.EA.cif,1.N,1.N
ame:2fhj__1__1.A_1.B__1.I,2fhj__1__1.A_1.B__1.I,structures/ame/2fhj__1__1.A_1.B__1.I.cif,"1.A,1.B","1.A,1.B"
ame:2fhk__1__1.C_1.D__1.T,2fhk__1__1.C_1.D__1.T,structures/ame/2fhk__1__1.C_1.D__1.T.cif,"1.C,1.D","1.C,1.D"
ame:2fim__1__1.A_1.B__1.C,2fim__1__1.A_1.B__1.C,structures/ame/2fim__1__1.A_1.B__1.C.cif,"1.B,1.A","1.B,1.A"
ame:2fmt__2__1.D__1.H,2fmt__2__1.D__1.H,structures/ame/2fmt__2__1.D__1.H.cif,1.D,1.D
ame:2fp2__1__1.B__1.C,2fp2__1__1.B__1.C,structures/ame/2fp2__1__1.B__1.C.cif,1.B,1.B
ame:2g0l__1__1.A__1.B,2g0l__1__1.A__1.B,structures/ame/2g0l__1__1.A__1.B.cif,1.A,1.A
ame:2g3f__3__2.B__2.F,2g3f__3__2.B__2.F,structures/ame/2g3f__3__2.B__2.F.cif,2.B,2.B
ame:2gmv__1__1.A__1.E,2gmv__1__1.A__1.E,structures/ame/2gmv__1__1.A__1.E.cif,1.A,1.A
ame:2gtv__1__1.A__1.B,2gtv__1__1.A__1.B,structures/ame/2gtv__1__1.A__1.B.cif,1.A,1.A
ame:2guu__1__1.A_2.A__1.B,2guu__1__1.A_2.A__1.B,structures/ame/2guu__1__1.A_2.A__1.B.cif,"1.A,2.A","1.A,2.A"
ame:2h7x__1__1.A__1.F,2h7x__1__1.A__1.F,structures/ame/2h7x__1__1.A__1.F.cif,1.A,1.A
ame:2h7y__1__1.A__1.F,2h7y__1__1.A__1.F,structures/ame/2h7y__1__1.A__1.F.cif,1.A,1.A
ame:2hfj__2__2.A__2.F,2hfj__2__2.A__2.F,structures/ame/2hfj__2__2.A__2.F.cif,2.A,2.A
ame:2hfu__1__1.A__1.C,2hfu__1__1.A__1.C,structures/ame/2hfu__1__1.A__1.C.cif,1.A,1.A
ame:2hpa__1__1.A__1.F,2hpa__1__1.A__1.F,structures/ame/2hpa__1__1.A__1.F.cif,1.A,1.A
ame:2hpa__2__1.C__1.N,2hpa__2__1.C__1.N,structures/ame/2hpa__2__1.C__1.N.cif,1.C,1.C
ame:2hpa__2__1.D__1.G,2hpa__2__1.D__1.G,structures/ame/2hpa__2__1.D__1.G.cif,1.D,1.D
ame:2hpa__3__2.B__2.K,2hpa__3__2.B__2.K,structures/ame/2hpa__3__2.B__2.K.cif,2.B,2.B
ame:2i29__1__1.A_4.A__1.B,2i29__1__1.A_4.A__1.B,structures/ame/2i29__1__1.A_4.A__1.B.cif,"1.A,4.A","1.A,4.A"
ame:2i2a__1__1.A_4.A__1.B,2i2a__1__1.A_4.A__1.B,structures/ame/2i2a__1__1.A_4.A__1.B.cif,"1.A,4.A","1.A,4.A"
ame:2i2c__1__2.A_3.A__3.B,2i2c__1__2.A_3.A__3.B,structures/ame/2i2c__1__2.A_3.A__3.B.cif,"2.A,3.A","2.A,3.A"
ame:2i2d__1__1.A_4.A__1.B,2i2d__1__1.A_4.A__1.B,structures/ame/2i2d__1__1.A_4.A__1.B.cif,"1.A,4.A","1.A,4.A"
ame:2ibz__1__1.C__1.L,2ibz__1__1.C__1.L,structures/ame/2ibz__1__1.C__1.L.cif,1.C,1.C
ame:2ibz__1__1.C__1.O,2ibz__1__1.C__1.O,structures/ame/2ibz__1__1.C__1.O.cif,1.C,1.C
ame:2ijg__1__1.A__1.B,2ijg__1__1.A__1.B,structures/ame/2ijg__1__1.A__1.B.cif,1.A,1.A
ame:2ijg__1__1.A__1.C,2ijg__1__1.A__1.C,structures/ame/2ijg__1__1.A__1.C.cif,1.A,1.A
ame:2in6__1__1.A__1.B,2in6__1__1.A__1.B,structures/ame/2in6__1__1.A__1.B.cif,1.A,1.A
ame:2io6__1__1.A__1.B,2io6__1__1.A__1.B,structures/ame/2io6__1__1.A__1.B.cif,1.A,1.A
ame:2iqx__1__1.A__1.D,2iqx__1__1.A__1.D,structures/ame/2iqx__1__1.A__1.D.cif,1.A,1.A
ame:2iss__1__1.A__1.G,2iss__1__1.A__1.G,structures/ame/2iss__1__1.A__1.G.cif,1.A,1.A
ame:2itm__1__1.B__1.L,2itm__1__1.B__1.L,structures/ame/2itm__1__1.B__1.L.cif,1.B,1.B
ame:2j2i__1__1.A__1.C,2j2i__1__1.A__1.C,structures/ame/2j2i__1__1.A__1.C.cif,1.A,1.A
ame:2j4d__2__1.B__1.E,2j4d__2__1.B__1.E,structures/ame/2j4d__2__1.B__1.E.cif,1.B,1.B
ame:2j4d__2__1.B__1.F,2j4d__2__1.B__1.F,structures/ame/2j4d__2__1.B__1.F.cif,1.B,1.B
ame:2jai__1__1.A__1.C,2jai__1__1.A__1.C,structures/ame/2jai__1__1.A__1.C.cif,1.A,1.A
ame:2jaj__1__1.A__1.C,2jaj__1__1.A__1.C,structures/ame/2jaj__1__1.A__1.C.cif,1.A,1.A
ame:2jbp__11__1.K__1.V,2jbp__11__1.K__1.V,structures/ame/2jbp__11__1.K__1.V.cif,1.K,1.K
ame:2jbp__12__1.L__1.W,2jbp__12__1.L__1.W,structures/ame/2jbp__12__1.L__1.W.cif,1.L,1.L
ame:2jbp__1__1.A__1.M,2jbp__1__1.A__1.M,structures/ame/2jbp__1__1.A__1.M.cif,1.A,1.A
ame:2jbp__2__1.B__1.N,2jbp__2__1.B__1.N,structures/ame/2jbp__2__1.B__1.N.cif,1.B,1.B
ame:2jbp__3__1.C__1.O,2jbp__3__1.C__1.O,structures/ame/2jbp__3__1.C__1.O.cif,1.C,1.C
ame:2jbp__4__1.D__1.P,2jbp__4__1.D__1.P,structures/ame/2jbp__4__1.D__1.P.cif,1.D,1.D
ame:2jbp__5__1.E__1.Q,2jbp__5__1.E__1.Q,structures/ame/2jbp__5__1.E__1.Q.cif,1.E,1.E
ame:2jbp__6__1.F__1.R,2jbp__6__1.F__1.R,structures/ame/2jbp__6__1.F__1.R.cif,1.F,1.F
ame:2jbp__7__1.G__1.S,2jbp__7__1.G__1.S,structures/ame/2jbp__7__1.G__1.S.cif,1.G,1.G
ame:2jbp__8__1.H__1.T,2jbp__8__1.H__1.T,structures/ame/2jbp__8__1.H__1.T.cif,1.H,1.H
ame:2jbp__9__1.I__1.U,2jbp__9__1.I__1.U,structures/ame/2jbp__9__1.I__1.U.cif,1.I,1.I
ame:2jkj__2__2.B__2.M,2jkj__2__2.B__2.M,structures/ame/2jkj__2__2.B__2.M.cif,2.B,2.B
ame:2jkj__3__2.C__2.Q,2jkj__3__2.C__2.Q,structures/ame/2jkj__3__2.C__2.Q.cif,2.C,2.C
ame:2jkl__5__3.D__3.BA,2jkl__5__3.D__3.BA,structures/ame/2jkl__5__3.D__3.BA.cif,3.D,3.D
ame:2jkn__2__2.B__2.N,2jkn__2__2.B__2.N,structures/ame/2jkn__2__2.B__2.N.cif,2.B,2.B
ame:2k78__1__1.A__1.B,2k78__1__1.A__1.B,structures/ame/2k78__1__1.A__1.B.cif,1.A,1.A
ame:2kp8__1__1.A_1.B__1.D,2kp8__1__1.A_1.B__1.D,structures/ame/2kp8__1__1.A_1.B__1.D.cif,"1.A,1.B","1.A,1.B"
ame:2ljc__1__1.A_1.B_1.C_1.D__1.E,2ljc__1__1.A_1.B_1.C_1.D__1.E,structures/ame/2ljc__1__1.A_1.B_1.C_1.D__1.E.cif,"1.A,1.B,1.C,1.D","1.A,1.B,1.C,1.D"
ame:2lk1__1__1.A__1.B,2lk1__1__1.A__1.B,structures/ame/2lk1__1__1.A__1.B.cif,1.A,1.A
ame:2lyb__1__1.A__1.B,2lyb__1__1.A__1.B,structures/ame/2lyb__1__1.A__1.B.cif,1.A,1.A
ame:2m9r__1__1.A__1.B,2m9r__1__1.A__1.B,structures/ame/2m9r__1__1.A__1.B.cif,1.A,1.A
ame:2m9s__1__1.A__1.B,2m9s__1__1.A__1.B,structures/ame/2m9s__1__1.A__1.B.cif,1.A,1.A
ame:2mgy__1__1.A__1.B,2mgy__1__1.A__1.B,structures/ame/2mgy__1__1.A__1.B.cif,1.A,1.A
ame:2mlm__1__1.A__1.B,2mlm__1__1.A__1.B,structures/ame/2mlm__1__1.A__1.B.cif,1.A,1.A
ame:2mus__1__1.A_1.B_1.C_1.D__1.F,2mus__1__1.A_1.B_1.C_1.D__1.F,structures/ame/2mus__1__1.A_1.B_1.C_1.D__1.F.cif,"1.A,1.B,1.C,1.D","1.A,1.B,1.C,1.D"
ame:2n02__1__1.A__1.B,2n02__1__1.A__1.B,structures/ame/2n02__1__1.A__1.B.cif,1.A,1.A
ame:2npf__1__1.A__1.C,2npf__1__1.A__1.C,structures/ame/2npf__1__1.A__1.C.cif,1.A,1.A
ame:2nr9__2__1.A_2.A__2.C,2nr9__2__1.A_2.A__2.C,structures/ame/2nr9__2__1.A_2.A__2.C.cif,"1.A,2.A","1.A,2.A"
ame:2nw6__1__1.A__1.D,2nw6__1__1.A__1.D,structures/ame/2nw6__1__1.A__1.D.cif,1.A,1.A
ame:2nyr__1__1.A_1.B__1.D,2nyr__1__1.A_1.B__1.D,structures/ame/2nyr__1__1.A_1.B__1.D.cif,"1.A,1.B","1.A,1.B"
ame:2o48__1__1.A__1.F,2o48__1__1.A__1.F,structures/ame/2o48__1__1.A__1.F.cif,1.A,1.A
ame:2o6h__2__1.D_1.E__1.P,2o6h__2__1.D_1.E__1.P,structures/ame/2o6h__2__1.D_1.E__1.P.cif,"1.D,1.E","1.D,1.E"
ame:2o73__1__1.A__1.G,2o73__1__1.A__1.G,structures/ame/2o73__1__1.A__1.G.cif,1.A,1.A
ame:2o7r__1__1.A__1.B,2o7r__1__1.A__1.B,structures/ame/2o7r__1__1.A__1.B.cif,1.A,1.A
ame:2obf__1__1.A__1.C,2obf__1__1.A__1.C,structures/ame/2obf__1__1.A__1.C.cif,1.A,1.A
ame:2obf__1__1.A__1.D,2obf__1__1.A__1.D,structures/ame/2obf__1__1.A__1.D.cif,1.A,1.A
ame:2obj__1__1.A__1.B,2obj__1__1.A__1.B,structures/ame/2obj__1__1.A__1.B.cif,1.A,1.A
ame:2od6__2__1.D__1.O,2od6__2__1.D__1.O,structures/ame/2od6__2__1.D__1.O.cif,1.D,1.D
ame:2oi4__1__1.A__1.C,2oi4__1__1.A__1.C,structures/ame/2oi4__1__1.A__1.C.cif,1.A,1.A
ame:2okg__2__2.B__2.F,2okg__2__2.B__2.F,structures/ame/2okg__2__2.B__2.F.cif,2.B,2.B
ame:2onz__1__1.A__1.D,2onz__1__1.A__1.D,structures/ame/2onz__1__1.A__1.D.cif,1.A,1.A
ame:2onz__2__1.B__1.E,2onz__2__1.B__1.E,structures/ame/2onz__2__1.B__1.E.cif,1.B,1.B
ame:2opb__1__1.A__1.D,2opb__1__1.A__1.D,structures/ame/2opb__1__1.A__1.D.cif,1.A,1.A
ame:2opb__3__1.A__1.C,2opb__3__1.A__1.C,structures/ame/2opb__3__1.A__1.C.cif,1.A,1.A
ame:2ov4__1__1.A__1.C,2ov4__1__1.A__1.C,structures/ame/2ov4__1__1.A__1.C.cif,1.A,1.A
ame:2oyk__2__1.B__1.I,2oyk__2__1.B__1.I,structures/ame/2oyk__2__1.B__1.I.cif,1.B,1.B
ame:2oyl__2__1.B__1.J,2oyl__2__1.B__1.J,structures/ame/2oyl__2__1.B__1.J.cif,1.B,1.B
ame:2oym__1__1.A__1.D,2oym__1__1.A__1.D,structures/ame/2oym__1__1.A__1.D.cif,1.A,1.A
ame:2p0e__1__1.A__1.D,2p0e__1__1.A__1.D,structures/ame/2p0e__1__1.A__1.D.cif,1.A,1.A
ame:2p3g__1__1.A__1.B,2p3g__1__1.A__1.B,structures/ame/2p3g__1__1.A__1.B.cif,1.A,1.A
ame:2p8x__1__1.A__1.C,2p8x__1__1.A__1.C,structures/ame/2p8x__1__1.A__1.C.cif,1.A,1.A
ame:2p8y__1__1.A__1.B,2p8y__1__1.A__1.B,structures/ame/2p8y__1__1.A__1.B.cif,1.A,1.A
ame:2p8y__1__1.A__1.C,2p8y__1__1.A__1.C,structures/ame/2p8y__1__1.A__1.C.cif,1.A,1.A
ame:2p8z__1__1.A__1.C,2p8z__1__1.A__1.C,structures/ame/2p8z__1__1.A__1.C.cif,1.A,1.A
ame:2p8z__1__1.A__1.D,2p8z__1__1.A__1.D,structures/ame/2p8z__1__1.A__1.D.cif,1.A,1.A
ame:2p9a__1__1.A__1.E,2p9a__1__1.A__1.E,structures/ame/2p9a__1__1.A__1.E.cif,1.A,1.A
ame:2pmn__1__1.A__1.B,2pmn__1__1.A__1.B,structures/ame/2pmn__1__1.A__1.B.cif,1.A,1.A
ame:2pmo__1__1.A__1.B,2pmo__1__1.A__1.B,structures/ame/2pmo__1__1.A__1.B.cif,1.A,1.A
ame:2poq__1__1.A__1.G,2poq__1__1.A__1.G,structures/ame/2poq__1__1.A__1.G.cif,1.A,1.A
ame:2q09__1__1.A__1.C,2q09__1__1.A__1.C,structures/ame/2q09__1__1.A__1.C.cif,1.A,1.A
ame:2q2n__1__1.A__1.D,2q2n__1__1.A__1.D,structures/ame/2q2n__1__1.A__1.D.cif,1.A,1.A
ame:2q2o__1__1.A__1.C,2q2o__1__1.A__1.C,structures/ame/2q2o__1__1.A__1.C.cif,1.A,1.A
ame:2q37__1__1.A__1.B,2q37__1__1.A__1.B,structures/ame/2q37__1__1.A__1.B.cif,1.A,1.A
ame:2q3j__1__1.A__1.C,2q3j__1__1.A__1.C,structures/ame/2q3j__1__1.A__1.C.cif,1.A,1.A
ame:2q7m__1__1.A_1.B__1.H,2q7m__1__1.A_1.B__1.H,structures/ame/2q7m__1__1.A_1.B__1.H.cif,"1.B,1.A","1.B,1.A"
ame:2q7r__1__1.A_1.B__1.G,2q7r__1__1.A_1.B__1.G,structures/ame/2q7r__1__1.A_1.B__1.G.cif,"1.B,1.A","1.B,1.A"
ame:2q88__1__1.A__1.F,2q88__1__1.A__1.F,structures/ame/2q88__1__1.A__1.F.cif,1.A,1.A
ame:2q89__1__1.A__1.F,2q89__1__1.A__1.F,structures/ame/2q89__1__1.A__1.F.cif,1.A,1.A
ame:2qb8__1__1.A__1.D,2qb8__1__1.A__1.D,structures/ame/2qb8__1__1.A__1.D.cif,1.A,1.A
ame:2qw5__2__2.A__2.C,2qw5__2__2.A__2.C,structures/ame/2qw5__2__2.A__2.C.cif,2.A,2.A
ame:2r00__2__2.C__2.D,2r00__2__2.C__2.D,structures/ame/2r00__2__2.C__2.D.cif,2.C,2.C
ame:2r58__1__1.A__1.B,2r58__1__1.A__1.B,structures/ame/2r58__1__1.A__1.B.cif,1.A,1.A
ame:2r5a__1__1.A__1.B,2r5a__1__1.A__1.B,structures/ame/2r5a__1__1.A__1.B.cif,1.A,1.A
ame:2rcw__1__1.A__1.B,2rcw__1__1.A__1.B,structures/ame/2rcw__1__1.A__1.B.cif,1.A,1.A
ame:2rd6__1__6.A__6.B,2rd6__1__6.A__6.B,structures/ame/2rd6__1__6.A__6.B.cif,6.A,6.A
ame:2rin__2__1.B__1.D,2rin__2__1.B__1.D,structures/ame/2rin__2__1.B__1.D.cif,1.B,1.B
ame:2rke__1__1.A__1.F,2rke__1__1.A__1.F,structures/ame/2rke__1__1.A__1.F.cif,1.A,1.A
ame:2rkv__1__1.A__1.B,2rkv__1__1.A__1.B,structures/ame/2rkv__1__1.A__1.B.cif,1.A,1.A
ame:2rkv__1__1.A__1.D,2rkv__1__1.A__1.D,structures/ame/2rkv__1__1.A__1.D.cif,1.A,1.A
ame:2rlf__1__1.A_1.B__1.E,2rlf__1__1.A_1.B__1.E,structures/ame/2rlf__1__1.A_1.B__1.E.cif,"1.A,1.B","1.A,1.B"
ame:2std__1__2.A__2.C,2std__1__2.A__2.C,structures/ame/2std__1__2.A__2.C.cif,2.A,2.A
ame:2uzj__1__1.A__1.C,2uzj__1__1.A__1.C,structures/ame/2uzj__1__1.A__1.C.cif,1.A,1.A
ame:2v6k__1__1.A_1.B__1.C,2v6k__1__1.A_1.B__1.C,structures/ame/2v6k__1__1.A_1.B__1.C.cif,"1.A,1.B","1.A,1.B"
ame:2vbq__1__1.A_1.B__1.C,2vbq__1__1.A_1.B__1.C,structures/ame/2vbq__1__1.A_1.B__1.C.cif,"1.A,1.B","1.A,1.B"
ame:2vcb__1__1.A__1.B,2vcb__1__1.A__1.B,structures/ame/2vcb__1__1.A__1.B.cif,1.A,1.A
ame:2vco__1__2.A__2.C,2vco__1__2.A__2.C,structures/ame/2vco__1__2.A__2.C.cif,2.A,2.A
ame:2vdc__1__1.A__1.M,2vdc__1__1.A__1.M,structures/ame/2vdc__1__1.A__1.M.cif,1.A,1.A
ame:2vdj__1__2.A__2.C,2vdj__1__2.A__2.C,structures/ame/2vdj__1__2.A__2.C.cif,2.A,2.A
ame:2vfc__2__1.B__1.D,2vfc__2__1.B__1.D,structures/ame/2vfc__2__1.B__1.D.cif,1.B,1.B
ame:2vgj__1__1.A__1.E,2vgj__1__1.A__1.E,structures/ame/2vgj__1__1.A__1.E.cif,1.A,1.A
ame:2vgj__2__1.B__1.K,2vgj__2__1.B__1.K,structures/ame/2vgj__2__1.B__1.K.cif,1.B,1.B
ame:2vgj__3__1.C__1.P,2vgj__3__1.C__1.P,structures/ame/2vgj__3__1.C__1.P.cif,1.C,1.C
ame:2vgj__4__1.D__1.U,2vgj__4__1.D__1.U,structures/ame/2vgj__4__1.D__1.U.cif,1.D,1.D
ame:2vjy__1__1.B__1.N,2vjy__1__1.B__1.N,structures/ame/2vjy__1__1.B__1.N.cif,1.B,1.B
ame:2vjy__2__1.C__1.R,2vjy__2__1.C__1.R,structures/ame/2vjy__2__1.C__1.R.cif,1.C,1.C
ame:2vpn__1__1.A__1.C,2vpn__1__1.A__1.C,structures/ame/2vpn__1__1.A__1.C.cif,1.A,1.A
ame:2vpo__1__1.A__1.C,2vpo__1__1.A__1.C,structures/ame/2vpo__1__1.A__1.C.cif,1.A,1.A
ame:2vuw__1__1.A__1.C,2vuw__1__1.A__1.C,structures/ame/2vuw__1__1.A__1.C.cif,1.A,1.A
ame:2w1a__1__1.C_2.C__1.O,2w1a__1__1.C_2.C__1.O,structures/ame/2w1a__1__1.C_2.C__1.O.cif,"1.C,2.C","1.C,2.C"
ame:2w4i__1__1.A_1.B__1.G,2w4i__1__1.A_1.B__1.G,structures/ame/2w4i__1__1.A_1.B__1.G.cif,"1.A,1.B","1.A,1.B"
ame:2w5p__1__1.A__1.D,2w5p__1__1.A__1.D,structures/ame/2w5p__1__1.A__1.D.cif,1.A,1.A
ame:2w62__1__1.A__1.C,2w62__1__1.A__1.C,structures/ame/2w62__1__1.A__1.C.cif,1.A,1.A
ame:2w63__1__1.A__1.B,2w63__1__1.A__1.B,structures/ame/2w63__1__1.A__1.B.cif,1.A,1.A
ame:2w63__1__1.A__1.C,2w63__1__1.A__1.C,structures/ame/2w63__1__1.A__1.C.cif,1.A,1.A
ame:2w93__1__1.A__1.G,2w93__1__1.A__1.G,structures/ame/2w93__1__1.A__1.G.cif,1.A,1.A
ame:2wb5__1__1.A__1.F,2wb5__1__1.A__1.F,structures/ame/2wb5__1__1.A__1.F.cif,1.A,1.A
ame:2wb5__2__1.B__1.J,2wb5__2__1.B__1.J,structures/ame/2wb5__2__1.B__1.J.cif,1.B,1.B
ame:2wbq__1__1.A__1.C,2wbq__1__1.A__1.C,structures/ame/2wbq__1__1.A__1.C.cif,1.A,1.A
ame:2wex__1__1.A__1.B,2wex__1__1.A__1.B,structures/ame/2wex__1__1.A__1.B.cif,1.A,1.A
ame:2wor__1__1.A_2.A__1.C,2wor__1__1.A_2.A__1.C,structures/ame/2wor__1__1.A_2.A__1.C.cif,"1.A,2.A","1.A,2.A"
ame:2wos__1__1.A_2.A__1.C,2wos__1__1.A_2.A__1.C,structures/ame/2wos__1__1.A_2.A__1.C.cif,"1.A,2.A","1.A,2.A"
ame:2wpo__2__1.D__1.H,2wpo__2__1.D__1.H,structures/ame/2wpo__2__1.D__1.H.cif,1.D,1.D
ame:2wqo__1__1.A__1.B,2wqo__1__1.A__1.B,structures/ame/2wqo__1__1.A__1.B.cif,1.A,1.A
ame:2ww1__4__1.D__1.H,2ww1__4__1.D__1.H,structures/ame/2ww1__4__1.D__1.H.cif,1.D,1.D
ame:2x1e__1__1.A__1.G,2x1e__1__1.A__1.G,structures/ame/2x1e__1__1.A__1.G.cif,1.A,1.A
ame:2x8m__1__1.A__1.H,2x8m__1__1.A__1.H,structures/ame/2x8m__1__1.A__1.H.cif,1.A,1.A
ame:2x8o__1__1.A__1.G,2x8o__1__1.A__1.G,structures/ame/2x8o__1__1.A__1.G.cif,1.A,1.A
ame:2x8p__1__1.A__1.E,2x8p__1__1.A__1.E,structures/ame/2x8p__1__1.A__1.E.cif,1.A,1.A
ame:2xc3__1__1.A__1.B,2xc3__1__1.A__1.B,structures/ame/2xc3__1__1.A__1.B.cif,1.A,1.A
ame:2xc3__1__1.A__1.C,2xc3__1__1.A__1.C,structures/ame/2xc3__1__1.A__1.C.cif,1.A,1.A
ame:2xe5__2__1.B__1.U,2xe5__2__1.B__1.U,structures/ame/2xe5__2__1.B__1.U.cif,1.B,1.B
ame:2xem__1__1.A_1.B_1.D__1.E,2xem__1__1.A_1.B_1.D__1.E,structures/ame/2xem__1__1.A_1.B_1.D__1.E.cif,"1.D,1.A,1.B","1.D,1.A,1.B"
ame:2xf3__2__1.B__1.F,2xf3__2__1.B__1.F,structures/ame/2xf3__2__1.B__1.F.cif,1.B,1.B
ame:2xfs__2__1.B__1.F,2xfs__2__1.B__1.F,structures/ame/2xfs__2__1.B__1.F.cif,1.B,1.B
ame:2xh9__1__1.A__1.C,2xh9__1__1.A__1.C,structures/ame/2xh9__1__1.A__1.C.cif,1.A,1.A
ame:2xiz__1__1.A__1.B,2xiz__1__1.A__1.B,structures/ame/2xiz__1__1.A__1.B.cif,1.A,1.A
ame:2xj0__1__1.A__1.B,2xj0__1__1.A__1.B,structures/ame/2xj0__1__1.A__1.B.cif,1.A,1.A
ame:2xj1__1__1.A__1.B,2xj1__1__1.A__1.B,structures/ame/2xj1__1__1.A__1.B.cif,1.A,1.A
ame:2xj2__1__1.A__1.B,2xj2__1__1.A__1.B,structures/ame/2xj2__1__1.A__1.B.cif,1.A,1.A
ame:2xk3__1__1.A__1.B,2xk3__1__1.A__1.B,structures/ame/2xk3__1__1.A__1.B.cif,1.A,1.A
ame:2xk4__1__1.A__1.B,2xk4__1__1.A__1.B,structures/ame/2xk4__1__1.A__1.B.cif,1.A,1.A
ame:2xk6__1__1.A__1.B,2xk6__1__1.A__1.B,structures/ame/2xk6__1__1.A__1.B.cif,1.A,1.A
ame:2xk7__1__1.A__1.B,2xk7__1__1.A__1.B,structures/ame/2xk7__1__1.A__1.B.cif,1.A,1.A
ame:2xk8__1__1.A__1.B,2xk8__1__1.A__1.B,structures/ame/2xk8__1__1.A__1.B.cif,1.A,1.A
ame:2xkc__1__1.A__1.B,2xkc__1__1.A__1.B,structures/ame/2xkc__1__1.A__1.B.cif,1.A,1.A
ame:2xkd__1__1.A__1.B,2xkd__1__1.A__1.B,structures/ame/2xkd__1__1.A__1.B.cif,1.A,1.A
ame:2xke__1__1.A__1.B,2xke__1__1.A__1.B,structures/ame/2xke__1__1.A__1.B.cif,1.A,1.A
ame:2xkf__1__1.A__1.B,2xkf__1__1.A__1.B,structures/ame/2xkf__1__1.A__1.B.cif,1.A,1.A
ame:2xln__1__1.A__1.E,2xln__1__1.A__1.E,structures/ame/2xln__1__1.A__1.E.cif,1.A,1.A
ame:2xln__3__1.C__1.Q,2xln__3__1.C__1.Q,structures/ame/2xln__3__1.C__1.Q.cif,1.C,1.C
ame:2xln__4__1.D__1.V,2xln__4__1.D__1.V,structures/ame/2xln__4__1.D__1.V.cif,1.D,1.D
ame:2xnm__1__1.A__1.B,2xnm__1__1.A__1.B,structures/ame/2xnm__1__1.A__1.B.cif,1.A,1.A
ame:2xnn__1__1.A__1.B,2xnn__1__1.A__1.B,structures/ame/2xnn__1__1.A__1.B.cif,1.A,1.A
ame:2xnp__1__1.A__1.B,2xnp__1__1.A__1.B,structures/ame/2xnp__1__1.A__1.B.cif,1.A,1.A
ame:2xsb__1__1.A__1.B,2xsb__1__1.A__1.B,structures/ame/2xsb__1__1.A__1.B.cif,1.A,1.A
ame:2xvl__1__1.A__1.N,2xvl__1__1.A__1.N,structures/ame/2xvl__1__1.A__1.N.cif,1.A,1.A
ame:2xwq__1__1.A_1.B__1.E,2xwq__1__1.A_1.B__1.E,structures/ame/2xwq__1__1.A_1.B__1.E.cif,"1.A,1.B","1.A,1.B"
ame:2xzg__1__1.A__1.F,2xzg__1__1.A__1.F,structures/ame/2xzg__1__1.A__1.F.cif,1.A,1.A
ame:2y30__1__1.A_1.B__1.C,2y30__1__1.A_1.B__1.C,structures/ame/2y30__1__1.A_1.B__1.C.cif,"1.A,1.B","1.A,1.B"
ame:2y31__1__1.A_1.B__1.I,2y31__1__1.A_1.B__1.I,structures/ame/2y31__1__1.A_1.B__1.I.cif,"1.A,1.B","1.A,1.B"
ame:2y34__1__1.A__1.D,2y34__1__1.A__1.D,structures/ame/2y34__1__1.A__1.D.cif,1.A,1.A
ame:2yde__1__2.A__2.D,2yde__1__2.A__2.D,structures/ame/2yde__1__2.A__2.D.cif,2.A,2.A
ame:2yhx__1__1.A__1.B,2yhx__1__1.A__1.B,structures/ame/2yhx__1__1.A__1.B.cif,1.A,1.A
ame:2yn4__1__1.B__1.D,2yn4__1__1.B__1.D,structures/ame/2yn4__1__1.B__1.D.cif,1.B,1.B
ame:2ypu__2__1.B__1.F,2ypu__2__1.B__1.F,structures/ame/2ypu__2__1.B__1.F.cif,1.B,1.B
ame:2z0p__5__1.A__1.F,2z0p__5__1.A__1.F,structures/ame/2z0p__5__1.A__1.F.cif,1.A,1.A
ame:2z2w__1__1.A__1.C,2z2w__1__1.A__1.C,structures/ame/2z2w__1__1.A__1.C.cif,1.A,1.A
ame:2z3i__1__1.A_1.B_1.C_1.D__1.K,2z3i__1__1.A_1.B_1.C_1.D__1.K,structures/ame/2z3i__1__1.A_1.B_1.C_1.D__1.K.cif,"1.A,1.B,1.C,1.D","1.A,1.B,1.C,1.D"
ame:2z7g__1__1.A__1.C,2z7g__1__1.A__1.C,structures/ame/2z7g__1__1.A__1.C.cif,1.A,1.A
ame:2zaa__1__1.A__1.B,2zaa__1__1.A__1.B,structures/ame/2zaa__1__1.A__1.B.cif,1.A,1.A
ame:2zjf__2__1.A__1.E,2zjf__2__1.A__1.E,structures/ame/2zjf__2__1.A__1.E.cif,1.A,1.A
ame:2zoz__1__1.A_1.B__1.H,2zoz__1__1.A_1.B__1.H,structures/ame/2zoz__1__1.A_1.B__1.H.cif,"1.B,1.A","1.B,1.A"
ame:2zsh__1__1.A__1.C,2zsh__1__1.A__1.C,structures/ame/2zsh__1__1.A__1.C.cif,1.A,1.A
ame:2zsi__1__1.A__1.C,2zsi__1__1.A__1.C,structures/ame/2zsi__1__1.A__1.C.cif,1.A,1.A
ame:2zw7__1__1.A_1.B__1.E,2zw7__1__1.A_1.B__1.E,structures/ame/2zw7__1__1.A_1.B__1.E.cif,"1.A,1.B","1.A,1.B"
ame:3a09__1__1.A__1.B,3a09__1__1.A__1.B,structures/ame/3a09__1__1.A__1.B.cif,1.A,1.A
ame:3aaw__1__1.C_1.D__1.J,3aaw__1__1.C_1.D__1.J,structures/ame/3aaw__1__1.C_1.D__1.J.cif,"1.C,1.D","1.C,1.D"
ame:3aaw__1__1.C_1.D__1.K,3aaw__1__1.C_1.D__1.K,structures/ame/3aaw__1__1.C_1.D__1.K.cif,"1.C,1.D","1.C,1.D"
ame:3ab2__2__1.E_1.F__1.V,3ab2__2__1.E_1.F__1.V,structures/ame/3ab2__2__1.E_1.F__1.V.cif,"1.E,1.F","1.E,1.F"
ame:3ab4__1__1.A_1.B__1.Q,3ab4__1__1.A_1.B__1.Q,structures/ame/3ab4__1__1.A_1.B__1.Q.cif,"1.A,1.B","1.A,1.B"
ame:3ab4__1__1.A_1.B__1.R,3ab4__1__1.A_1.B__1.R,structures/ame/3ab4__1__1.A_1.B__1.R.cif,"1.A,1.B","1.A,1.B"
ame:3ab6__1__1.A__1.B,3ab6__1__1.A__1.B,structures/ame/3ab6__1__1.A__1.B.cif,1.A,1.A
ame:3acl__1__1.A__1.C,3acl__1__1.A__1.C,structures/ame/3acl__1__1.A__1.C.cif,1.A,1.A
ame:3aga__1__1.A__1.C,3aga__1__1.A__1.C,structures/ame/3aga__1__1.A__1.C.cif,1.A,1.A
ame:3agc__1__1.A__1.C,3agc__1__1.A__1.C,structures/ame/3agc__1__1.A__1.C.cif,1.A,1.A
ame:3age__1__1.A__1.C,3age__1__1.A__1.C,structures/ame/3age__1__1.A__1.C.cif,1.A,1.A
ame:3ans__1__1.A__1.C,3ans__1__1.A__1.C,structures/ame/3ans__1__1.A__1.C.cif,1.A,1.A
ame:3ant__1__1.A__1.C,3ant__1__1.A__1.C,structures/ame/3ant__1__1.A__1.C.cif,1.A,1.A
ame:3any__1__1.A__1.E,3any__1__1.A__1.E,structures/ame/3any__1__1.A__1.E.cif,1.A,1.A
ame:3ao0__1__1.A__1.E,3ao0__1__1.A__1.E,structures/ame/3ao0__1__1.A__1.E.cif,1.A,1.A
ame:3apv__2__1.B__1.E,3apv__2__1.B__1.E,structures/ame/3apv__2__1.B__1.E.cif,1.B,1.B
ame:3apw__1__1.A__1.C,3apw__1__1.A__1.C,structures/ame/3apw__1__1.A__1.C.cif,1.A,1.A
ame:3apx__1__1.A__1.B,3apx__1__1.A__1.B,structures/ame/3apx__1__1.A__1.B.cif,1.A,1.A
ame:3ayq__1__1.A__1.B,3ayq__1__1.A__1.B,structures/ame/3ayq__1__1.A__1.B.cif,1.A,1.A
ame:3azz__2__1.B__1.I,3azz__2__1.B__1.I,structures/ame/3azz__2__1.B__1.I.cif,1.B,1.B
ame:3b2s__1__1.A__1.D,3b2s__1__1.A__1.D,structures/ame/3b2s__1__1.A__1.D.cif,1.A,1.A
ame:3b2s__1__1.A__1.E,3b2s__1__1.A__1.E,structures/ame/3b2s__1__1.A__1.E.cif,1.A,1.A
ame:3b30__1__1.A__1.B,3b30__1__1.A__1.B,structures/ame/3b30__1__1.A__1.B.cif,1.A,1.A
ame:3b6c__1__1.B__1.E,3b6c__1__1.B__1.E,structures/ame/3b6c__1__1.B__1.E.cif,1.B,1.B
ame:3bcc__1__1.C_2.E__1.M,3bcc__1__1.C_2.E__1.M,structures/ame/3bcc__1__1.C_2.E__1.M.cif,"1.C,2.E","1.C,2.E"
ame:3bex__1__1.A_1.B__1.H,3bex__1__1.A_1.B__1.H,structures/ame/3bex__1__1.A_1.B__1.H.cif,"1.A,1.B","1.A,1.B"
ame:3bf1__1__1.A_1.B__1.J,3bf1__1__1.A_1.B__1.J,structures/ame/3bf1__1__1.A_1.B__1.J.cif,"1.A,1.B","1.A,1.B"
ame:3bf3__3__1.E_1.F__1.N,3bf3__3__1.E_1.F__1.N,structures/ame/3bf3__3__1.E_1.F__1.N.cif,"1.E,1.F","1.E,1.F"
ame:3bgp__1__1.A__1.B,3bgp__1__1.A__1.B,structures/ame/3bgp__1__1.A__1.B.cif,1.A,1.A
ame:3bgq__1__1.A__1.B,3bgq__1__1.A__1.B,structures/ame/3bgq__1__1.A__1.B.cif,1.A,1.A
ame:3bgz__1__1.A__1.B,3bgz__1__1.A__1.B,structures/ame/3bgz__1__1.A__1.B.cif,1.A,1.A
ame:3bh3__1__1.A__1.E,3bh3__1__1.A__1.E,structures/ame/3bh3__1__1.A__1.E.cif,1.A,1.A
ame:3bhi__1__1.A__1.C,3bhi__1__1.A__1.C,structures/ame/3bhi__1__1.A__1.C.cif,1.A,1.A
ame:3bhj__1__1.A__1.I,3bhj__1__1.A__1.I,structures/ame/3bhj__1__1.A__1.I.cif,1.A,1.A
ame:3bhm__1__1.A__1.H,3bhm__1__1.A__1.H,structures/ame/3bhm__1__1.A__1.H.cif,1.A,1.A
ame:3bi6__1__1.A__1.C,3bi6__1__1.A__1.C,structures/ame/3bi6__1__1.A__1.C.cif,1.A,1.A
ame:3biz__1__1.A__1.C,3biz__1__1.A__1.C,structures/ame/3biz__1__1.A__1.C.cif,1.A,1.A
ame:3bl7__1__1.A_1.B__1.C,3bl7__1__1.A_1.B__1.C,structures/ame/3bl7__1__1.A_1.B__1.C.cif,"1.B,1.A","1.B,1.A"
ame:3bl9__1__1.A_1.B__1.C,3bl9__1__1.A_1.B__1.C,structures/ame/3bl9__1__1.A_1.B__1.C.cif,"1.B,1.A","1.B,1.A"
ame:3bla__1__1.B__1.D,3bla__1__1.B__1.D,structures/ame/3bla__1__1.B__1.D.cif,1.B,1.B
ame:3bnx__3__1.C__1.J,3bnx__3__1.C__1.J,structures/ame/3bnx__3__1.C__1.J.cif,1.C,1.C
ame:3bny__1__1.A__1.E,3bny__1__1.A__1.E,structures/ame/3bny__1__1.A__1.E.cif,1.A,1.A
ame:3bpb__2__1.B__1.D,3bpb__2__1.B__1.D,structures/ame/3bpb__2__1.B__1.D.cif,1.B,1.B
ame:3bwf__1__1.A__1.C,3bwf__1__1.A__1.C,structures/ame/3bwf__1__1.A__1.C.cif,1.A,1.A
ame:3bxf__1__1.A__1.C,3bxf__1__1.A__1.C,structures/ame/3bxf__1__1.A__1.C.cif,1.A,1.A
ame:3bxg__1__1.B__1.D,3bxg__1__1.B__1.D,structures/ame/3bxg__1__1.B__1.D.cif,1.B,1.B
ame:3c49__1__1.A__1.B,3c49__1__1.A__1.B,structures/ame/3c49__1__1.A__1.B.cif,1.A,1.A
ame:3c4e__4__1.D__1.L,3c4e__4__1.D__1.L,structures/ame/3c4e__4__1.D__1.L.cif,1.D,1.D
ame:3ce0__1__1.A__1.B,3ce0__1__1.A__1.B,structures/ame/3ce0__1__1.A__1.B.cif,1.A,1.A
ame:3chg__1__1.A__1.E,3chg__1__1.A__1.E,structures/ame/3chg__1__1.A__1.E.cif,1.A,1.A
ame:3cke__3__1.A__1.F,3cke__3__1.A__1.F,structures/ame/3cke__3__1.A__1.F.cif,1.A,1.A
ame:3cqe__1__1.A__1.C,3cqe__1__1.A__1.C,structures/ame/3cqe__1__1.A__1.C.cif,1.A,1.A
ame:3cr0__1__1.A__1.C,3cr0__1__1.A__1.C,structures/ame/3cr0__1__1.A__1.C.cif,1.A,1.A
ame:3crw__1__1.A__1.B,3crw__1__1.A__1.B,structures/ame/3crw__1__1.A__1.B.cif,1.A,1.A
ame:3ct4__2__1.B__1.E,3ct4__2__1.B__1.E,structures/ame/3ct4__2__1.B__1.E.cif,1.B,1.B
ame:3d3h__1__1.A__1.B,3d3h__1__1.A__1.B,structures/ame/3d3h__1__1.A__1.B.cif,1.A,1.A
ame:3d8n__1__1.A__1.B,3d8n__1__1.A__1.B,structures/ame/3d8n__1__1.A__1.B.cif,1.A,1.A
ame:3dcv__1__1.A__1.B,3dcv__1__1.A__1.B,structures/ame/3dcv__1__1.A__1.B.cif,1.A,1.A
ame:3dlz__1__1.A__1.C,3dlz__1__1.A__1.C,structures/ame/3dlz__1__1.A__1.C.cif,1.A,1.A
ame:3dt9__1__1.A__1.B,3dt9__1__1.A__1.B,structures/ame/3dt9__1__1.A__1.B.cif,1.A,1.A
ame:3e3k__1__1.A__1.H,3e3k__1__1.A__1.H,structures/ame/3e3k__1__1.A__1.H.cif,1.A,1.A
ame:3e7v__1__1.A__1.B,3e7v__1__1.A__1.B,structures/ame/3e7v__1__1.A__1.B.cif,1.A,1.A
ame:3ebl__8__1.B__1.M,3ebl__8__1.B__1.M,structures/ame/3ebl__8__1.B__1.M.cif,1.B,1.B
ame:3ed1__9__1.D__1.V,3ed1__9__1.D__1.V,structures/ame/3ed1__9__1.D__1.V.cif,1.D,1.D
ame:3ef3__1__1.A__1.B,3ef3__1__1.A__1.B,structures/ame/3ef3__1__1.A__1.B.cif,1.A,1.A
ame:3ell__1__1.A__1.C,3ell__1__1.A__1.C,structures/ame/3ell__1__1.A__1.C.cif,1.A,1.A
ame:3emq__1__1.A__1.B,3emq__1__1.A__1.B,structures/ame/3emq__1__1.A__1.B.cif,1.A,1.A
ame:3emz__1__1.A__1.B,3emz__1__1.A__1.B,structures/ame/3emz__1__1.A__1.B.cif,1.A,1.A
ame:3esa__1__1.A__1.C,3esa__1__1.A__1.C,structures/ame/3esa__1__1.A__1.C.cif,1.A,1.A
ame:3esc__1__1.A__1.B,3esc__1__1.A__1.B,structures/ame/3esc__1__1.A__1.B.cif,1.A,1.A
ame:3esd__1__1.A__1.B,3esd__1__1.A__1.B,structures/ame/3esd__1__1.A__1.B.cif,1.A,1.A
ame:3ex8__1__1.C__1.H,3ex8__1__1.C__1.H,structures/ame/3ex8__1__1.C__1.H.cif,1.C,1.C
ame:3ezx__1__1.A__1.B,3ezx__1__1.A__1.B,structures/ame/3ezx__1__1.A__1.B.cif,1.A,1.A
ame:3f2n__1__1.A__1.B,3f2n__1__1.A__1.B,structures/ame/3f2n__1__1.A__1.B.cif,1.A,1.A
ame:3f97__1__1.A__1.C,3f97__1__1.A__1.C,structures/ame/3f97__1__1.A__1.C.cif,1.A,1.A
ame:3f98__1__1.A__1.D,3f98__1__1.A__1.D,structures/ame/3f98__1__1.A__1.D.cif,1.A,1.A
ame:3f9c__1__1.A__1.C,3f9c__1__1.A__1.C,structures/ame/3f9c__1__1.A__1.C.cif,1.A,1.A
ame:3ff5__1__1.A_1.B__1.C,3ff5__1__1.A_1.B__1.C,structures/ame/3ff5__1__1.A_1.B__1.C.cif,"1.A,1.B","1.A,1.B"
ame:3fhb__1__1.A__1.B,3fhb__1__1.A__1.B,structures/ame/3fhb__1__1.A__1.B.cif,1.A,1.A
ame:3fhj__1__1.C__1.M,3fhj__1__1.C__1.M,structures/ame/3fhj__1__1.C__1.M.cif,1.C,1.C
ame:3fhr__1__1.A__1.B,3fhr__1__1.A__1.B,structures/ame/3fhr__1__1.A__1.B.cif,1.A,1.A
ame:3fi8__1__1.A__1.D,3fi8__1__1.A__1.D,structures/ame/3fi8__1__1.A__1.D.cif,1.A,1.A
ame:3fmd__1__1.A__1.B,3fmd__1__1.A__1.B,structures/ame/3fmd__1__1.A__1.B.cif,1.A,1.A
ame:3fmf__2__1.C_1.D__1.G,3fmf__2__1.C_1.D__1.G,structures/ame/3fmf__2__1.C_1.D__1.G.cif,"1.C,1.D","1.C,1.D"
ame:3fmi__1__1.A_1.B__1.G,3fmi__1__1.A_1.B__1.G,structures/ame/3fmi__1__1.A_1.B__1.G.cif,"1.A,1.B","1.A,1.B"
ame:3fmz__2__1.B__1.D,3fmz__2__1.B__1.D,structures/ame/3fmz__2__1.B__1.D.cif,1.B,1.B
ame:3fp0__1__1.A__1.B,3fp0__1__1.A__1.B,structures/ame/3fp0__1__1.A__1.B.cif,1.A,1.A
ame:3fp0__1__1.A__1.C,3fp0__1__1.A__1.C,structures/ame/3fp0__1__1.A__1.C.cif,1.A,1.A
ame:3fpe__1__1.B__1.D,3fpe__1__1.B__1.D,structures/ame/3fpe__1__1.B__1.D.cif,1.B,1.B
ame:3fpm__2__8.A__8.B,3fpm__2__8.A__8.B,structures/ame/3fpm__2__8.A__8.B.cif,8.A,8.A
ame:3frl__1__1.A__1.C,3frl__1__1.A__1.C,structures/ame/3frl__1__1.A__1.C.cif,1.A,1.A
ame:3frl__1__1.A__1.D,3frl__1__1.A__1.D,structures/ame/3frl__1__1.A__1.D.cif,1.A,1.A
ame:3fxb__2__1.B__1.D,3fxb__2__1.B__1.D,structures/ame/3fxb__2__1.B__1.D.cif,1.B,1.B
ame:3fxw__1__1.A__1.B,3fxw__1__1.A__1.B,structures/ame/3fxw__1__1.A__1.B.cif,1.A,1.A
ame:3fyj__2__1.A__1.B,3fyj__2__1.A__1.B,structures/ame/3fyj__2__1.A__1.B.cif,1.A,1.A
ame:3fyk__1__3.A__3.B,3fyk__1__3.A__3.B,structures/ame/3fyk__1__3.A__3.B.cif,3.A,3.A
ame:3fyx__1__2.A__2.B,3fyx__1__2.A__2.B,structures/ame/3fyx__1__2.A__2.B.cif,2.A,2.A
ame:3g0i__1__1.A__1.C,3g0i__1__1.A__1.C,structures/ame/3g0i__1__1.A__1.C.cif,1.A,1.A
ame:3gd7__5__1.C_1.D__1.G,3gd7__5__1.C_1.D__1.G,structures/ame/3gd7__5__1.C_1.D__1.G.cif,"1.C,1.D","1.C,1.D"
ame:3gfv__2__1.B__1.D,3gfv__2__1.B__1.D,structures/ame/3gfv__2__1.B__1.D.cif,1.B,1.B
ame:3gjw__1__1.A__1.B,3gjw__1__1.A__1.B,structures/ame/3gjw__1__1.A__1.B.cif,1.A,1.A
ame:3glb__1__1.A__1.E,3glb__1__1.A__1.E,structures/ame/3glb__1__1.A__1.E.cif,1.A,1.A
ame:3gn7__1__1.A__1.B,3gn7__1__1.A__1.B,structures/ame/3gn7__1__1.A__1.B.cif,1.A,1.A
ame:3gok__1__1.H__1.T,3gok__1__1.H__1.T,structures/ame/3gok__1__1.H__1.T.cif,1.H,1.H
ame:3gpt__1__1.BA__1.HA,3gpt__1__1.BA__1.HA,structures/ame/3gpt__1__1.BA__1.HA.cif,1.BA,1.BA
ame:3gpw__1__1.BA__1.HA,3gpw__1__1.BA__1.HA,structures/ame/3gpw__1__1.BA__1.HA.cif,1.BA,1.BA
ame:3gsh__2__1.B__1.M,3gsh__2__1.B__1.M,structures/ame/3gsh__2__1.B__1.M.cif,1.B,1.B
ame:3gxy__1__1.A_1.B__1.D,3gxy__1__1.A_1.B__1.D,structures/ame/3gxy__1__1.A_1.B__1.D.cif,"1.A,1.B","1.A,1.B"
ame:3gxz__1__1.A_1.B__1.D,3gxz__1__1.A_1.B__1.D,structures/ame/3gxz__1__1.A_1.B__1.D.cif,"1.A,1.B","1.A,1.B"
ame:3gyt__1__1.A__1.C,3gyt__1__1.A__1.C,structures/ame/3gyt__1__1.A__1.C.cif,1.A,1.A
ame:3gyu__1__1.A__1.C,3gyu__1__1.A__1.C,structures/ame/3gyu__1__1.A__1.C.cif,1.A,1.A
ame:3h7c__1__1.A__1.H,3h7c__1__1.A__1.H,structures/ame/3h7c__1__1.A__1.H.cif,1.A,1.A
ame:3hf5__2__1.B_1.C__1.G,3hf5__2__1.B_1.C__1.G,structures/ame/3hf5__2__1.B_1.C__1.G.cif,"1.B,1.C","1.B,1.C"
ame:3hle__1__1.A__1.B,3hle__1__1.A__1.B,structures/ame/3hle__1__1.A__1.B.cif,1.A,1.A
ame:3hlf__1__1.A__1.B,3hlf__1__1.A__1.B,structures/ame/3hlf__1__1.A__1.B.cif,1.A,1.A
ame:3hlg__1__1.A__1.B,3hlg__1__1.A__1.B,structures/ame/3hlg__1__1.A__1.B.cif,1.A,1.A
ame:3hnf__1__1.B__1.I,3hnf__1__1.B__1.I,structures/ame/3hnf__1__1.B__1.I.cif,1.B,1.B
ame:3hy3__1__1.A__1.B,3hy3__1__1.A__1.B,structures/ame/3hy3__1__1.A__1.B.cif,1.A,1.A
ame:3i0o__1__1.A__1.C,3i0o__1__1.A__1.C,structures/ame/3i0o__1__1.A__1.C.cif,1.A,1.A
ame:3i0q__1__1.A__1.B,3i0q__1__1.A__1.B,structures/ame/3i0q__1__1.A__1.B.cif,1.A,1.A
ame:3i1y__1__1.A__1.B,3i1y__1__1.A__1.B,structures/ame/3i1y__1__1.A__1.B.cif,1.A,1.A
ame:3i28__1__1.A__1.B,3i28__1__1.A__1.B,structures/ame/3i28__1__1.A__1.B.cif,1.A,1.A
ame:3ia2__2__1.F__1.LA,3ia2__2__1.F__1.LA,structures/ame/3ia2__2__1.F__1.LA.cif,1.F,1.F
ame:3iha__1__2.A__2.C,3iha__1__2.A__2.C,structures/ame/3iha__1__2.A__2.C.cif,2.A,2.A
ame:3ihb__2__2.B__2.E,3ihb__2__2.B__2.E,structures/ame/3ihb__2__2.B__2.E.cif,2.B,2.B
ame:3ik7__2__1.C_1.D__1.H,3ik7__2__1.C_1.D__1.H,structures/ame/3ik7__2__1.C_1.D__1.H.cif,"1.D,1.C","1.D,1.C"
ame:3ilf__1__1.A__1.B,3ilf__1__1.A__1.B,structures/ame/3ilf__1__1.A__1.B.cif,1.A,1.A
ame:3iq7__1__1.A__1.C,3iq7__1__1.A__1.C,structures/ame/3iq7__1__1.A__1.C.cif,1.A,1.A
ame:3iqf__2__1.G_1.J__1.Z,3iqf__2__1.G_1.J__1.Z,structures/ame/3iqf__2__1.G_1.J__1.Z.cif,"1.G,1.J","1.G,1.J"
ame:3iqz__1__1.A_1.D__1.L,3iqz__1__1.A_1.D__1.L,structures/ame/3iqz__1__1.A_1.D__1.L.cif,"1.A,1.D","1.A,1.D"
ame:3it9__1__2.A__2.E,3it9__1__2.A__2.E,structures/ame/3it9__1__2.A__2.E.cif,2.A,2.A
ame:3ita__1__1.A__1.E,3ita__1__1.A__1.E,structures/ame/3ita__1__1.A__1.E.cif,1.A,1.A
ame:3ita__4__1.D__1.L,3ita__4__1.D__1.L,structures/ame/3ita__4__1.D__1.L.cif,1.D,1.D
ame:3itb__3__1.C__1.F,3itb__3__1.C__1.F,structures/ame/3itb__3__1.C__1.F.cif,1.C,1.C
ame:3iu7__1__1.A__1.E,3iu7__1__1.A__1.E,structures/ame/3iu7__1__1.A__1.E.cif,1.A,1.A
ame:3iwf__1__1.A__1.G,3iwf__1__1.A__1.G,structures/ame/3iwf__1__1.A__1.G.cif,1.A,1.A
ame:3k3g__1__3.A__3.L,3k3g__1__3.A__3.L,structures/ame/3k3g__1__3.A__3.L.cif,3.A,3.A
ame:3k3l__3__1.C__1.K,3k3l__3__1.C__1.K,structures/ame/3k3l__3__1.C__1.K.cif,1.C,1.C
ame:3k4y__2__1.B__1.F,3k4y__2__1.B__1.F,structures/ame/3k4y__2__1.B__1.F.cif,1.B,1.B
ame:3k52__2__1.A__1.C,3k52__2__1.A__1.C,structures/ame/3k52__2__1.A__1.C.cif,1.A,1.A
ame:3k56__2__1.A__1.C,3k56__2__1.A__1.C,structures/ame/3k56__2__1.A__1.C.cif,1.A,1.A
ame:3k7m__1__1.A__1.B,3k7m__1__1.A__1.B,structures/ame/3k7m__1__1.A__1.B.cif,1.A,1.A
ame:3ka0__1__1.A__1.B,3ka0__1__1.A__1.B,structures/ame/3ka0__1__1.A__1.B.cif,1.A,1.A
ame:3kcz__2__1.B__1.E,3kcz__2__1.B__1.E,structures/ame/3kcz__2__1.B__1.E.cif,1.B,1.B
ame:3kga__1__1.A__1.C,3kga__1__1.A__1.C,structures/ame/3kga__1__1.A__1.C.cif,1.A,1.A
ame:3kih__1__1.D__1.I,3kih__1__1.D__1.I,structures/ame/3kih__1__1.D__1.I.cif,1.D,1.D
ame:3kjd__1__1.A__1.C,3kjd__1__1.A__1.C,structures/ame/3kjd__1__1.A__1.C.cif,1.A,1.A
ame:3ko3__2__1.C_1.D__1.G,3ko3__2__1.C_1.D__1.G,structures/ame/3ko3__2__1.C_1.D__1.G.cif,"1.D,1.C","1.D,1.C"
ame:3ko4__2__1.C_1.D__1.I,3ko4__2__1.C_1.D__1.I,structures/ame/3ko4__2__1.C_1.D__1.I.cif,"1.C,1.D","1.C,1.D"
ame:3ko5__1__1.A_1.B__1.G,3ko5__1__1.A_1.B__1.G,structures/ame/3ko5__1__1.A_1.B__1.G.cif,"1.B,1.A","1.B,1.A"
ame:3ko7__2__1.C_1.D__1.G,3ko7__2__1.C_1.D__1.G,structures/ame/3ko7__2__1.C_1.D__1.G.cif,"1.C,1.D","1.C,1.D"
ame:3kob__1__1.A_1.B__1.G,3kob__1__1.A_1.B__1.G,structures/ame/3kob__1__1.A_1.B__1.G.cif,"1.B,1.A","1.B,1.A"
ame:3koo__1__2.A__2.B,3koo__1__2.A__2.B,structures/ame/3koo__1__2.A__2.B.cif,2.A,2.A
ame:3kq0__1__1.A__1.B,3kq0__1__1.A__1.B,structures/ame/3kq0__1__1.A__1.B.cif,1.A,1.A
ame:3kt0__1__2.A__2.B,3kt0__1__2.A__2.B,structures/ame/3kt0__1__2.A__2.B.cif,2.A,2.A
ame:3kt6__2__1.D__1.Q,3kt6__2__1.D__1.Q,structures/ame/3kt6__2__1.D__1.Q.cif,1.D,1.D
ame:3kt8__1__1.B__1.I,3kt8__1__1.B__1.I,structures/ame/3kt8__1__1.B__1.I.cif,1.B,1.B
ame:3kyq__1__1.A__1.D,3kyq__1__1.A__1.D,structures/ame/3kyq__1__1.A__1.D.cif,1.A,1.A
ame:3kzz__1__1.A__1.C,3kzz__1__1.A__1.C,structures/ame/3kzz__1__1.A__1.C.cif,1.A,1.A
ame:3l0q__1__1.A__1.C,3l0q__1__1.A__1.C,structures/ame/3l0q__1__1.A__1.C.cif,1.A,1.A
ame:3l2k__1__1.B__1.D,3l2k__1__1.B__1.D,structures/ame/3l2k__1__1.B__1.D.cif,1.B,1.B
ame:3l3l__1__1.A__1.B,3l3l__1__1.A__1.B,structures/ame/3l3l__1__1.A__1.B.cif,1.A,1.A
ame:3l3m__1__1.A__1.B,3l3m__1__1.A__1.B,structures/ame/3l3m__1__1.A__1.B.cif,1.A,1.A
ame:3l76__1__1.A__1.F,3l76__1__1.A__1.F,structures/ame/3l76__1__1.A__1.F.cif,1.A,1.A
ame:3l76__1__1.B__1.H,3l76__1__1.B__1.H,structures/ame/3l76__1__1.B__1.H.cif,1.B,1.B
ame:3l8h__3__1.C__1.Q,3l8h__3__1.C__1.Q,structures/ame/3l8h__3__1.C__1.Q.cif,1.C,1.C
ame:3la2__1__1.A_1.B__1.D,3la2__1__1.A_1.B__1.D,structures/ame/3la2__1__1.A_1.B__1.D.cif,"1.A,1.B","1.A,1.B"
ame:3la3__1__1.A_1.B__1.C,3la3__1__1.A_1.B__1.C,structures/ame/3la3__1__1.A_1.B__1.C.cif,"1.A,1.B","1.A,1.B"
ame:3lin__1__1.A_1.B__1.M,3lin__1__1.A_1.B__1.M,structures/ame/3lin__1__1.A_1.B__1.M.cif,"1.A,1.B","1.A,1.B"
ame:3liq__1__1.A_1.B__1.C,3liq__1__1.A_1.B__1.C,structures/ame/3liq__1__1.A_1.B__1.C.cif,"1.A,1.B","1.A,1.B"
ame:3lit__1__1.A_1.B__1.C,3lit__1__1.A_1.B__1.C,structures/ame/3lit__1__1.A_1.B__1.C.cif,"1.A,1.B","1.A,1.B"
ame:3liv__1__1.A_1.B__1.C,3liv__1__1.A_1.B__1.C,structures/ame/3liv__1__1.A_1.B__1.C.cif,"1.A,1.B","1.A,1.B"
ame:3lix__2__6.A_6.B__6.D,3lix__2__6.A_6.B__6.D,structures/ame/3lix__2__6.A_6.B__6.D.cif,"6.A,6.B","6.A,6.B"
ame:3lkj__1__1.A_1.B_1.C__1.H,3lkj__1__1.A_1.B_1.C__1.H,structures/ame/3lkj__1__1.A_1.B_1.C__1.H.cif,"1.A,1.B,1.C","1.A,1.B,1.C"
ame:3ll3__1__1.A__1.C,3ll3__1__1.A__1.C,structures/ame/3ll3__1__1.A__1.C.cif,1.A,1.A
ame:3ll3__1__1.A__1.E,3ll3__1__1.A__1.E,structures/ame/3ll3__1__1.A__1.E.cif,1.A,1.A
ame:3ll3__1__1.B__1.F,3ll3__1__1.B__1.F,structures/ame/3ll3__1__1.B__1.F.cif,1.B,1.B
ame:3ll3__1__1.B__1.G,3ll3__1__1.B__1.G,structures/ame/3ll3__1__1.B__1.G.cif,1.B,1.B
ame:3ltw__2__1.A__1.B,3ltw__2__1.A__1.B,structures/ame/3ltw__2__1.A__1.B.cif,1.A,1.A
ame:3lyi__1__1.A__1.C,3lyi__1__1.A__1.C,structures/ame/3lyi__1__1.A__1.C.cif,1.A,1.A
ame:3m2w__1__1.A__1.B,3m2w__1__1.A__1.B,structures/ame/3m2w__1__1.A__1.B.cif,1.A,1.A
ame:3m42__1__1.A__1.C,3m42__1__1.A__1.C,structures/ame/3m42__1__1.A__1.C.cif,1.A,1.A
ame:3mcy__4__1.D__1.O,3mcy__4__1.D__1.O,structures/ame/3mcy__4__1.D__1.O.cif,1.D,1.D
ame:3mk7__1__1.C__1.AA,3mk7__1__1.C__1.AA,structures/ame/3mk7__1__1.C__1.AA.cif,1.C,1.C
ame:3mkk__1__1.B__1.C,3mkk__1__1.B__1.C,structures/ame/3mkk__1__1.B__1.C.cif,1.B,1.B
ame:3mmc__1__1.C_1.D__1.Q,3mmc__1__1.C_1.D__1.Q,structures/ame/3mmc__1__1.C_1.D__1.Q.cif,"1.C,1.D","1.C,1.D"
ame:3njq__2__4.A__4.D,3njq__2__4.A__4.D,structures/ame/3njq__2__4.A__4.D.cif,4.A,4.A
ame:3nk0__1__1.A__1.E,3nk0__1__1.A__1.E,structures/ame/3nk0__1__1.A__1.E.cif,1.A,1.A
ame:3o07__1__1.A_1.B__1.D,3o07__1__1.A_1.B__1.D,structures/ame/3o07__1__1.A_1.B__1.D.cif,"1.A,1.B","1.A,1.B"
ame:3o31__1__1.B__1.H,3o31__1__1.B__1.H,structures/ame/3o31__1__1.B__1.H.cif,1.B,1.B
ame:3o4p__1__1.A__1.P,3o4p__1__1.A__1.P,structures/ame/3o4p__1__1.A__1.P.cif,1.A,1.A
ame:3o4p__1__1.A__1.S,3o4p__1__1.A__1.S,structures/ame/3o4p__1__1.A__1.S.cif,1.A,1.A
ame:3o5n__6__1.E__1.I,3o5n__6__1.E__1.I,structures/ame/3o5n__6__1.E__1.I.cif,1.E,1.E
ame:3o6t__1__1.A__1.E,3o6t__1__1.A__1.E,structures/ame/3o6t__1__1.A__1.E.cif,1.A,1.A
ame:3o7j__1__1.A__1.B,3o7j__1__1.A__1.B,structures/ame/3o7j__1__1.A__1.B.cif,1.A,1.A
ame:3ogq__1__1.A_1.B__1.C,3ogq__1__1.A_1.B__1.C,structures/ame/3ogq__1__1.A_1.B__1.C.cif,"1.A,1.B","1.A,1.B"
ame:3otq__1__1.A__1.B,3otq__1__1.A__1.B,structures/ame/3otq__1__1.A__1.B.cif,1.A,1.A
ame:3oz1__1__1.A__1.F,3oz1__1__1.A__1.F,structures/ame/3oz1__1__1.A__1.F.cif,1.A,1.A
ame:3ozd__1__1.A_3.A__1.C,3ozd__1__1.A_3.A__1.C,structures/ame/3ozd__1__1.A_3.A__1.C.cif,"1.A,3.A","1.A,3.A"
ame:3p5p__1__1.A__1.F,3p5p__1__1.A__1.F,structures/ame/3p5p__1__1.A__1.F.cif,1.A,1.A
ame:3p7i__1__2.A__2.B,3p7i__1__2.A__2.B,structures/ame/3p7i__1__2.A__2.B.cif,2.A,2.A
ame:3p8p__1__1.A__1.C,3p8p__1__1.A__1.C,structures/ame/3p8p__1__1.A__1.C.cif,1.A,1.A
ame:3pa8__1__1.A__1.C,3pa8__1__1.A__1.C,structures/ame/3pa8__1__1.A__1.C.cif,1.A,1.A
ame:3pdc__1__1.A__1.C,3pdc__1__1.A__1.C,structures/ame/3pdc__1__1.A__1.C.cif,1.A,1.A
ame:3pgl__1__1.A__1.D,3pgl__1__1.A__1.D,structures/ame/3pgl__1__1.A__1.D.cif,1.A,1.A
ame:3pnq__2__1.D__1.E,3pnq__2__1.D__1.E,structures/ame/3pnq__2__1.D__1.E.cif,1.D,1.D
ame:3poc__1__1.B__1.C,3poc__1__1.B__1.C,structures/ame/3poc__1__1.B__1.C.cif,1.B,1.B
ame:3pya__1__1.A__1.B,3pya__1__1.A__1.B,structures/ame/3pya__1__1.A__1.B.cif,1.A,1.A
ame:3pyb__1__1.A__1.D,3pyb__1__1.A__1.D,structures/ame/3pyb__1__1.A__1.D.cif,1.A,1.A
ame:3q2j__1__1.A__1.D,3q2j__1__1.A__1.D,structures/ame/3q2j__1__1.A__1.D.cif,1.A,1.A
ame:3q2m__1__1.A__1.B,3q2m__1__1.A__1.B,structures/ame/3q2m__1__1.A__1.B.cif,1.A,1.A
ame:3q2z__1__1.A__1.C,3q2z__1__1.A__1.C,structures/ame/3q2z__1__1.A__1.C.cif,1.A,1.A
ame:3q5s__1__1.A_2.A__1.C,3q5s__1__1.A_2.A__1.C,structures/ame/3q5s__1__1.A_2.A__1.C.cif,"1.A,2.A","1.A,2.A"
ame:3q9n__1__1.A__1.E,3q9n__1__1.A__1.E,structures/ame/3q9n__1__1.A__1.E.cif,1.A,1.A
ame:3qdk__1__1.A__1.E,3qdk__1__1.A__1.E,structures/ame/3qdk__1__1.A__1.E.cif,1.A,1.A
ame:3qsd__1__1.A__1.B,3qsd__1__1.A__1.B,structures/ame/3qsd__1__1.A__1.B.cif,1.A,1.A
ame:3qvk__1__4.A__4.C,3qvk__1__4.A__4.C,structures/ame/3qvk__1__4.A__4.C.cif,4.A,4.A
ame:3qvl__2__1.B__1.D,3qvl__2__1.B__1.D,structures/ame/3qvl__2__1.B__1.D.cif,1.B,1.B
ame:3r1n__1__1.A__1.B,3r1n__1__1.A__1.B,structures/ame/3r1n__1__1.A__1.B.cif,1.A,1.A
ame:3r1v__2__1.B__1.D,3r1v__2__1.B__1.D,structures/ame/3r1v__2__1.B__1.D.cif,1.B,1.B
ame:3r2b__2__1.B__1.N,3r2b__2__1.B__1.N,structures/ame/3r2b__2__1.B__1.N.cif,1.B,1.B
ame:3r30__1__1.A__1.B,3r30__1__1.A__1.B,structures/ame/3r30__1__1.A__1.B.cif,1.A,1.A
ame:3rj8__1__1.A__1.B,3rj8__1__1.A__1.B,structures/ame/3rj8__1__1.A__1.B.cif,1.A,1.A
ame:3rj8__1__1.A__1.C,3rj8__1__1.A__1.C,structures/ame/3rj8__1__1.A__1.C.cif,1.A,1.A
ame:3rja__1__1.A__1.C,3rja__1__1.A__1.C,structures/ame/3rja__1__1.A__1.C.cif,1.A,1.A
ame:3rja__1__1.A__1.H,3rja__1__1.A__1.H,structures/ame/3rja__1__1.A__1.H.cif,1.A,1.A
ame:3ro5__1__1.A_1.B__1.C,3ro5__1__1.A_1.B__1.C,structures/ame/3ro5__1__1.A_1.B__1.C.cif,"1.A,1.B","1.A,1.B"
ame:3rrb__1__1.A_3.A__1.D,3rrb__1__1.A_3.A__1.D,structures/ame/3rrb__1__1.A_3.A__1.D.cif,"1.A,3.A","1.A,3.A"
ame:3rsc__2__1.B__1.H,3rsc__2__1.B__1.H,structures/ame/3rsc__2__1.B__1.H.cif,1.B,1.B
ame:3rsc__2__1.B__1.I,3rsc__2__1.B__1.I,structures/ame/3rsc__2__1.B__1.I.cif,1.B,1.B
ame:3rsq__1__2.A_4.A__4.E,3rsq__1__2.A_4.A__4.E,structures/ame/3rsq__1__2.A_4.A__4.E.cif,"2.A,4.A","2.A,4.A"
ame:3rt7__1__2.A_4.A__2.G,3rt7__1__2.A_4.A__2.G,structures/ame/3rt7__1__2.A_4.A__2.G.cif,"2.A,4.A","2.A,4.A"
ame:3rta__1__2.A_4.A__4.E,3rta__1__2.A_4.A__4.E,structures/ame/3rta__1__2.A_4.A__4.E.cif,"2.A,4.A","2.A,4.A"
ame:3rtc__1__1.A_4.A__1.G,3rtc__1__1.A_4.A__1.G,structures/ame/3rtc__1__1.A_4.A__1.G.cif,"1.A,4.A","1.A,4.A"
ame:3ru2__1__5.A_7.A__7.E,3ru2__1__5.A_7.A__7.E,structures/ame/3ru2__1__5.A_7.A__7.E.cif,"5.A,7.A","5.A,7.A"
ame:3rzp__2__1.D__1.I,3rzp__2__1.D__1.I,structures/ame/3rzp__2__1.D__1.I.cif,1.D,1.D
ame:3s19__1__1.A__1.E,3s19__1__1.A__1.E,structures/ame/3s19__1__1.A__1.E.cif,1.A,1.A
ame:3s1t__1__1.A_1.B__1.D,3s1t__1__1.A_1.B__1.D,structures/ame/3s1t__1__1.A_1.B__1.D.cif,"1.A,1.B","1.A,1.B"
ame:3s3q__1__1.A__1.B,3s3q__1__1.A__1.B,structures/ame/3s3q__1__1.A__1.B.cif,1.A,1.A
ame:3s3r__1__1.A__1.D,3s3r__1__1.A__1.D,structures/ame/3s3r__1__1.A__1.D.cif,1.A,1.A
ame:3s5w__2__1.B__1.H,3s5w__2__1.B__1.H,structures/ame/3s5w__2__1.B__1.H.cif,1.B,1.B
ame:3s5w__2__1.B__1.I,3s5w__2__1.B__1.I,structures/ame/3s5w__2__1.B__1.I.cif,1.B,1.B
ame:3s5w__2__1.B__1.K,3s5w__2__1.B__1.K,structures/ame/3s5w__2__1.B__1.K.cif,1.B,1.B
ame:3s7b__1__1.A__1.C,3s7b__1__1.A__1.C,structures/ame/3s7b__1__1.A__1.C.cif,1.A,1.A
ame:3s7d__1__1.A__1.F,3s7d__1__1.A__1.F,structures/ame/3s7d__1__1.A__1.F.cif,1.A,1.A
ame:3s7f__1__1.A__1.D,3s7f__1__1.A__1.D,structures/ame/3s7f__1__1.A__1.D.cif,1.A,1.A
ame:3s7j__1__1.A__1.B,3s7j__1__1.A__1.B,structures/ame/3s7j__1__1.A__1.B.cif,1.A,1.A
ame:3scg__1__1.A_1.B__1.D,3scg__1__1.A_1.B__1.D,structures/ame/3scg__1__1.A_1.B__1.D.cif,"1.A,1.B","1.A,1.B"
ame:3sfg__1__1.A__1.D,3sfg__1__1.A__1.D,structures/ame/3sfg__1__1.A__1.D.cif,1.A,1.A
ame:3sfu__1__1.A__1.D,3sfu__1__1.A__1.D,structures/ame/3sfu__1__1.A__1.D.cif,1.A,1.A
ame:3sgt__1__1.A__1.C,3sgt__1__1.A__1.C,structures/ame/3sgt__1__1.A__1.C.cif,1.A,1.A
ame:3sh0__1__1.B__1.E,3sh0__1__1.B__1.E,structures/ame/3sh0__1__1.B__1.E.cif,1.B,1.B
ame:3she__1__1.A__1.B,3she__1__1.A__1.B,structures/ame/3she__1__1.A__1.B.cif,1.A,1.A
ame:3sk2__1__1.A_1.B__1.C,3sk2__1__1.A_1.B__1.C,structures/ame/3sk2__1__1.A_1.B__1.C.cif,"1.A,1.B","1.A,1.B"
ame:3slh__2__1.B__1.Y,3slh__2__1.B__1.Y,structures/ame/3slh__2__1.B__1.Y.cif,1.B,1.B
ame:3std__1__1.C__1.H,3std__1__1.C__1.H,structures/ame/3std__1__1.C__1.H.cif,1.C,1.C
ame:3t6a__5__1.B__1.F,3t6a__5__1.B__1.F,structures/ame/3t6a__5__1.B__1.F.cif,1.B,1.B
ame:3t9i__1__1.A__1.B,3t9i__1__1.A__1.B,structures/ame/3t9i__1__1.A__1.B.cif,1.A,1.A
ame:3tcm__1__1.A_1.B__1.C,3tcm__1__1.A_1.B__1.C,structures/ame/3tcm__1__1.A_1.B__1.C.cif,"1.A,1.B","1.A,1.B"
ame:3tew__1__1.A__1.D,3tew__1__1.A__1.D,structures/ame/3tew__1__1.A__1.D.cif,1.A,1.A
ame:3tez__1__1.A__1.D,3tez__1__1.A__1.D,structures/ame/3tez__1__1.A__1.D.cif,1.A,1.A
ame:3tfi__1__1.A_1.B__1.F,3tfi__1__1.A_1.B__1.F,structures/ame/3tfi__1__1.A_1.B__1.F.cif,"1.A,1.B","1.A,1.B"
ame:3tg6__1__1.A_1.B__1.C,3tg6__1__1.A_1.B__1.C,structures/ame/3tg6__1__1.A_1.B__1.C.cif,"1.A,1.B","1.A,1.B"
ame:3th0__1__1.A__1.B,3th0__1__1.A__1.B,structures/ame/3th0__1__1.A__1.B.cif,1.A,1.A
ame:3th8__1__1.A__1.C,3th8__1__1.A__1.C,structures/ame/3th8__1__1.A__1.C.cif,1.A,1.A
ame:3tmk__4__1.H__1.P,3tmk__4__1.H__1.P,structures/ame/3tmk__4__1.H__1.P.cif,1.H,1.H
ame:3tod__1__1.A__1.D,3tod__1__1.A__1.D,structures/ame/3tod__1__1.A__1.D.cif,1.A,1.A
ame:3tod__1__1.A__1.O,3tod__1__1.A__1.O,structures/ame/3tod__1__1.A__1.O.cif,1.A,1.A
ame:3ts1__1__1.A__1.B,3ts1__1__1.A__1.B,structures/ame/3ts1__1__1.A__1.B.cif,1.A,1.A
ame:3txt__1__1.A__1.B,3txt__1__1.A__1.B,structures/ame/3txt__1__1.A__1.B.cif,1.A,1.A
ame:3u14__1__1.A_1.B__1.D,3u14__1__1.A_1.B__1.D,structures/ame/3u14__1__1.A_1.B__1.D.cif,"1.A,1.B","1.A,1.B"
ame:3u32__1__1.A_2.E__1.F,3u32__1__1.A_2.E__1.F,structures/ame/3u32__1__1.A_2.E__1.F.cif,"1.A,2.E","1.A,2.E"
ame:3u72__1__1.A__1.D,3u72__1__1.A__1.D,structures/ame/3u72__1__1.A__1.D.cif,1.A,1.A
ame:3u72__1__1.A__1.E,3u72__1__1.A__1.E,structures/ame/3u72__1__1.A__1.E.cif,1.A,1.A
ame:3u72__1__1.A__1.K,3u72__1__1.A__1.K,structures/ame/3u72__1__1.A__1.K.cif,1.A,1.A
ame:3u88__1__1.A__1.G,3u88__1__1.A__1.G,structures/ame/3u88__1__1.A__1.G.cif,1.A,1.A
ame:3u88__2__1.B__1.Q,3u88__2__1.B__1.Q,structures/ame/3u88__2__1.B__1.Q.cif,1.B,1.B
ame:3u88__2__1.B__1.R,3u88__2__1.B__1.R,structures/ame/3u88__2__1.B__1.R.cif,1.B,1.B
ame:3u8q__1__1.A__1.D,3u8q__1__1.A__1.D,structures/ame/3u8q__1__1.A__1.D.cif,1.A,1.A
ame:3u8q__1__1.A__1.E,3u8q__1__1.A__1.E,structures/ame/3u8q__1__1.A__1.E.cif,1.A,1.A
ame:3u8q__1__1.A__1.K,3u8q__1__1.A__1.K,structures/ame/3u8q__1__1.A__1.K.cif,1.A,1.A
ame:3ufa__1__1.A__1.C,3ufa__1__1.A__1.C,structures/ame/3ufa__1__1.A__1.C.cif,1.A,1.A
ame:3ugw__1__1.A__1.C,3ugw__1__1.A__1.C,structures/ame/3ugw__1__1.A__1.C.cif,1.A,1.A
ame:3ugw__1__1.A__1.J,3ugw__1__1.A__1.J,structures/ame/3ugw__1__1.A__1.J.cif,1.A,1.A
ame:3uk4__1__1.A__1.D,3uk4__1__1.A__1.D,structures/ame/3uk4__1__1.A__1.D.cif,1.A,1.A
ame:3uk4__1__1.A__1.J,3uk4__1__1.A__1.J,structures/ame/3uk4__1__1.A__1.J.cif,1.A,1.A
ame:3uk4__1__1.A__1.K,3uk4__1__1.A__1.K,structures/ame/3uk4__1__1.A__1.K.cif,1.A,1.A
ame:3up0__1__1.A__1.E,3up0__1__1.A__1.E,structures/ame/3up0__1__1.A__1.E.cif,1.A,1.A
ame:3usd__1__1.A__1.C,3usd__1__1.A__1.C,structures/ame/3usd__1__1.A__1.C.cif,1.A,1.A
ame:3usd__1__1.A__1.D,3usd__1__1.A__1.D,structures/ame/3usd__1__1.A__1.D.cif,1.A,1.A
ame:3usd__1__1.A__1.J,3usd__1__1.A__1.J,structures/ame/3usd__1__1.A__1.J.cif,1.A,1.A
ame:3usd__1__1.A__1.K,3usd__1__1.A__1.K,structures/ame/3usd__1__1.A__1.K.cif,1.A,1.A
ame:3uwp__1__1.A__1.B,3uwp__1__1.A__1.B,structures/ame/3uwp__1__1.A__1.B.cif,1.A,1.A
ame:3uxj__2__1.C__1.O,3uxj__2__1.C__1.O,structures/ame/3uxj__2__1.C__1.O.cif,1.C,1.C
ame:3v5a__1__1.A__1.C,3v5a__1__1.A__1.C,structures/ame/3v5a__1__1.A__1.C.cif,1.A,1.A
ame:3v5a__1__1.A__1.E,3v5a__1__1.A__1.E,structures/ame/3v5a__1__1.A__1.E.cif,1.A,1.A
ame:3v66__1__1.A__1.C,3v66__1__1.A__1.C,structures/ame/3v66__1__1.A__1.C.cif,1.A,1.A
ame:3v78__1__1.A_1.B__1.D,3v78__1__1.A_1.B__1.D,structures/ame/3v78__1__1.A_1.B__1.D.cif,"1.B,1.A","1.B,1.A"
ame:3vdf__1__1.A__1.D,3vdf__1__1.A__1.D,structures/ame/3vdf__1__1.A__1.D.cif,1.A,1.A
ame:3vdf__1__1.A__1.E,3vdf__1__1.A__1.E,structures/ame/3vdf__1__1.A__1.E.cif,1.A,1.A
ame:3vje__1__1.A__1.C,3vje__1__1.A__1.C,structures/ame/3vje__1__1.A__1.C.cif,1.A,1.A
ame:3vk5__1__1.B__1.E,3vk5__1__1.B__1.E,structures/ame/3vk5__1__1.B__1.E.cif,1.B,1.B
ame:3vka__1__1.A__1.D,3vka__1__1.A__1.D,structures/ame/3vka__1__1.A__1.D.cif,1.A,1.A
ame:3vkc__1__1.A__1.D,3vkc__1__1.A__1.D,structures/ame/3vkc__1__1.A__1.D.cif,1.A,1.A
ame:3vkd__1__1.A__1.D,3vkd__1__1.A__1.D,structures/ame/3vkd__1__1.A__1.D.cif,1.A,1.A
ame:3vlu__1__1.A__1.B,3vlu__1__1.A__1.B,structures/ame/3vlu__1__1.A__1.B.cif,1.A,1.A
ame:3vlv__1__1.A__1.B,3vlv__1__1.A__1.B,structures/ame/3vlv__1__1.A__1.B.cif,1.A,1.A
ame:3vma__1__1.A__1.B,3vma__1__1.A__1.B,structures/ame/3vma__1__1.A__1.B.cif,1.A,1.A
ame:3vr8__1__1.B_1.C_1.D__1.N,3vr8__1__1.B_1.C_1.D__1.N,structures/ame/3vr8__1__1.B_1.C_1.D__1.N.cif,"1.B,1.C,1.D","1.B,1.C,1.D"
ame:3vra__1__1.B_1.C_1.D__1.N,3vra__1__1.B_1.C_1.D__1.N,structures/ame/3vra__1__1.B_1.C_1.D__1.N.cif,"1.B,1.C,1.D","1.B,1.C,1.D"
ame:3vvp__1__1.A__1.C,3vvp__1__1.A__1.C,structures/ame/3vvp__1__1.A__1.C.cif,1.A,1.A
ame:3vzc__1__1.A__1.G,3vzc__1__1.A__1.G,structures/ame/3vzc__1__1.A__1.G.cif,1.A,1.A
ame:3vzd__2__2.E__2.R,3vzd__2__2.E__2.R,structures/ame/3vzd__2__2.E__2.R.cif,2.E,2.E
ame:3wah__2__1.B__1.D,3wah__2__1.B__1.D,structures/ame/3wah__2__1.B__1.D.cif,1.B,1.B
ame:3wb0__1__1.A_1.B__1.E,3wb0__1__1.A_1.B__1.E,structures/ame/3wb0__1__1.A_1.B__1.E.cif,"1.A,1.B","1.A,1.B"
ame:3wb2__1__1.C_1.D__1.K,3wb2__1__1.C_1.D__1.K,structures/ame/3wb2__1__1.C_1.D__1.K.cif,"1.D,1.C","1.D,1.C"
ame:3wc9__1__1.A__1.G,3wc9__1__1.A__1.G,structures/ame/3wc9__1__1.A__1.G.cif,1.A,1.A
ame:3wca__4__1.D__1.L,3wca__4__1.D__1.L,structures/ame/3wca__4__1.D__1.L.cif,1.D,1.D
ame:3wcc__1__1.A__1.E,3wcc__1__1.A__1.E,structures/ame/3wcc__1__1.A__1.E.cif,1.A,1.A
ame:3wcd__1__1.B__1.H,3wcd__1__1.B__1.H,structures/ame/3wcd__1__1.B__1.H.cif,1.B,1.B
ame:3wce__5__1.D__1.H,3wce__5__1.D__1.H,structures/ame/3wce__5__1.D__1.H.cif,1.D,1.D
ame:3wcf__2__1.C__1.I,3wcf__2__1.C__1.I,structures/ame/3wcf__2__1.C__1.I.cif,1.C,1.C
ame:3wch__1__1.D__1.M,3wch__1__1.D__1.M,structures/ame/3wch__1__1.D__1.M.cif,1.D,1.D
ame:3wcj__3__1.F__1.L,3wcj__3__1.F__1.L,structures/ame/3wcj__3__1.F__1.L.cif,1.F,1.F
ame:3wcm__1__1.C__1.I,3wcm__1__1.C__1.I,structures/ame/3wcm__1__1.C__1.I.cif,1.C,1.C
ame:3wez__2__1.C__1.BA,3wez__2__1.C__1.BA,structures/ame/3wez__2__1.C__1.BA.cif,1.C,1.C
ame:3wez__2__1.C__1.DA,3wez__2__1.C__1.DA,structures/ame/3wez__2__1.C__1.DA.cif,1.C,1.C
ame:3wf0__1__1.A__1.J,3wf0__1__1.A__1.J,structures/ame/3wf0__1__1.A__1.J.cif,1.A,1.A
ame:3wf0__1__1.D__1.LA,3wf0__1__1.D__1.LA,structures/ame/3wf0__1__1.D__1.LA.cif,1.D,1.D
ame:3wf1__1__1.A__1.E,3wf1__1__1.A__1.E,structures/ame/3wf1__1__1.A__1.E.cif,1.A,1.A
ame:3wf1__1__1.A__1.J,3wf1__1__1.A__1.J,structures/ame/3wf1__1__1.A__1.J.cif,1.A,1.A
ame:3wf2__1__1.A__1.J,3wf2__1__1.A__1.J,structures/ame/3wf2__1__1.A__1.J.cif,1.A,1.A
ame:3wf2__1__1.D__1.MA,3wf2__1__1.D__1.MA,structures/ame/3wf2__1__1.D__1.MA.cif,1.D,1.D
ame:3wk4__1__2.A__2.D,3wk4__1__2.A__2.D,structures/ame/3wk4__1__2.A__2.D.cif,2.A,2.A
ame:3wk6__1__1.A__1.D,3wk6__1__1.A__1.D,structures/ame/3wk6__1__1.A__1.D.cif,1.A,1.A
ame:3wk7__1__2.A__2.D,3wk7__1__2.A__2.D,structures/ame/3wk7__1__2.A__2.D.cif,2.A,2.A
ame:3wk8__1__1.A__1.D,3wk8__1__1.A__1.D,structures/ame/3wk8__1__1.A__1.D.cif,1.A,1.A
ame:3wk9__1__2.A__2.D,3wk9__1__2.A__2.D,structures/ame/3wk9__1__2.A__2.D.cif,2.A,2.A
ame:3wka__1__2.A__2.D,3wka__1__2.A__2.D,structures/ame/3wka__1__2.A__2.D.cif,2.A,2.A
ame:3wkb__1__1.A__1.D,3wkb__1__1.A__1.D,structures/ame/3wkb__1__1.A__1.D.cif,1.A,1.A
ame:3wkc__1__2.A__2.D,3wkc__1__2.A__2.D,structures/ame/3wkc__1__2.A__2.D.cif,2.A,2.A
ame:3wkd__1__1.A__1.D,3wkd__1__1.A__1.D,structures/ame/3wkd__1__1.A__1.D.cif,1.A,1.A
ame:3wke__1__1.A__1.D,3wke__1__1.A__1.D,structures/ame/3wke__1__1.A__1.D.cif,1.A,1.A
ame:3wl7__1__1.A__1.B,3wl7__1__1.A__1.B,structures/ame/3wl7__1__1.A__1.B.cif,1.A,1.A
ame:3wsa__1__1.E__1.J,3wsa__1__1.E__1.J,structures/ame/3wsa__1__1.E__1.J.cif,1.E,1.E
ame:3wvc__1__1.A_1.B__1.E,3wvc__1__1.A_1.B__1.E,structures/ame/3wvc__1__1.A_1.B__1.E.cif,"1.A,1.B","1.A,1.B"
ame:3wvc__1__1.A_1.B__1.F,3wvc__1__1.A_1.B__1.F,structures/ame/3wvc__1__1.A_1.B__1.F.cif,"1.A,1.B","1.A,1.B"
ame:3wwx__1__1.A__1.B,3wwx__1__1.A__1.B,structures/ame/3wwx__1__1.A__1.B.cif,1.A,1.A
ame:3wyj__1__1.A__1.C,3wyj__1__1.A__1.C,structures/ame/3wyj__1__1.A__1.C.cif,1.A,1.A
ame:3x2g__1__1.A__1.B,3x2g__1__1.A__1.B,structures/ame/3x2g__1__1.A__1.B.cif,1.A,1.A
ame:3x2h__1__1.A__1.E,3x2h__1__1.A__1.E,structures/ame/3x2h__1__1.A__1.E.cif,1.A,1.A
ame:3x2i__1__1.A__1.B,3x2i__1__1.A__1.B,structures/ame/3x2i__1__1.A__1.B.cif,1.A,1.A
ame:3x2j__1__1.A__1.B,3x2j__1__1.A__1.B,structures/ame/3x2j__1__1.A__1.B.cif,1.A,1.A
ame:3x2l__1__1.A__1.B,3x2l__1__1.A__1.B,structures/ame/3x2l__1__1.A__1.B.cif,1.A,1.A
ame:3zcz__1__1.A__1.E,3zcz__1__1.A__1.E,structures/ame/3zcz__1__1.A__1.E.cif,1.A,1.A
ame:3zcz__2__1.B__1.M,3zcz__2__1.B__1.M,structures/ame/3zcz__2__1.B__1.M.cif,1.B,1.B
ame:3zcz__3__1.C__1.R,3zcz__3__1.C__1.R,structures/ame/3zcz__3__1.C__1.R.cif,1.C,1.C
ame:3zcz__4__1.D__1.X,3zcz__4__1.D__1.X,structures/ame/3zcz__4__1.D__1.X.cif,1.D,1.D
ame:3zda__1__1.A__1.F,3zda__1__1.A__1.F,structures/ame/3zda__1__1.A__1.F.cif,1.A,1.A
ame:3zeb__1__1.A__1.B,3zeb__1__1.A__1.B,structures/ame/3zeb__1__1.A__1.B.cif,1.A,1.A
ame:3zgp__1__1.A__1.B,3zgp__1__1.A__1.B,structures/ame/3zgp__1__1.A__1.B.cif,1.A,1.A
ame:3zkk__1__1.A__1.B,3zkk__1__1.A__1.B,structures/ame/3zkk__1__1.A__1.B.cif,1.A,1.A
ame:3zkl__1__1.A__1.B,3zkl__1__1.A__1.B,structures/ame/3zkl__1__1.A__1.B.cif,1.A,1.A
ame:3zl1__2__1.B__1.D,3zl1__2__1.B__1.D,structures/ame/3zl1__2__1.B__1.D.cif,1.B,1.B
ame:3zl2__1__1.A__1.B,3zl2__1__1.A__1.B,structures/ame/3zl2__1__1.A__1.B.cif,1.A,1.A
ame:3zmh__1__1.A__1.B,3zmh__1__1.A__1.B,structures/ame/3zmh__1__1.A__1.B.cif,1.A,1.A
ame:3zmh__1__1.A__1.C,3zmh__1__1.A__1.C,structures/ame/3zmh__1__1.A__1.C.cif,1.A,1.A
ame:3zmi__1__1.A__1.B,3zmi__1__1.A__1.B,structures/ame/3zmi__1__1.A__1.B.cif,1.A,1.A
ame:3zmj__1__1.A__1.B,3zmj__1__1.A__1.B,structures/ame/3zmj__1__1.A__1.B.cif,1.A,1.A
ame:3zot__1__1.A__1.B,3zot__1__1.A__1.B,structures/ame/3zot__1__1.A__1.B.cif,1.A,1.A
ame:3zp4__1__1.B_1.C__1.G,3zp4__1__1.B_1.C__1.G,structures/ame/3zp4__1__1.B_1.C__1.G.cif,"1.B,1.C","1.B,1.C"
ame:3zuo__1__1.A__1.E,3zuo__1__1.A__1.E,structures/ame/3zuo__1__1.A__1.E.cif,1.A,1.A
ame:3zvi__1__1.B__1.K,3zvi__1__1.B__1.K,structures/ame/3zvi__1__1.B__1.K.cif,1.B,1.B
ame:3zxk__2__1.B__1.D,3zxk__2__1.B__1.D,structures/ame/3zxk__2__1.B__1.D.cif,1.B,1.B
ame:4a3h__1__1.A__1.B,4a3h__1__1.A__1.B,structures/ame/4a3h__1__1.A__1.B.cif,1.A,1.A
ame:4afe__1__1.A__1.B,4afe__1__1.A__1.B,structures/ame/4afe__1__1.A__1.B.cif,1.A,1.A
ame:4alu__1__1.A__1.C,4alu__1__1.A__1.C,structures/ame/4alu__1__1.A__1.C.cif,1.A,1.A
ame:4alv__1__1.A__1.C,4alv__1__1.A__1.C,structures/ame/4alv__1__1.A__1.C.cif,1.A,1.A
ame:4alw__1__1.A__1.C,4alw__1__1.A__1.C,structures/ame/4alw__1__1.A__1.C.cif,1.A,1.A
ame:4arx__2__1.B__1.H,4arx__2__1.B__1.H,structures/ame/4arx__2__1.B__1.H.cif,1.B,1.B
ame:4as0__1__1.A__1.B,4as0__1__1.A__1.B,structures/ame/4as0__1__1.A__1.B.cif,1.A,1.A
ame:4att__1__1.A__1.B,4att__1__1.A__1.B,structures/ame/4att__1__1.A__1.B.cif,1.A,1.A
ame:4auj__1__1.A__1.B,4auj__1__1.A__1.B,structures/ame/4auj__1__1.A__1.B.cif,1.A,1.A
ame:4auy__2__2.A__2.C,4auy__2__2.A__2.C,structures/ame/4auy__2__2.A__2.C.cif,2.A,2.A
ame:4av0__1__1.A__1.C,4av0__1__1.A__1.C,structures/ame/4av0__1__1.A__1.C.cif,1.A,1.A
ame:4av4__1__1.A__1.B,4av4__1__1.A__1.B,structures/ame/4av4__1__1.A__1.B.cif,1.A,1.A
ame:4av5__4__1.D__1.K,4av5__4__1.D__1.K,structures/ame/4av5__4__1.D__1.K.cif,1.D,1.D
ame:4avh__2__1.B__1.F,4avh__2__1.B__1.F,structures/ame/4avh__2__1.B__1.F.cif,1.B,1.B
ame:4avi__1__1.A__1.C,4avi__1__1.A__1.C,structures/ame/4avi__1__1.A__1.C.cif,1.A,1.A
ame:4avj__2__1.B__1.G,4avj__2__1.B__1.G,structures/ame/4avj__2__1.B__1.G.cif,1.B,1.B
ame:4avk__1__1.A__1.C,4avk__1__1.A__1.C,structures/ame/4avk__1__1.A__1.C.cif,1.A,1.A
ame:4az5__1__1.A__1.B,4az5__1__1.A__1.B,structures/ame/4az5__1__1.A__1.B.cif,1.A,1.A
ame:4az7__1__1.A__1.B,4az7__1__1.A__1.B,structures/ame/4az7__1__1.A__1.B.cif,1.A,1.A
ame:4azc__4__1.D__1.T,4azc__4__1.D__1.T,structures/ame/4azc__4__1.D__1.T.cif,1.D,1.D
ame:4azh__4__1.D__1.T,4azh__4__1.D__1.T,structures/ame/4azh__4__1.D__1.T.cif,1.D,1.D
ame:4b0b__1__1.A_1.B__1.C,4b0b__1__1.A_1.B__1.C,structures/ame/4b0b__1__1.A_1.B__1.C.cif,"1.A,1.B","1.A,1.B"
ame:4b0c__1__1.A_1.B__1.F,4b0c__1__1.A_1.B__1.F,structures/ame/4b0c__1__1.A_1.B__1.F.cif,"1.B,1.A","1.B,1.A"
ame:4b0i__3__1.E_2.E__2.J,4b0i__3__1.E_2.E__2.J,structures/ame/4b0i__3__1.E_2.E__2.J.cif,"1.E,2.E","1.E,2.E"
ame:4b0j__2__1.C_1.D__1.W,4b0j__2__1.C_1.D__1.W,structures/ame/4b0j__2__1.C_1.D__1.W.cif,"1.D,1.C","1.D,1.C"
ame:4b1i__1__1.A__1.E,4b1i__1__1.A__1.E,structures/ame/4b1i__1__1.A__1.E.cif,1.A,1.A
ame:4b1j__1__1.A__1.D,4b1j__1__1.A__1.D,structures/ame/4b1j__1__1.A__1.D.cif,1.A,1.A
ame:4b2g__2__1.B__1.H,4b2g__2__1.B__1.H,structures/ame/4b2g__2__1.B__1.H.cif,1.B,1.B
ame:4b8u__1__1.A_1.B__1.F,4b8u__1__1.A_1.B__1.F,structures/ame/4b8u__1__1.A_1.B__1.F.cif,"1.A,1.B","1.A,1.B"
ame:4bc2__2__1.B__1.G,4bc2__2__1.B__1.G,structures/ame/4bc2__2__1.B__1.G.cif,1.B,1.B
ame:4bc2__3__1.C__1.I,4bc2__3__1.C__1.I,structures/ame/4bc2__3__1.C__1.I.cif,1.C,1.C
ame:4bc4__3__1.C__1.H,4bc4__3__1.C__1.H,structures/ame/4bc4__3__1.C__1.H.cif,1.C,1.C
ame:4bc5__2__1.B__1.E,4bc5__2__1.B__1.E,structures/ame/4bc5__2__1.B__1.E.cif,1.B,1.B
ame:4bfs__1__1.A__1.B,4bfs__1__1.A__1.B,structures/ame/4bfs__1__1.A__1.B.cif,1.A,1.A
ame:4bft__1__1.A__1.D,4bft__1__1.A__1.D,structures/ame/4bft__1__1.A__1.D.cif,1.A,1.A
ame:4bfu__1__1.A__1.D,4bfu__1__1.A__1.D,structures/ame/4bfu__1__1.A__1.D.cif,1.A,1.A
ame:4bfv__1__1.A__1.D,4bfv__1__1.A__1.D,structures/ame/4bfv__1__1.A__1.D.cif,1.A,1.A
ame:4bfw__1__1.A__1.D,4bfw__1__1.A__1.D,structures/ame/4bfw__1__1.A__1.D.cif,1.A,1.A
ame:4bfx__1__1.A__1.D,4bfx__1__1.A__1.D,structures/ame/4bfx__1__1.A__1.D.cif,1.A,1.A
ame:4bfy__1__1.A__1.D,4bfy__1__1.A__1.D,structures/ame/4bfy__1__1.A__1.D.cif,1.A,1.A
ame:4bfz__1__1.A__1.D,4bfz__1__1.A__1.D,structures/ame/4bfz__1__1.A__1.D.cif,1.A,1.A
ame:4bg1__1__2.A__2.F,4bg1__1__2.A__2.F,structures/ame/4bg1__1__2.A__2.F.cif,2.A,2.A
ame:4bgk__1__2.A__2.F,4bgk__1__2.A__2.F,structures/ame/4bgk__1__2.A__2.F.cif,2.A,2.A
ame:4bgm__1__2.A__2.F,4bgm__1__2.A__2.F,structures/ame/4bgm__1__2.A__2.F.cif,2.A,2.A
ame:4bhf__1__1.A__1.F,4bhf__1__1.A__1.F,structures/ame/4bhf__1__1.A__1.F.cif,1.A,1.A
ame:4bhg__1__1.A__1.H,4bhg__1__1.A__1.H,structures/ame/4bhg__1__1.A__1.H.cif,1.A,1.A
ame:4bhi__1__2.A__2.F,4bhi__1__2.A__2.F,structures/ame/4bhi__1__2.A__2.F.cif,2.A,2.A
ame:4bjh__1__6.A__6.D,4bjh__1__6.A__6.D,structures/ame/4bjh__1__6.A__6.D.cif,6.A,6.A
ame:4btv__1__1.A__1.C,4btv__1__1.A__1.C,structures/ame/4btv__1__1.A__1.C.cif,1.A,1.A
ame:4btv__2__1.B__1.D,4btv__2__1.B__1.D,structures/ame/4btv__2__1.B__1.D.cif,1.B,1.B
ame:4buq__2__1.B__1.D,4buq__2__1.B__1.D,structures/ame/4buq__2__1.B__1.D.cif,1.B,1.B
ame:4bzn__1__1.A__1.B,4bzn__1__1.A__1.B,structures/ame/4bzn__1__1.A__1.B.cif,1.A,1.A
ame:4bzo__1__1.A__1.B,4bzo__1__1.A__1.B,structures/ame/4bzo__1__1.A__1.B.cif,1.A,1.A
ame:4c0j__1__1.A__1.H,4c0j__1__1.A__1.H,structures/ame/4c0j__1__1.A__1.H.cif,1.A,1.A
ame:4c0k__1__1.A__1.B,4c0k__1__1.A__1.B,structures/ame/4c0k__1__1.A__1.B.cif,1.A,1.A
ame:4c0l__1__1.A__1.J,4c0l__1__1.A__1.J,structures/ame/4c0l__1__1.A__1.J.cif,1.A,1.A
ame:4c1u__1__1.A__1.B,4c1u__1__1.A__1.B,structures/ame/4c1u__1__1.A__1.B.cif,1.A,1.A
ame:4c5w__1__2.A__2.H,4c5w__1__2.A__2.H,structures/ame/4c5w__1__2.A__2.H.cif,2.A,2.A
ame:4c7f__2__1.B__1.JA,4c7f__2__1.B__1.JA,structures/ame/4c7f__2__1.B__1.JA.cif,1.B,1.B
ame:4c91__1__1.A__1.D,4c91__1__1.A__1.D,structures/ame/4c91__1__1.A__1.D.cif,1.A,1.A
ame:4ccw__1__1.A__1.B,4ccw__1__1.A__1.B,structures/ame/4ccw__1__1.A__1.B.cif,1.A,1.A
ame:4cdc__1__1.G_1.H_1.I__1.X,4cdc__1__1.G_1.H_1.I__1.X,structures/ame/4cdc__1__1.G_1.H_1.I__1.X.cif,"1.G,1.H,1.I","1.G,1.H,1.I"
ame:4cde__2__1.A_1.B_1.C__1.I,4cde__2__1.A_1.B_1.C__1.I,structures/ame/4cde__2__1.A_1.B_1.C__1.I.cif,"1.A,1.B,1.C","1.A,1.B,1.C"
ame:4cl6__1__1.A_1.B__1.F,4cl6__1__1.A_1.B__1.F,structures/ame/4cl6__1__1.A_1.B__1.F.cif,"1.B,1.A","1.B,1.A"
ame:4clp__1__3.A__3.G,4clp__1__3.A__3.G,structures/ame/4clp__1__3.A__3.G.cif,3.A,3.A
ame:4clt__1__1.A__1.D,4clt__1__1.A__1.D,structures/ame/4clt__1__1.A__1.D.cif,1.A,1.A
ame:4cmf__1__1.A_3.A__1.B,4cmf__1__1.A_3.A__1.B,structures/ame/4cmf__1__1.A_3.A__1.B.cif,"1.A,3.A","1.A,3.A"
ame:4cq6__1__1.B__1.F,4cq6__1__1.B__1.F,structures/ame/4cq6__1__1.B__1.F.cif,1.B,1.B
ame:4cq7__1__1.A__1.D,4cq7__1__1.A__1.D,structures/ame/4cq7__1__1.A__1.D.cif,1.A,1.A
ame:4csm__2__2.B__2.F,4csm__2__2.B__2.F,structures/ame/4csm__2__2.B__2.F.cif,2.B,2.B
ame:4css__1__1.A__1.B,4css__1__1.A__1.B,structures/ame/4css__1__1.A__1.B.cif,1.A,1.A
ame:4cst__1__1.A__1.B,4cst__1__1.A__1.B,structures/ame/4cst__1__1.A__1.B.cif,1.A,1.A
ame:4csw__1__1.A__1.D,4csw__1__1.A__1.D,structures/ame/4csw__1__1.A__1.D.cif,1.A,1.A
ame:4d0z__6__1.E__1.EB,4d0z__6__1.E__1.EB,structures/ame/4d0z__6__1.E__1.EB.cif,1.E,1.E
ame:4d1a__1__1.A__1.B,4d1a__1__1.A__1.B,structures/ame/4d1a__1__1.A__1.B.cif,1.A,1.A
ame:4d1b__1__1.A__1.B,4d1b__1__1.A__1.B,structures/ame/4d1b__1__1.A__1.B.cif,1.A,1.A
ame:4d1c__1__1.A__1.B,4d1c__1__1.A__1.B,structures/ame/4d1c__1__1.A__1.B.cif,1.A,1.A
ame:4d4j__1__2.A__2.E,4d4j__1__2.A__2.E,structures/ame/4d4j__1__2.A__2.E.cif,2.A,2.A
ame:4d4k__1__1.A__1.E,4d4k__1__1.A__1.E,structures/ame/4d4k__1__1.A__1.E.cif,1.A,1.A
ame:4d4l__1__2.A__2.E,4d4l__1__2.A__2.E,structures/ame/4d4l__1__2.A__2.E.cif,2.A,2.A
ame:4d4m__1__1.A__1.F,4d4m__1__1.A__1.F,structures/ame/4d4m__1__1.A__1.F.cif,1.A,1.A
ame:4d8e__1__1.A__1.B,4d8e__1__1.A__1.B,structures/ame/4d8e__1__1.A__1.B.cif,1.A,1.A
ame:4dig__1__1.A__1.D,4dig__1__1.A__1.D,structures/ame/4dig__1__1.A__1.D.cif,1.A,1.A
ame:4dig__1__1.A__1.E,4dig__1__1.A__1.E,structures/ame/4dig__1__1.A__1.E.cif,1.A,1.A
ame:4dmo__1__1.A__1.C,4dmo__1__1.A__1.C,structures/ame/4dmo__1__1.A__1.C.cif,1.A,1.A
ame:4dqd__1__1.A__1.B,4dqd__1__1.A__1.B,structures/ame/4dqd__1__1.A__1.B.cif,1.A,1.A
ame:4dqd__1__1.A__1.E,4dqd__1__1.A__1.E,structures/ame/4dqd__1__1.A__1.E.cif,1.A,1.A
ame:4dwk__1__1.A__1.C,4dwk__1__1.A__1.C,structures/ame/4dwk__1__1.A__1.C.cif,1.A,1.A
ame:4dxu__1__1.A__1.D,4dxu__1__1.A__1.D,structures/ame/4dxu__1__1.A__1.D.cif,1.A,1.A
ame:4dxu__1__1.A__1.E,4dxu__1__1.A__1.E,structures/ame/4dxu__1__1.A__1.E.cif,1.A,1.A
ame:4dxu__1__1.A__1.K,4dxu__1__1.A__1.K,structures/ame/4dxu__1__1.A__1.K.cif,1.A,1.A
ame:4dy6__1__1.A_4.A__4.B,4dy6__1__1.A_4.A__4.B,structures/ame/4dy6__1__1.A_4.A__4.B.cif,"1.A,4.A","1.A,4.A"
ame:4dya__1__1.A__1.C,4dya__1__1.A__1.C,structures/ame/4dya__1__1.A__1.C.cif,1.A,1.A
ame:4dyb__2__2.B__2.D,4dyb__2__2.B__2.D,structures/ame/4dyb__2__2.B__2.D.cif,2.B,2.B
ame:4dyn__1__1.A__1.C,4dyn__1__1.A__1.C,structures/ame/4dyn__1__1.A__1.C.cif,1.A,1.A
ame:4dyp__1__1.A__1.C,4dyp__1__1.A__1.C,structures/ame/4dyp__1__1.A__1.C.cif,1.A,1.A
ame:4e6x__2__1.B__1.E,4e6x__2__1.B__1.E,structures/ame/4e6x__2__1.B__1.E.cif,1.B,1.B
ame:4e8w__3__2.A__2.C,4e8w__3__2.A__2.C,structures/ame/4e8w__3__2.A__2.C.cif,2.A,2.A
ame:4e8y__1__1.A__1.C,4e8y__1__1.A__1.C,structures/ame/4e8y__1__1.A__1.C.cif,1.A,1.A
ame:4e8z__3__1.B__1.E,4e8z__3__1.B__1.E,structures/ame/4e8z__3__1.B__1.E.cif,1.B,1.B
ame:4e9u__1__1.A__1.B,4e9u__1__1.A__1.B,structures/ame/4e9u__1__1.A__1.B.cif,1.A,1.A
ame:4e9z__1__1.A__1.B,4e9z__1__1.A__1.B,structures/ame/4e9z__1__1.A__1.B.cif,1.A,1.A
ame:4ea1__1__1.A__1.B,4ea1__1__1.A__1.B,structures/ame/4ea1__1__1.A__1.B.cif,1.A,1.A
ame:4ea2__1__1.A__1.B,4ea2__1__1.A__1.B,structures/ame/4ea2__1__1.A__1.B.cif,1.A,1.A
ame:4ea9__1__1.A_3.A__3.B,4ea9__1__1.A_3.A__3.B,structures/ame/4ea9__1__1.A_3.A__3.B.cif,"1.A,3.A","1.A,3.A"
ame:4eb9__2__1.B_1.D__1.J,4eb9__2__1.B_1.D__1.J,structures/ame/4eb9__2__1.B_1.D__1.J.cif,"1.D,1.B","1.D,1.B"
ame:4epl__1__1.A__1.B,4epl__1__1.A__1.B,structures/ame/4epl__1__1.A__1.B.cif,1.A,1.A
ame:4er6__1__1.A__1.C,4er6__1__1.A__1.C,structures/ame/4er6__1__1.A__1.C.cif,1.A,1.A
ame:4er7__1__1.A__1.B,4er7__1__1.A__1.B,structures/ame/4er7__1__1.A__1.B.cif,1.A,1.A
ame:4euo__1__1.A__1.E,4euo__1__1.A__1.E,structures/ame/4euo__1__1.A__1.E.cif,1.A,1.A
ame:4f0d__1__1.A__1.C,4f0d__1__1.A__1.C,structures/ame/4f0d__1__1.A__1.C.cif,1.A,1.A
ame:4f13__1__1.A__1.C,4f13__1__1.A__1.C,structures/ame/4f13__1__1.A__1.C.cif,1.A,1.A
ame:4f13__2__1.B__1.D,4f13__2__1.B__1.D,structures/ame/4f13__2__1.B__1.D.cif,1.B,1.B
ame:4f4b__1__1.A__1.C,4f4b__1__1.A__1.C,structures/ame/4f4b__1__1.A__1.C.cif,1.A,1.A
ame:4f4s__1__1.D_1.E__1.M,4f4s__1__1.D_1.E__1.M,structures/ame/4f4s__1__1.D_1.E__1.M.cif,"1.D,1.E","1.D,1.E"
ame:4f8b__1__1.A_1.B__1.F,4f8b__1__1.A_1.B__1.F,structures/ame/4f8b__1__1.A_1.B__1.F.cif,"1.B,1.A","1.B,1.A"
ame:4fes__2__1.B__1.D,4fes__2__1.B__1.D,structures/ame/4fes__2__1.B__1.D.cif,1.B,1.B
ame:4feu__1__1.A__1.G,4feu__1__1.A__1.G,structures/ame/4feu__1__1.A__1.G.cif,1.A,1.A
ame:4fev__6__1.F__1.W,4fev__6__1.F__1.W,structures/ame/4fev__6__1.F__1.W.cif,1.F,1.F
ame:4fev__6__1.F__1.X,4fev__6__1.F__1.X,structures/ame/4fev__6__1.F__1.X.cif,1.F,1.F
ame:4few__7__1.B__1.M,4few__7__1.B__1.M,structures/ame/4few__7__1.B__1.M.cif,1.B,1.B
ame:4fex__1__1.A__1.F,4fex__1__1.A__1.F,structures/ame/4fex__1__1.A__1.F.cif,1.A,1.A
ame:4fex__4__1.D__1.O,4fex__4__1.D__1.O,structures/ame/4fex__4__1.D__1.O.cif,1.D,1.D
ame:4ffg__4__1.D__1.H,4ffg__4__1.D__1.H,structures/ame/4ffg__4__1.D__1.H.cif,1.D,1.D
ame:4ffg__4__1.D__1.L,4ffg__4__1.D__1.L,structures/ame/4ffg__4__1.D__1.L.cif,1.D,1.D
ame:4fgc__1__2.B_2.C__2.J,4fgc__1__2.B_2.C__2.J,structures/ame/4fgc__1__2.B_2.C__2.J.cif,"2.B,2.C","2.B,2.C"
ame:4fil__1__1.A__1.E,4fil__1__1.A__1.E,structures/ame/4fil__1__1.A__1.E.cif,1.A,1.A
ame:4fim__1__1.A__1.E,4fim__1__1.A__1.E,structures/ame/4fim__1__1.A__1.E.cif,1.A,1.A
ame:4fim__1__1.A__1.J,4fim__1__1.A__1.J,structures/ame/4fim__1__1.A__1.J.cif,1.A,1.A
ame:4fjp__1__1.A__1.D,4fjp__1__1.A__1.D,structures/ame/4fjp__1__1.A__1.D.cif,1.A,1.A
ame:4fjp__1__1.A__1.E,4fjp__1__1.A__1.E,structures/ame/4fjp__1__1.A__1.E.cif,1.A,1.A
ame:4fjp__1__1.A__1.K,4fjp__1__1.A__1.K,structures/ame/4fjp__1__1.A__1.K.cif,1.A,1.A
ame:4fnc__1__1.A__1.D,4fnc__1__1.A__1.D,structures/ame/4fnc__1__1.A__1.D.cif,1.A,1.A
ame:4for__1__1.A__1.C,4for__1__1.A__1.C,structures/ame/4for__1__1.A__1.C.cif,1.A,1.A
ame:4for__1__1.A__1.J,4for__1__1.A__1.J,structures/ame/4for__1__1.A__1.J.cif,1.A,1.A
ame:4for__1__1.A__1.K,4for__1__1.A__1.K,structures/ame/4for__1__1.A__1.K.cif,1.A,1.A
ame:4g2r__1__1.A_1.B__1.E,4g2r__1__1.A_1.B__1.E,structures/ame/4g2r__1__1.A_1.B__1.E.cif,"1.B,1.A","1.B,1.A"
ame:4g2z__1__1.A__1.D,4g2z__1__1.A__1.D,structures/ame/4g2z__1__1.A__1.D.cif,1.A,1.A
ame:4g2z__1__1.A__1.E,4g2z__1__1.A__1.E,structures/ame/4g2z__1__1.A__1.E.cif,1.A,1.A
ame:4g2z__1__1.A__1.K,4g2z__1__1.A__1.K,structures/ame/4g2z__1__1.A__1.K.cif,1.A,1.A
ame:4g3m__1__1.D__1.O,4g3m__1__1.D__1.O,structures/ame/4g3m__1__1.D__1.O.cif,1.D,1.D
ame:4g61__1__1.A_1.B__1.P,4g61__1__1.A_1.B__1.P,structures/ame/4g61__1__1.A_1.B__1.P.cif,"1.A,1.B","1.A,1.B"
ame:4gcp__2__3.B__3.D,4gcp__2__3.B__3.D,structures/ame/4gcp__2__3.B__3.D.cif,3.B,3.B
ame:4gcq__2__1.B__1.D,4gcq__2__1.B__1.D,structures/ame/4gcq__2__1.B__1.D.cif,1.B,1.B
ame:4gkh__6__1.F__1.TA,4gkh__6__1.F__1.TA,structures/ame/4gkh__6__1.F__1.TA.cif,1.F,1.F
ame:4gkh__6__1.F__1.UA,4gkh__6__1.F__1.UA,structures/ame/4gkh__6__1.F__1.UA.cif,1.F,1.F
ame:4gki__10__1.J__1.OB,4gki__10__1.J__1.OB,structures/ame/4gki__10__1.J__1.OB.cif,1.J,1.J
ame:4gki__9__1.I__1.LB,4gki__9__1.I__1.LB,structures/ame/4gki__9__1.I__1.LB.cif,1.I,1.I
ame:4go7__1__1.A_2.A__1.B,4go7__1__1.A_2.A__1.B,structures/ame/4go7__1__1.A_2.A__1.B.cif,"1.A,2.A","1.A,2.A"
ame:4grk__1__1.A__1.C,4grk__1__1.A__1.C,structures/ame/4grk__1__1.A__1.C.cif,1.A,1.A
ame:4grk__1__1.A__1.D,4grk__1__1.A__1.D,structures/ame/4grk__1__1.A__1.D.cif,1.A,1.A
ame:4grk__1__1.A__1.E,4grk__1__1.A__1.E,structures/ame/4grk__1__1.A__1.E.cif,1.A,1.A
ame:4grk__1__1.A__1.L,4grk__1__1.A__1.L,structures/ame/4grk__1__1.A__1.L.cif,1.A,1.A
ame:4gs8__2__1.B__1.E,4gs8__2__1.B__1.E,structures/ame/4gs8__2__1.B__1.E.cif,1.B,1.B
ame:4gsc__1__1.A__1.D,4gsc__1__1.A__1.D,structures/ame/4gsc__1__1.A__1.D.cif,1.A,1.A
ame:4gsc__2__1.B__1.F,4gsc__2__1.B__1.F,structures/ame/4gsc__2__1.B__1.F.cif,1.B,1.B
ame:4gsc__3__1.A__1.D,4gsc__3__1.A__1.D,structures/ame/4gsc__3__1.A__1.D.cif,1.A,1.A
ame:4gsc__3__1.B__1.F,4gsc__3__1.B__1.F,structures/ame/4gsc__3__1.B__1.F.cif,1.B,1.B
ame:4gsf__2__1.B__1.E,4gsf__2__1.B__1.E,structures/ame/4gsf__2__1.B__1.E.cif,1.B,1.B
ame:4gt9__1__3.A__3.E,4gt9__1__3.A__3.E,structures/ame/4gt9__1__3.A__3.E.cif,3.A,3.A
ame:4gvs__1__1.B__1.D,4gvs__1__1.B__1.D,structures/ame/4gvs__1__1.B__1.D.cif,1.B,1.B
ame:4gyl__1__1.A__1.B,4gyl__1__1.A__1.B,structures/ame/4gyl__1__1.A__1.B.cif,1.A,1.A
ame:4h04__3__1.B__1.D,4h04__3__1.B__1.D,structures/ame/4h04__3__1.B__1.D.cif,1.B,1.B
ame:4h1d__2__2.A__2.B,4h1d__2__2.A__2.B,structures/ame/4h1d__2__2.A__2.B.cif,2.A,2.A
ame:4h2j__1__1.A__1.C,4h2j__1__1.A__1.C,structures/ame/4h2j__1__1.A__1.C.cif,1.A,1.A
ame:4h2m__1__1.A__1.C,4h2m__1__1.A__1.C,structures/ame/4h2m__1__1.A__1.C.cif,1.A,1.A
ame:4h2o__1__1.B__1.E,4h2o__1__1.B__1.E,structures/ame/4h2o__1__1.B__1.E.cif,1.B,1.B
ame:4h38__1__1.A__1.C,4h38__1__1.A__1.C,structures/ame/4h38__1__1.A__1.C.cif,1.A,1.A
ame:4h3a__1__1.A__1.C,4h3a__1__1.A__1.C,structures/ame/4h3a__1__1.A__1.C.cif,1.A,1.A
ame:4h3c__1__1.B__1.E,4h3c__1__1.B__1.E,structures/ame/4h3c__1__1.B__1.E.cif,1.B,1.B
ame:4hai__1__1.A__1.D,4hai__1__1.A__1.D,structures/ame/4hai__1__1.A__1.D.cif,1.A,1.A
ame:4hcy__1__1.A__1.G,4hcy__1__1.A__1.G,structures/ame/4hcy__1__1.A__1.G.cif,1.A,1.A
ame:4hhy__4__1.B__1.H,4hhy__4__1.B__1.H,structures/ame/4hhy__4__1.B__1.H.cif,1.B,1.B
ame:4hhz__1__1.C__1.I,4hhz__1__1.C__1.I,structures/ame/4hhz__1__1.C__1.I.cif,1.C,1.C
ame:4hjv__2__1.B__1.J,4hjv__2__1.B__1.J,structures/ame/4hjv__2__1.B__1.J.cif,1.B,1.B
ame:4huk__1__1.A__1.C,4huk__1__1.A__1.C,structures/ame/4huk__1__1.A__1.C.cif,1.A,1.A
ame:4hum__1__1.A__1.C,4hum__1__1.A__1.C,structures/ame/4hum__1__1.A__1.C.cif,1.A,1.A
ame:4hun__1__1.A__1.C,4hun__1__1.A__1.C,structures/ame/4hun__1__1.A__1.C.cif,1.A,1.A
ame:4hy4__2__1.B__1.F,4hy4__2__1.B__1.F,structures/ame/4hy4__2__1.B__1.F.cif,1.B,1.B
ame:4hy5__2__1.B__1.F,4hy5__2__1.B__1.F,structures/ame/4hy5__2__1.B__1.F.cif,1.B,1.B
ame:4i1r__1__1.A__1.B,4i1r__1__1.A__1.B,structures/ame/4i1r__1__1.A__1.B.cif,1.A,1.A
ame:4i3q__1__1.A__1.B,4i3q__1__1.A__1.B,structures/ame/4i3q__1__1.A__1.B.cif,1.A,1.A
ame:4iha__2__1.B__1.D,4iha__2__1.B__1.D,structures/ame/4iha__2__1.B__1.D.cif,1.B,1.B
ame:4iom__2__1.A__1.J,4iom__2__1.A__1.J,structures/ame/4iom__2__1.A__1.J.cif,1.A,1.A
ame:4iuw__1__1.A__1.R,4iuw__1__1.A__1.R,structures/ame/4iuw__1__1.A__1.R.cif,1.A,1.A
ame:4j03__1__1.A__1.D,4j03__1__1.A__1.D,structures/ame/4j03__1__1.A__1.D.cif,1.A,1.A
ame:4j4v__1__1.D_1.E__1.J,4j4v__1__1.D_1.E__1.J,structures/ame/4j4v__1__1.D_1.E__1.J.cif,"1.E,1.D","1.E,1.D"
ame:4j75__1__1.A__1.C,4j75__1__1.A__1.C,structures/ame/4j75__1__1.A__1.C.cif,1.A,1.A
ame:4j8t__1__1.A__1.E,4j8t__1__1.A__1.E,structures/ame/4j8t__1__1.A__1.E.cif,1.A,1.A
ame:4j9a__11__1.B__1.K,4j9a__11__1.B__1.K,structures/ame/4j9a__11__1.B__1.K.cif,1.B,1.B
ame:4jch__1__1.A__1.C,4jch__1__1.A__1.C,structures/ame/4jch__1__1.A__1.C.cif,1.A,1.A
ame:4jit__1__1.B__1.E,4jit__1__1.B__1.E,structures/ame/4jit__1__1.B__1.E.cif,1.B,1.B
ame:4jjk__1__2.A__2.C,4jjk__1__2.A__2.C,structures/ame/4jjk__1__2.A__2.C.cif,2.A,2.A
ame:4jll__2__2.A__2.B,4jll__2__2.A__2.B,structures/ame/4jll__2__2.A__2.B.cif,2.A,2.A
ame:4jls__2__1.H__1.P,4jls__2__1.H__1.P,structures/ame/4jls__2__1.H__1.P.cif,1.H,1.H
ame:4jmu__1__1.A__1.C,4jmu__1__1.A__1.C,structures/ame/4jmu__1__1.A__1.C.cif,1.A,1.A
ame:4jnc__1__1.A__1.B,4jnc__1__1.A__1.B,structures/ame/4jnc__1__1.A__1.B.cif,1.A,1.A
ame:4jvi__1__1.A_2.A__2.B,4jvi__1__1.A_2.A__2.B,structures/ame/4jvi__1__1.A_2.A__2.B.cif,"1.A,2.A","1.A,2.A"
ame:4jy9__1__1.A__1.I,4jy9__1__1.A__1.I,structures/ame/4jy9__1__1.A__1.I.cif,1.A,1.A
ame:4jz7__1__1.B__1.F,4jz7__1__1.B__1.F,structures/ame/4jz7__1__1.B__1.F.cif,1.B,1.B
ame:4k17__3__1.C__1.G,4k17__3__1.C__1.G,structures/ame/4k17__3__1.C__1.G.cif,1.C,1.C
ame:4k18__1__1.A__1.C,4k18__1__1.A__1.C,structures/ame/4k18__1__1.A__1.C.cif,1.A,1.A
ame:4k1b__1__1.A__1.C,4k1b__1__1.A__1.C,structures/ame/4k1b__1__1.A__1.C.cif,1.A,1.A
ame:4kdd__1__1.A__1.D,4kdd__1__1.A__1.D,structures/ame/4kdd__1__1.A__1.D.cif,1.A,1.A
ame:4klw__2__2.A__2.B,4klw__2__2.A__2.B,structures/ame/4klw__2__2.A__2.B.cif,2.A,2.A
ame:4kor__2__2.A__2.B,4kor__2__2.A__2.B,structures/ame/4kor__2__2.A__2.B.cif,2.A,2.A
ame:4kou__1__1.A__1.H,4kou__1__1.A__1.H,structures/ame/4kou__1__1.A__1.H.cif,1.A,1.A
ame:4koy__1__1.A__1.O,4koy__1__1.A__1.O,structures/ame/4koy__1__1.A__1.O.cif,1.A,1.A
ame:4kp1__1__1.A__1.B,4kp1__1__1.A__1.B,structures/ame/4kp1__1__1.A__1.B.cif,1.A,1.A
ame:4kr4__1__1.C__1.D,4kr4__1__1.C__1.D,structures/ame/4kr4__1__1.C__1.D.cif,1.C,1.C
ame:4kx6__2__1.F_1.G_1.H__1.R,4kx6__2__1.F_1.G_1.H__1.R,structures/ame/4kx6__2__1.F_1.G_1.H__1.R.cif,"1.F,1.G,1.H","1.F,1.G,1.H"
ame:4l02__3__1.C__1.F,4l02__3__1.C__1.F,structures/ame/4l02__3__1.C__1.F.cif,1.C,1.C
ame:4l6s__1__1.A__1.C,4l6s__1__1.A__1.C,structures/ame/4l6s__1__1.A__1.C.cif,1.A,1.A
ame:4l7n__1__1.A__1.B,4l7n__1__1.A__1.B,structures/ame/4l7n__1__1.A__1.B.cif,1.A,1.A
ame:4l7p__1__1.A__1.B,4l7p__1__1.A__1.B,structures/ame/4l7p__1__1.A__1.B.cif,1.A,1.A
ame:4l7r__1__1.A__1.B,4l7r__1__1.A__1.B,structures/ame/4l7r__1__1.A__1.B.cif,1.A,1.A
ame:4l7u__1__1.A__1.B,4l7u__1__1.A__1.B,structures/ame/4l7u__1__1.A__1.B.cif,1.A,1.A
ame:4l89__1__1.A__1.K,4l89__1__1.A__1.K,structures/ame/4l89__1__1.A__1.K.cif,1.A,1.A
ame:4l8f__1__1.B__1.E,4l8f__1__1.B__1.E,structures/ame/4l8f__1__1.B__1.E.cif,1.B,1.B
ame:4lde__1__1.A__1.C,4lde__1__1.A__1.C,structures/ame/4lde__1__1.A__1.C.cif,1.A,1.A
ame:4lde__1__1.A__1.E,4lde__1__1.A__1.E,structures/ame/4lde__1__1.A__1.E.cif,1.A,1.A
ame:4ldl__1__1.A__1.C,4ldl__1__1.A__1.C,structures/ame/4ldl__1__1.A__1.C.cif,1.A,1.A
ame:4ldl__1__1.A__1.E,4ldl__1__1.A__1.E,structures/ame/4ldl__1__1.A__1.E.cif,1.A,1.A
ame:4ldo__1__1.A__1.C,4ldo__1__1.A__1.C,structures/ame/4ldo__1__1.A__1.C.cif,1.A,1.A
ame:4ldo__1__1.A__1.D,4ldo__1__1.A__1.D,structures/ame/4ldo__1__1.A__1.D.cif,1.A,1.A
ame:4lep__3__1.B__1.E,4lep__3__1.B__1.E,structures/ame/4lep__3__1.B__1.E.cif,1.B,1.B
ame:4lge__1__1.A__1.D,4lge__1__1.A__1.D,structures/ame/4lge__1__1.A__1.D.cif,1.A,1.A
ame:4lgu__2__1.B__1.F,4lgu__2__1.B__1.F,structures/ame/4lgu__2__1.B__1.F.cif,1.B,1.B
ame:4lip__1__1.A__1.D,4lip__1__1.A__1.D,structures/ame/4lip__1__1.A__1.D.cif,1.A,1.A
ame:4lq3__1__1.A__1.F,4lq3__1__1.A__1.F,structures/ame/4lq3__1__1.A__1.F.cif,1.A,1.A
ame:4lq9__1__1.A__1.B,4lq9__1__1.A__1.B,structures/ame/4lq9__1__1.A__1.B.cif,1.A,1.A
ame:4lrh__1__1.A__1.I,4lrh__1__1.A__1.I,structures/ame/4lrh__1__1.A__1.I.cif,1.A,1.A
ame:4lrh__1__1.A__1.J,4lrh__1__1.A__1.J,structures/ame/4lrh__1__1.A__1.J.cif,1.A,1.A
ame:4luz__1__1.A__1.B,4luz__1__1.A__1.B,structures/ame/4luz__1__1.A__1.B.cif,1.A,1.A
ame:4lw1__1__1.A__1.C,4lw1__1__1.A__1.C,structures/ame/4lw1__1__1.A__1.C.cif,1.A,1.A
ame:4lwc__1__1.A__1.B,4lwc__1__1.A__1.B,structures/ame/4lwc__1__1.A__1.B.cif,1.A,1.A
ame:4lzj__2__1.B_1.C__1.E,4lzj__2__1.B_1.C__1.E,structures/ame/4lzj__2__1.B_1.C__1.E.cif,"1.B,1.C","1.B,1.C"
ame:4m82__1__1.A__1.B,4m82__1__1.A__1.B,structures/ame/4m82__1__1.A__1.B.cif,1.A,1.A
ame:4m82__1__1.A__1.C,4m82__1__1.A__1.C,structures/ame/4m82__1__1.A__1.C.cif,1.A,1.A
ame:4mbs__1__1.A__1.C,4mbs__1__1.A__1.C,structures/ame/4mbs__1__1.A__1.C.cif,1.A,1.A
ame:4mc3__1__1.A__1.B,4mc3__1__1.A__1.B,structures/ame/4mc3__1__1.A__1.B.cif,1.A,1.A
ame:4mqu__1__1.A__1.C,4mqu__1__1.A__1.C,structures/ame/4mqu__1__1.A__1.C.cif,1.A,1.A
ame:4mqu__1__1.A__1.D,4mqu__1__1.A__1.D,structures/ame/4mqu__1__1.A__1.D.cif,1.A,1.A
ame:4mro__1__1.A__1.C,4mro__1__1.A__1.C,structures/ame/4mro__1__1.A__1.C.cif,1.A,1.A
ame:4mro__2__1.B__1.R,4mro__2__1.B__1.R,structures/ame/4mro__2__1.B__1.R.cif,1.B,1.B
ame:4msu__1__1.A__1.C,4msu__1__1.A__1.C,structures/ame/4msu__1__1.A__1.C.cif,1.A,1.A
ame:4msu__1__1.A__1.D,4msu__1__1.A__1.D,structures/ame/4msu__1__1.A__1.D.cif,1.A,1.A
ame:4mt4__1__1.C__1.Z,4mt4__1__1.C__1.Z,structures/ame/4mt4__1__1.C__1.Z.cif,1.C,1.C
ame:4mti__1__1.A__1.D,4mti__1__1.A__1.D,structures/ame/4mti__1__1.A__1.D.cif,1.A,1.A
ame:4mu7__1__1.A__1.D,4mu7__1__1.A__1.D,structures/ame/4mu7__1__1.A__1.D.cif,1.A,1.A
ame:4mvn__1__1.A__1.E,4mvn__1__1.A__1.E,structures/ame/4mvn__1__1.A__1.E.cif,1.A,1.A
ame:4mvn__2__1.B__1.F,4mvn__2__1.B__1.F,structures/ame/4mvn__2__1.B__1.F.cif,1.B,1.B
ame:4mvn__3__1.C__1.G,4mvn__3__1.C__1.G,structures/ame/4mvn__3__1.C__1.G.cif,1.C,1.C
ame:4mvn__4__1.D__1.H,4mvn__4__1.D__1.H,structures/ame/4mvn__4__1.D__1.H.cif,1.D,1.D
ame:4my6__1__1.A__1.C,4my6__1__1.A__1.C,structures/ame/4my6__1__1.A__1.C.cif,1.A,1.A
ame:4n14__1__1.A__1.B,4n14__1__1.A__1.B,structures/ame/4n14__1__1.A__1.B.cif,1.A,1.A
ame:4n4d__1__1.A__1.C,4n4d__1__1.A__1.C,structures/ame/4n4d__1__1.A__1.C.cif,1.A,1.A
ame:4n5i__1__1.A__1.B,4n5i__1__1.A__1.B,structures/ame/4n5i__1__1.A__1.B.cif,1.A,1.A
ame:4n6y__1__1.A__1.B,4n6y__1__1.A__1.B,structures/ame/4n6y__1__1.A__1.B.cif,1.A,1.A
ame:4n70__1__1.A__1.B,4n70__1__1.A__1.B,structures/ame/4n70__1__1.A__1.B.cif,1.A,1.A
ame:4nbi__1__1.A_1.B__1.E,4nbi__1__1.A_1.B__1.E,structures/ame/4nbi__1__1.A_1.B__1.E.cif,"1.A,1.B","1.A,1.B"
ame:4nbj__3__1.E_1.F__1.M,4nbj__3__1.E_1.F__1.M,structures/ame/4nbj__3__1.E_1.F__1.M.cif,"1.F,1.E","1.F,1.E"
ame:4ne2__1__1.A__1.D,4ne2__1__1.A__1.D,structures/ame/4ne2__1__1.A__1.D.cif,1.A,1.A
ame:4ney__1__1.A_1.B__1.D,4ney__1__1.A_1.B__1.D,structures/ame/4ney__1__1.A_1.B__1.D.cif,"1.B,1.A","1.B,1.A"
ame:4nj4__2__1.B__1.L,4nj4__2__1.B__1.L,structures/ame/4nj4__2__1.B__1.L.cif,1.B,1.B
ame:4nni__2__1.B__1.F,4nni__2__1.B__1.F,structures/ame/4nni__2__1.B__1.F.cif,1.B,1.B
ame:4nnr__1__1.A__1.C,4nnr__1__1.A__1.C,structures/ame/4nnr__1__1.A__1.C.cif,1.A,1.A
ame:4nrt__1__1.A__1.B,4nrt__1__1.A__1.B,structures/ame/4nrt__1__1.A__1.B.cif,1.A,1.A
ame:4nru__1__1.A__1.G,4nru__1__1.A__1.G,structures/ame/4nru__1__1.A__1.G.cif,1.A,1.A
ame:4nzn__1__1.A__1.C,4nzn__1__1.A__1.C,structures/ame/4nzn__1__1.A__1.C.cif,1.A,1.A
ame:4nzo__1__1.A__1.C,4nzo__1__1.A__1.C,structures/ame/4nzo__1__1.A__1.C.cif,1.A,1.A
ame:4o0a__1__1.A__1.B,4o0a__1__1.A__1.B,structures/ame/4o0a__1__1.A__1.B.cif,1.A,1.A
ame:4o24__1__1.A_1.B__1.F,4o24__1__1.A_1.B__1.F,structures/ame/4o24__1__1.A_1.B__1.F.cif,"1.A,1.B","1.A,1.B"
ame:4o43__1__1.A__1.E,4o43__1__1.A__1.E,structures/ame/4o43__1__1.A__1.E.cif,1.A,1.A
ame:4o4k__1__1.A__1.E,4o4k__1__1.A__1.E,structures/ame/4o4k__1__1.A__1.E.cif,1.A,1.A
ame:4o5f__1__1.A_1.B__1.L,4o5f__1__1.A_1.B__1.L,structures/ame/4o5f__1__1.A_1.B__1.L.cif,"1.A,1.B","1.A,1.B"
ame:4o5g__1__1.B__1.H,4o5g__1__1.B__1.H,structures/ame/4o5g__1__1.B__1.H.cif,1.B,1.B
ame:4o9g__1__1.B__1.F,4o9g__1__1.B__1.F,structures/ame/4o9g__1__1.B__1.F.cif,1.B,1.B
ame:4o9s__3__1.A_2.B__1.C,4o9s__3__1.A_2.B__1.C,structures/ame/4o9s__3__1.A_2.B__1.C.cif,"1.A,2.B","1.A,2.B"
ame:4oad__1__1.A__1.G,4oad__1__1.A__1.G,structures/ame/4oad__1__1.A__1.G.cif,1.A,1.A
ame:4ocz__1__2.A__2.D,4ocz__1__2.A__2.D,structures/ame/4ocz__1__2.A__2.D.cif,2.A,2.A
ame:4od0__1__2.A__2.D,4od0__1__2.A__2.D,structures/ame/4od0__1__2.A__2.D.cif,2.A,2.A
ame:4odo__3__1.C__1.O,4odo__3__1.C__1.O,structures/ame/4odo__3__1.C__1.O.cif,1.C,1.C
ame:4ofg__1__1.A__1.H,4ofg__1__1.A__1.H,structures/ame/4ofg__1__1.A__1.H.cif,1.A,1.A
ame:4og3__1__1.A__1.C,4og3__1__1.A__1.C,structures/ame/4og3__1__1.A__1.C.cif,1.A,1.A
ame:4og6__1__1.A__1.C,4og6__1__1.A__1.C,structures/ame/4og6__1__1.A__1.C.cif,1.A,1.A
ame:4og8__1__1.A__1.I,4og8__1__1.A__1.I,structures/ame/4og8__1__1.A__1.I.cif,1.A,1.A
ame:4olc__2__1.C__1.J,4olc__2__1.C__1.J,structures/ame/4olc__2__1.C__1.J.cif,1.C,1.C
ame:4oon__1__1.A__1.B,4oon__1__1.A__1.B,structures/ame/4oon__1__1.A__1.B.cif,1.A,1.A
ame:4opx__1__1.B__1.I,4opx__1__1.B__1.I,structures/ame/4opx__1__1.B__1.I.cif,1.B,1.B
ame:4oqb__1__1.B__1.I,4oqb__1__1.B__1.I,structures/ame/4oqb__1__1.B__1.I.cif,1.B,1.B
ame:4oqp__1__1.A__1.B,4oqp__1__1.A__1.B,structures/ame/4oqp__1__1.A__1.B.cif,1.A,1.A
ame:4ouk__1__1.A__1.B,4ouk__1__1.A__1.B,structures/ame/4ouk__1__1.A__1.B.cif,1.A,1.A
ame:4p06__2__1.B_2.B__2.G,4p06__2__1.B_2.B__2.G,structures/ame/4p06__2__1.B_2.B__2.G.cif,"1.B,2.B","1.B,2.B"
ame:4p2t__1__1.A__1.C,4p2t__1__1.A__1.C,structures/ame/4p2t__1__1.A__1.C.cif,1.A,1.A
ame:4p3h__1__1.A__1.C,4p3h__1__1.A__1.C,structures/ame/4p3h__1__1.A__1.C.cif,1.A,1.A
ame:4p7m__1__1.A_1.C__1.D,4p7m__1__1.A_1.C__1.D,structures/ame/4p7m__1__1.A_1.C__1.D.cif,"1.A,1.C","1.A,1.C"
ame:4p7s__1__1.B_1.C__1.E,4p7s__1__1.B_1.C__1.E,structures/ame/4p7s__1__1.B_1.C__1.E.cif,"1.B,1.C","1.B,1.C"
ame:4pe6__2__1.B__1.D,4pe6__2__1.B__1.D,structures/ame/4pe6__2__1.B__1.D.cif,1.B,1.B
ame:4pid__1__1.A__1.D,4pid__1__1.A__1.D,structures/ame/4pid__1__1.A__1.D.cif,1.A,1.A
ame:4pie__1__1.A__1.C,4pie__1__1.A__1.C,structures/ame/4pie__1__1.A__1.C.cif,1.A,1.A
ame:4pjt__1__1.A__1.I,4pjt__1__1.A__1.I,structures/ame/4pjt__1__1.A__1.I.cif,1.A,1.A
ame:4pjv__2__1.B__1.F,4pjv__2__1.B__1.F,structures/ame/4pjv__2__1.B__1.F.cif,1.B,1.B
ame:4pnc__1__1.A__1.B,4pnc__1__1.A__1.B,structures/ame/4pnc__1__1.A__1.B.cif,1.A,1.A
ame:4pse__2__1.B__1.F,4pse__2__1.B__1.F,structures/ame/4pse__2__1.B__1.F.cif,1.B,1.B
ame:4psq__2__1.B__1.M,4psq__2__1.B__1.M,structures/ame/4psq__2__1.B__1.M.cif,1.B,1.B
ame:4q3d__1__1.A__1.H,4q3d__1__1.A__1.H,structures/ame/4q3d__1__1.A__1.H.cif,1.A,1.A
ame:4q4d__1__1.A__1.C,4q4d__1__1.A__1.C,structures/ame/4q4d__1__1.A__1.C.cif,1.A,1.A
ame:4q5v__1__1.A__1.G,4q5v__1__1.A__1.G,structures/ame/4q5v__1__1.A__1.G.cif,1.A,1.A
ame:4qde__1__1.A_1.B__1.F,4qde__1__1.A_1.B__1.F,structures/ame/4qde__1__1.A_1.B__1.F.cif,"1.B,1.A","1.B,1.A"
ame:4qdv__1__1.A_1.B__1.E,4qdv__1__1.A_1.B__1.E,structures/ame/4qdv__1__1.A_1.B__1.E.cif,"1.B,1.A","1.B,1.A"
ame:4qia__1__1.A__1.C,4qia__1__1.A__1.C,structures/ame/4qia__1__1.A__1.C.cif,1.A,1.A
ame:4qjg__2__1.B__1.D,4qjg__2__1.B__1.D,structures/ame/4qjg__2__1.B__1.D.cif,1.B,1.B
ame:4qkx__1__1.A__1.E,4qkx__1__1.A__1.E,structures/ame/4qkx__1__1.A__1.E.cif,1.A,1.A
ame:4qsp__2__2.A__2.B,4qsp__2__2.A__2.B,structures/ame/4qsp__2__2.A__2.B.cif,2.A,2.A
ame:4qsw__1__1.A__1.H,4qsw__1__1.A__1.H,structures/ame/4qsw__1__1.A__1.H.cif,1.A,1.A
ame:4qsx__1__1.A__1.H,4qsx__1__1.A__1.H,structures/ame/4qsx__1__1.A__1.H.cif,1.A,1.A
ame:4qtc__1__1.A__1.E,4qtc__1__1.A__1.E,structures/ame/4qtc__1__1.A__1.E.cif,1.A,1.A
ame:4qzz__1__1.BA__1.RA,4qzz__1__1.BA__1.RA,structures/ame/4qzz__1__1.BA__1.RA.cif,1.BA,1.BA
ame:4r00__1__1.BA__1.TA,4r00__1__1.BA__1.TA,structures/ame/4r00__1__1.BA__1.TA.cif,1.BA,1.BA
ame:4r0q__1__1.A__1.C,4r0q__1__1.A__1.C,structures/ame/4r0q__1__1.A__1.C.cif,1.A,1.A
ame:4r1g__1__1.A__1.C,4r1g__1__1.A__1.C,structures/ame/4r1g__1__1.A__1.C.cif,1.A,1.A
ame:4r23__1__1.A__1.C,4r23__1__1.A__1.C,structures/ame/4r23__1__1.A__1.C.cif,1.A,1.A
ame:4r3j__1__1.A__1.C,4r3j__1__1.A__1.C,structures/ame/4r3j__1__1.A__1.C.cif,1.A,1.A
ame:4r4c__1__1.A__1.B,4r4c__1__1.A__1.B,structures/ame/4r4c__1__1.A__1.B.cif,1.A,1.A
ame:4r4i__1__1.A__1.B,4r4i__1__1.A__1.B,structures/ame/4r4i__1__1.A__1.B.cif,1.A,1.A
ame:4r4q__1__1.A__1.B,4r4q__1__1.A__1.B,structures/ame/4r4q__1__1.A__1.B.cif,1.A,1.A
ame:4r4t__1__1.A__1.B,4r4t__1__1.A__1.B,structures/ame/4r4t__1__1.A__1.B.cif,1.A,1.A
ame:4r5w__2__1.B__1.K,4r5w__2__1.B__1.K,structures/ame/4r5w__2__1.B__1.K.cif,1.B,1.B
ame:4r67__1__1.I_1.J__1.FB,4r67__1__1.I_1.J__1.FB,structures/ame/4r67__1__1.I_1.J__1.FB.cif,"1.I,1.J","1.I,1.J"
ame:4r6e__4__1.D__1.N,4r6e__4__1.D__1.N,structures/ame/4r6e__4__1.D__1.N.cif,1.D,1.D
ame:4ra7__2__1.B__1.D,4ra7__2__1.B__1.D,structures/ame/4ra7__2__1.B__1.D.cif,1.B,1.B
ame:4rbm__1__1.A__1.R,4rbm__1__1.A__1.R,structures/ame/4rbm__1__1.A__1.R.cif,1.A,1.A
ame:4rei__1__1.A__1.B,4rei__1__1.A__1.B,structures/ame/4rei__1__1.A__1.B.cif,1.A,1.A
ame:4rga__2__3.B__3.D,4rga__2__3.B__3.D,structures/ame/4rga__2__3.B__3.D.cif,3.B,3.B
ame:4rgg__2__3.B__3.D,4rgg__2__3.B__3.D,structures/ame/4rgg__2__3.B__3.D.cif,3.B,3.B
ame:4rks__2__1.B__1.F,4rks__2__1.B__1.F,structures/ame/4rks__2__1.B__1.F.cif,1.B,1.B
ame:4rkx__1__1.A__1.C,4rkx__1__1.A__1.C,structures/ame/4rkx__1__1.A__1.C.cif,1.A,1.A
ame:4rp8__1__1.B__1.D,4rp8__1__1.B__1.D,structures/ame/4rp8__1__1.B__1.D.cif,1.B,1.B
ame:4rp9__1__1.A__1.B,4rp9__1__1.A__1.B,structures/ame/4rp9__1__1.A__1.B.cif,1.A,1.A
ame:4rpv__1__1.A__1.B,4rpv__1__1.A__1.B,structures/ame/4rpv__1__1.A__1.B.cif,1.A,1.A
ame:4rqr__1__1.A__1.C,4rqr__1__1.A__1.C,structures/ame/4rqr__1__1.A__1.C.cif,1.A,1.A
ame:4rv6__1__1.A__1.G,4rv6__1__1.A__1.G,structures/ame/4rv6__1__1.A__1.G.cif,1.A,1.A
ame:4std__1__1.C__1.F,4std__1__1.C__1.F,structures/ame/4std__1__1.C__1.F.cif,1.C,1.C
ame:4tsy__1__1.B_1.C__1.V,4tsy__1__1.B_1.C__1.V,structures/ame/4tsy__1__1.B_1.C__1.V.cif,"1.B,1.C","1.B,1.C"
ame:4tte__1__1.A__1.E,4tte__1__1.A__1.E,structures/ame/4tte__1__1.A__1.E.cif,1.A,1.A
ame:4tts__1__1.A__1.B,4tts__1__1.A__1.B,structures/ame/4tts__1__1.A__1.B.cif,1.A,1.A
ame:4tu4__1__1.A__1.E,4tu4__1__1.A__1.E,structures/ame/4tu4__1__1.A__1.E.cif,1.A,1.A
ame:4tvj__2__1.B__1.F,4tvj__2__1.B__1.F,structures/ame/4tvj__2__1.B__1.F.cif,1.B,1.B
ame:4twl__1__1.A__1.E,4twl__1__1.A__1.E,structures/ame/4twl__1__1.A__1.E.cif,1.A,1.A
ame:4tz2__1__1.A__1.F,4tz2__1__1.A__1.F,structures/ame/4tz2__1__1.A__1.F.cif,1.A,1.A
ame:4u2y__1__1.A__1.C,4u2y__1__1.A__1.C,structures/ame/4u2y__1__1.A__1.C.cif,1.A,1.A
ame:4u2z__1__1.B__1.D,4u2z__1__1.B__1.D,structures/ame/4u2z__1__1.B__1.D.cif,1.B,1.B
ame:4u31__1__1.B__1.D,4u31__1__1.B__1.D,structures/ame/4u31__1__1.B__1.D.cif,1.B,1.B
ame:4uc1__1__1.A__1.J,4uc1__1__1.A__1.J,structures/ame/4uc1__1__1.A__1.J.cif,1.A,1.A
ame:4ucc__2__1.B__1.D,4ucc__2__1.B__1.D,structures/ame/4ucc__2__1.B__1.D.cif,1.B,1.B
ame:4ucd__1__1.A__1.C,4ucd__1__1.A__1.C,structures/ame/4ucd__1__1.A__1.C.cif,1.A,1.A
ame:4uce__1__1.A__1.C,4uce__1__1.A__1.C,structures/ame/4uce__1__1.A__1.C.cif,1.A,1.A
ame:4und__1__1.A__1.C,4und__1__1.A__1.C,structures/ame/4und__1__1.A__1.C.cif,1.A,1.A
ame:4uor__1__1.A__1.M,4uor__1__1.A__1.M,structures/ame/4uor__1__1.A__1.M.cif,1.A,1.A
ame:4up5__1__1.A__1.D,4up5__1__1.A__1.D,structures/ame/4up5__1__1.A__1.D.cif,1.A,1.A
ame:4us9__1__1.A__1.D,4us9__1__1.A__1.D,structures/ame/4us9__1__1.A__1.D.cif,1.A,1.A
ame:4us9__1__1.A__1.M,4us9__1__1.A__1.M,structures/ame/4us9__1__1.A__1.M.cif,1.A,1.A
ame:4usa__1__1.A__1.M,4usa__1__1.A__1.M,structures/ame/4usa__1__1.A__1.M.cif,1.A,1.A
ame:4usa__1__2.A__2.L,4usa__1__2.A__2.L,structures/ame/4usa__1__2.A__2.L.cif,2.A,2.A
ame:4uu5__1__1.A__1.K,4uu5__1__1.A__1.K,structures/ame/4uu5__1__1.A__1.K.cif,1.A,1.A
ame:4uug__1__1.A_1.B__1.H,4uug__1__1.A_1.B__1.H,structures/ame/4uug__1__1.A_1.B__1.H.cif,"1.A,1.B","1.A,1.B"
ame:4uxb__2__1.B__1.E,4uxb__2__1.B__1.E,structures/ame/4uxb__2__1.B__1.E.cif,1.B,1.B
ame:4v24__1__1.A__1.C,4v24__1__1.A__1.C,structures/ame/4v24__1__1.A__1.C.cif,1.A,1.A
ame:4v36__1__1.A__1.C,4v36__1__1.A__1.C,structures/ame/4v36__1__1.A__1.C.cif,1.A,1.A
ame:4w6q__1__1.A_1.D__1.E,4w6q__1__1.A_1.D__1.E,structures/ame/4w6q__1__1.A_1.D__1.E.cif,"1.D,1.A","1.D,1.A"
ame:4wnb__1__1.A_1.B__1.E,4wnb__1__1.A_1.B__1.E,structures/ame/4wnb__1__1.A_1.B__1.E.cif,"1.A,1.B","1.A,1.B"
ame:4wri__1__1.A__1.B,4wri__1__1.A__1.B,structures/ame/4wri__1__1.A__1.B.cif,1.A,1.A
ame:4wvl__1__1.A__1.B,4wvl__1__1.A__1.B,structures/ame/4wvl__1__1.A__1.B.cif,1.A,1.A
ame:4x3v__1__1.A__1.D,4x3v__1__1.A__1.D,structures/ame/4x3v__1__1.A__1.D.cif,1.A,1.A
ame:4x50__2__1.B__1.D,4x50__2__1.B__1.D,structures/ame/4x50__2__1.B__1.D.cif,1.B,1.B
ame:4x5p__1__1.A__1.B,4x5p__1__1.A__1.B,structures/ame/4x5p__1__1.A__1.B.cif,1.A,1.A
ame:4x5q__1__1.A__1.B,4x5q__1__1.A__1.B,structures/ame/4x5q__1__1.A__1.B.cif,1.A,1.A
ame:4x5r__3__1.C__1.G,4x5r__3__1.C__1.G,structures/ame/4x5r__3__1.C__1.G.cif,1.C,1.C
ame:4x6x__1__1.B__1.D,4x6x__1__1.B__1.D,structures/ame/4x6x__1__1.B__1.D.cif,1.B,1.B
ame:4x6y__1__1.B__1.D,4x6y__1__1.B__1.D,structures/ame/4x6y__1__1.B__1.D.cif,1.B,1.B
ame:4xf5__1__1.A__1.E,4xf5__1__1.A__1.E,structures/ame/4xf5__1__1.A__1.E.cif,1.A,1.A
ame:4xhk__1__1.A__1.B,4xhk__1__1.A__1.B,structures/ame/4xhk__1__1.A__1.B.cif,1.A,1.A
ame:4xjj__1__1.A__1.B,4xjj__1__1.A__1.B,structures/ame/4xjj__1__1.A__1.B.cif,1.A,1.A
ame:4xo8__2__1.B__1.D,4xo8__2__1.B__1.D,structures/ame/4xo8__2__1.B__1.D.cif,1.B,1.B
ame:4xs9__1__1.A_1.B__1.D,4xs9__1__1.A_1.B__1.D,structures/ame/4xs9__1__1.A_1.B__1.D.cif,"1.A,1.B","1.A,1.B"
ame:4xu5__1__1.A__1.B,4xu5__1__1.A__1.B,structures/ame/4xu5__1__1.A__1.B.cif,1.A,1.A
ame:4xz0__1__1.A__1.B,4xz0__1__1.A__1.B,structures/ame/4xz0__1__1.A__1.B.cif,1.A,1.A
ame:4xz1__1__1.A__1.C,4xz1__1__1.A__1.C,structures/ame/4xz1__1__1.A__1.C.cif,1.A,1.A
ame:4xzj__1__1.A__1.B,4xzj__1__1.A__1.B,structures/ame/4xzj__1__1.A__1.B.cif,1.A,1.A
ame:4xzk__1__1.A__1.B,4xzk__1__1.A__1.B,structures/ame/4xzk__1__1.A__1.B.cif,1.A,1.A
ame:4y0d__1__1.A_1.B__1.F,4y0d__1__1.A_1.B__1.F,structures/ame/4y0d__1__1.A_1.B__1.F.cif,"1.A,1.B","1.A,1.B"
ame:4y0i__1__1.A_1.B__1.E,4y0i__1__1.A_1.B__1.E,structures/ame/4y0i__1__1.A_1.B__1.E.cif,"1.A,1.B","1.A,1.B"
ame:4y0i__2__1.C_1.D__1.K,4y0i__2__1.C_1.D__1.K,structures/ame/4y0i__2__1.C_1.D__1.K.cif,"1.D,1.C","1.D,1.C"
ame:4y2a__1__1.A__1.B,4y2a__1__1.A__1.B,structures/ame/4y2a__1__1.A__1.B.cif,1.A,1.A
ame:4y2j__1__2.A__2.C,4y2j__1__2.A__2.C,structures/ame/4y2j__1__2.A__2.C.cif,2.A,2.A
ame:4y2p__1__1.A__1.C,4y2p__1__1.A__1.C,structures/ame/4y2p__1__1.A__1.C.cif,1.A,1.A
ame:4y2q__1__2.A__2.C,4y2q__1__2.A__2.C,structures/ame/4y2q__1__2.A__2.C.cif,2.A,2.A
ame:4y2r__1__1.A__1.C,4y2r__1__1.A__1.C,structures/ame/4y2r__1__1.A__1.C.cif,1.A,1.A
ame:4y2s__1__1.A__1.C,4y2s__1__1.A__1.C,structures/ame/4y2s__1__1.A__1.C.cif,1.A,1.A
ame:4y2t__1__2.A__2.C,4y2t__1__2.A__2.C,structures/ame/4y2t__1__2.A__2.C.cif,2.A,2.A
ame:4y2u__1__1.A__1.C,4y2u__1__1.A__1.C,structures/ame/4y2u__1__1.A__1.C.cif,1.A,1.A
ame:4y2v__1__2.A__2.C,4y2v__1__2.A__2.C,structures/ame/4y2v__1__2.A__2.C.cif,2.A,2.A
ame:4y2x__1__2.A__2.C,4y2x__1__2.A__2.C,structures/ame/4y2x__1__2.A__2.C.cif,2.A,2.A
ame:4y2y__1__2.A__2.C,4y2y__1__2.A__2.C,structures/ame/4y2y__1__2.A__2.C.cif,2.A,2.A
ame:4y34__1__1.A__1.B,4y34__1__1.A__1.B,structures/ame/4y34__1__1.A__1.B.cif,1.A,1.A
ame:4y6k__2__1.C_2.D__2.F,4y6k__2__1.C_2.D__2.F,structures/ame/4y6k__2__1.C_2.D__2.F.cif,"1.C,2.D","1.C,2.D"
ame:4yab__1__1.A__1.E,4yab__1__1.A__1.E,structures/ame/4yab__1__1.A__1.E.cif,1.A,1.A
ame:4yad__1__1.A__1.E,4yad__1__1.A__1.E,structures/ame/4yad__1__1.A__1.E.cif,1.A,1.A
ame:4yat__2__1.B__1.H,4yat__2__1.B__1.H,structures/ame/4yat__2__1.B__1.H.cif,1.B,1.B
ame:4yax__2__1.B__1.J,4yax__2__1.B__1.J,structures/ame/4yax__2__1.B__1.J.cif,1.B,1.B
ame:4ybm__2__1.B__1.H,4ybm__2__1.B__1.H,structures/ame/4ybm__2__1.B__1.H.cif,1.B,1.B
ame:4ybt__1__1.A__1.E,4ybt__1__1.A__1.E,structures/ame/4ybt__1__1.A__1.E.cif,1.A,1.A
ame:4yc0__1__1.A__1.B,4yc0__1__1.A__1.B,structures/ame/4yc0__1__1.A__1.B.cif,1.A,1.A
ame:4yc9__1__1.A__1.E,4yc9__1__1.A__1.E,structures/ame/4yc9__1__1.A__1.E.cif,1.A,1.A
ame:4ydg__1__1.A_1.B__1.E,4ydg__1__1.A_1.B__1.E,structures/ame/4ydg__1__1.A_1.B__1.E.cif,"1.B,1.A","1.B,1.A"
ame:4yki__1__1.B__1.E,4yki__1__1.B__1.E,structures/ame/4yki__1__1.B__1.E.cif,1.B,1.B
ame:4ysx__1__1.B_1.C_1.D__1.O,4ysx__1__1.B_1.C_1.D__1.O,structures/ame/4ysx__1__1.B_1.C_1.D__1.O.cif,"1.B,1.C,1.D","1.B,1.C,1.D"
ame:4ysx__2__1.F_1.G_1.H__1.W,4ysx__2__1.F_1.G_1.H__1.W,structures/ame/4ysx__2__1.F_1.G_1.H__1.W.cif,"1.F,1.G,1.H","1.F,1.G,1.H"
ame:4ysy__1__1.B_1.C_1.D__1.N,4ysy__1__1.B_1.C_1.D__1.N,structures/ame/4ysy__1__1.B_1.C_1.D__1.N.cif,"1.B,1.C,1.D","1.B,1.C,1.D"
ame:4ysy__1__1.B_1.C_1.D__1.O,4ysy__1__1.B_1.C_1.D__1.O,structures/ame/4ysy__1__1.B_1.C_1.D__1.O.cif,"1.B,1.C,1.D","1.B,1.C,1.D"
ame:4ysz__2__1.F_1.G_1.H__1.V,4ysz__2__1.F_1.G_1.H__1.V,structures/ame/4ysz__2__1.F_1.G_1.H__1.V.cif,"1.F,1.G,1.H","1.F,1.G,1.H"
ame:4ysz__2__1.F_1.G_1.H__1.W,4ysz__2__1.F_1.G_1.H__1.W,structures/ame/4ysz__2__1.F_1.G_1.H__1.W.cif,"1.F,1.G,1.H","1.F,1.G,1.H"
ame:4yt0__2__1.F_1.G_1.H__1.U,4yt0__2__1.F_1.G_1.H__1.U,structures/ame/4yt0__2__1.F_1.G_1.H__1.U.cif,"1.F,1.G,1.H","1.F,1.G,1.H"
ame:4yt0__2__1.F_1.G_1.H__1.V,4yt0__2__1.F_1.G_1.H__1.V,structures/ame/4yt0__2__1.F_1.G_1.H__1.V.cif,"1.F,1.G,1.H","1.F,1.G,1.H"
ame:4ytm__2__1.F_1.G_1.H__1.V,4ytm__2__1.F_1.G_1.H__1.V,structures/ame/4ytm__2__1.F_1.G_1.H__1.V.cif,"1.F,1.G,1.H","1.F,1.G,1.H"
ame:4ytm__2__1.F_1.G_1.H__1.W,4ytm__2__1.F_1.G_1.H__1.W,structures/ame/4ytm__2__1.F_1.G_1.H__1.W.cif,"1.F,1.G,1.H","1.F,1.G,1.H"
ame:4ytn__2__1.F_1.G_1.H__1.U,4ytn__2__1.F_1.G_1.H__1.U,structures/ame/4ytn__2__1.F_1.G_1.H__1.U.cif,"1.F,1.G,1.H","1.F,1.G,1.H"
ame:4ytn__2__1.F_1.G_1.H__1.V,4ytn__2__1.F_1.G_1.H__1.V,structures/ame/4ytn__2__1.F_1.G_1.H__1.V.cif,"1.F,1.G,1.H","1.F,1.G,1.H"
ame:4ytp__1__1.B_1.C_1.D__1.J,4ytp__1__1.B_1.C_1.D__1.J,structures/ame/4ytp__1__1.B_1.C_1.D__1.J.cif,"1.B,1.C,1.D","1.B,1.C,1.D"
ame:4yuz__2__1.C_1.D__1.J,4yuz__2__1.C_1.D__1.J,structures/ame/4yuz__2__1.C_1.D__1.J.cif,"1.D,1.C","1.D,1.C"
ame:4yv0__2__1.C_1.D__1.J,4yv0__2__1.C_1.D__1.J,structures/ame/4yv0__2__1.C_1.D__1.J.cif,"1.D,1.C","1.D,1.C"
ame:4yv1__2__1.C_1.D__1.J,4yv1__2__1.C_1.D__1.J,structures/ame/4yv1__2__1.C_1.D__1.J.cif,"1.D,1.C","1.D,1.C"
ame:4yv2__1__1.A_1.B__1.F,4yv2__1__1.A_1.B__1.F,structures/ame/4yv2__1__1.A_1.B__1.F.cif,"1.A,1.B","1.A,1.B"
ame:4yxd__1__1.B_1.C_1.D__1.J,4yxd__1__1.B_1.C_1.D__1.J,structures/ame/4yxd__1__1.B_1.C_1.D__1.J.cif,"1.B,1.C,1.D","1.B,1.C,1.D"
ame:4z02__2__1.B__1.L,4z02__2__1.B__1.L,structures/ame/4z02__2__1.B__1.L.cif,1.B,1.B
ame:4z7f__3__1.F__1.L,4z7f__3__1.F__1.L,structures/ame/4z7f__3__1.F__1.L.cif,1.F,1.F
ame:4zcp__1__2.A__2.B,4zcp__1__2.A__2.B,structures/ame/4zcp__1__2.A__2.B.cif,2.A,2.A
ame:4zcr__1__2.A__2.B,4zcr__1__2.A__2.B,structures/ame/4zcr__1__2.A__2.B.cif,2.A,2.A
ame:4zcs__3__1.F__1.N,4zcs__3__1.F__1.N,structures/ame/4zcs__3__1.F__1.N.cif,1.F,1.F
ame:4zdm__1__2.A__2.B,4zdm__1__2.A__2.B,structures/ame/4zdm__1__2.A__2.B.cif,2.A,2.A
ame:4zhk__1__1.A__1.H,4zhk__1__1.A__1.H,structures/ame/4zhk__1__1.A__1.H.cif,1.A,1.A
ame:4zi4__1__1.A__1.B,4zi4__1__1.A__1.B,structures/ame/4zi4__1__1.A__1.B.cif,1.A,1.A
ame:4zn5__1__1.A__1.B,4zn5__1__1.A__1.B,structures/ame/4zn5__1__1.A__1.B.cif,1.A,1.A
ame:4zql__2__1.B__1.I,4zql__2__1.B__1.I,structures/ame/4zql__2__1.B__1.I.cif,1.B,1.B
ame:4zrp__2__1.B__1.M,4zrp__2__1.B__1.M,structures/ame/4zrp__2__1.B__1.M.cif,1.B,1.B
ame:4zrq__2__1.B__1.I,4zrq__2__1.B__1.I,structures/ame/4zrq__2__1.B__1.I.cif,1.B,1.B
ame:4zsw__2__1.C_1.D__1.L,4zsw__2__1.C_1.D__1.L,structures/ame/4zsw__2__1.C_1.D__1.L.cif,"1.C,1.D","1.C,1.D"
ame:4zsy__2__1.C_1.D__1.L,4zsy__2__1.C_1.D__1.L,structures/ame/4zsy__2__1.C_1.D__1.L.cif,"1.C,1.D","1.C,1.D"
ame:4ztc__1__1.A_2.A__2.B,4ztc__1__1.A_2.A__2.B,structures/ame/4ztc__1__1.A_2.A__2.B.cif,"1.A,2.A","1.A,2.A"
ame:4zu7__2__1.D__1.M,4zu7__2__1.D__1.M,structures/ame/4zu7__2__1.D__1.M.cif,1.D,1.D
ame:4zzx__1__1.A__1.C,4zzx__1__1.A__1.C,structures/ame/4zzx__1__1.A__1.C.cif,1.A,1.A
ame:4zzy__1__1.A__1.B,4zzy__1__1.A__1.B,structures/ame/4zzy__1__1.A__1.B.cif,1.A,1.A
ame:5a00__1__1.A__1.B,5a00__1__1.A__1.B,structures/ame/5a00__1__1.A__1.B.cif,1.A,1.A
ame:5a1p__1__1.A__1.B,5a1p__1__1.A__1.B,structures/ame/5a1p__1__1.A__1.B.cif,1.A,1.A
ame:5a1p__1__1.A__1.C,5a1p__1__1.A__1.C,structures/ame/5a1p__1__1.A__1.C.cif,1.A,1.A
ame:5a1r__1__1.A__1.B,5a1r__1__1.A__1.B,structures/ame/5a1r__1__1.A__1.B.cif,1.A,1.A
ame:5a1r__1__1.A__1.C,5a1r__1__1.A__1.C,structures/ame/5a1r__1__1.A__1.C.cif,1.A,1.A
ame:5a3h__1__1.A__1.B,5a3h__1__1.A__1.B,structures/ame/5a3h__1__1.A__1.B.cif,1.A,1.A
ame:5a3j__7__1.G__1.S,5a3j__7__1.G__1.S,structures/ame/5a3j__7__1.G__1.S.cif,1.G,1.G
ame:5a4d__7__1.G__1.T,5a4d__7__1.G__1.T,structures/ame/5a4d__7__1.G__1.T.cif,1.G,1.G
ame:5a4d__8__1.H__1.U,5a4d__8__1.H__1.U,structures/ame/5a4d__8__1.H__1.U.cif,1.H,1.H
ame:5a5n__1__1.A__1.D,5a5n__1__1.A__1.D,structures/ame/5a5n__1__1.A__1.D.cif,1.A,1.A
ame:5a5p__1__1.A__1.D,5a5p__1__1.A__1.D,structures/ame/5a5p__1__1.A__1.D.cif,1.A,1.A
ame:5a5q__1__1.A__1.D,5a5q__1__1.A__1.D,structures/ame/5a5q__1__1.A__1.D.cif,1.A,1.A
ame:5a5r__1__1.A__1.D,5a5r__1__1.A__1.D,structures/ame/5a5r__1__1.A__1.D.cif,1.A,1.A
ame:5a83__1__2.A__2.E,5a83__1__2.A__2.E,structures/ame/5a83__1__2.A__2.E.cif,2.A,2.A
ame:5aa4__1__1.A__1.E,5aa4__1__1.A__1.E,structures/ame/5aa4__1__1.A__1.E.cif,1.A,1.A
ame:5aa5__1__1.I__1.JA,5aa5__1__1.I__1.JA,structures/ame/5aa5__1__1.I__1.JA.cif,1.I,1.I
ame:5aal__1__1.A__1.C,5aal__1__1.A__1.C,structures/ame/5aal__1__1.A__1.C.cif,1.A,1.A
ame:5aap__1__1.A__1.B,5aap__1__1.A__1.B,structures/ame/5aap__1__1.A__1.B.cif,1.A,1.A
ame:5abz__2__1.B__1.E,5abz__2__1.B__1.E,structures/ame/5abz__2__1.B__1.E.cif,1.B,1.B
ame:5ai0__1__1.A__1.H,5ai0__1__1.A__1.H,structures/ame/5ai0__1__1.A__1.H.cif,1.A,1.A
ame:5ai0__1__2.A__2.H,5ai0__1__2.A__2.H,structures/ame/5ai0__1__2.A__2.H.cif,2.A,2.A
ame:5ai9__1__1.A__1.F,5ai9__1__1.A__1.F,structures/ame/5ai9__1__1.A__1.F.cif,1.A,1.A
ame:5aia__1__1.A__1.G,5aia__1__1.A__1.G,structures/ame/5aia__1__1.A__1.G.cif,1.A,1.A
ame:5aia__1__2.A__2.G,5aia__1__2.A__2.G,structures/ame/5aia__1__2.A__2.G.cif,2.A,2.A
ame:5ak4__1__1.A__1.D,5ak4__1__1.A__1.D,structures/ame/5ak4__1__1.A__1.D.cif,1.A,1.A
ame:5ak4__1__1.A__1.E,5ak4__1__1.A__1.E,structures/ame/5ak4__1__1.A__1.E.cif,1.A,1.A
ame:5ak4__1__2.A__2.D,5ak4__1__2.A__2.D,structures/ame/5ak4__1__2.A__2.D.cif,2.A,2.A
ame:5ak4__1__2.A__2.F,5ak4__1__2.A__2.F,structures/ame/5ak4__1__2.A__2.F.cif,2.A,2.A
ame:5ak5__1__2.A__2.E,5ak5__1__2.A__2.E,structures/ame/5ak5__1__2.A__2.E.cif,2.A,2.A
ame:5akg__1__1.A__1.D,5akg__1__1.A__1.D,structures/ame/5akg__1__1.A__1.D.cif,1.A,1.A
ame:5akh__1__2.A__2.F,5akh__1__2.A__2.F,structures/ame/5akh__1__2.A__2.F.cif,2.A,2.A
ame:5aki__1__1.A__1.K,5aki__1__1.A__1.K,structures/ame/5aki__1__1.A__1.K.cif,1.A,1.A
ame:5akl__1__2.A__2.E,5akl__1__2.A__2.E,structures/ame/5akl__1__2.A__2.E.cif,2.A,2.A
ame:5aky__1__2.A__2.F,5aky__1__2.A__2.F,structures/ame/5aky__1__2.A__2.F.cif,2.A,2.A
ame:5akz__1__2.A__2.H,5akz__1__2.A__2.H,structures/ame/5akz__1__2.A__2.H.cif,2.A,2.A
ame:5ald__1__1.A__1.E,5ald__1__1.A__1.E,structures/ame/5ald__1__1.A__1.E.cif,1.A,1.A
ame:5ale__1__1.A__1.H,5ale__1__1.A__1.H,structures/ame/5ale__1__1.A__1.H.cif,1.A,1.A
ame:5alf__1__2.A__2.B,5alf__1__2.A__2.B,structures/ame/5alf__1__2.A__2.B.cif,2.A,2.A
ame:5alg__1__1.A__1.E,5alg__1__1.A__1.E,structures/ame/5alg__1__1.A__1.E.cif,1.A,1.A
ame:5alh__1__2.A__2.E,5alh__1__2.A__2.E,structures/ame/5alh__1__2.A__2.E.cif,2.A,2.A
ame:5alk__1__1.A__1.E,5alk__1__1.A__1.E,structures/ame/5alk__1__1.A__1.E.cif,1.A,1.A
ame:5aln__1__1.A__1.H,5aln__1__1.A__1.H,structures/ame/5aln__1__1.A__1.H.cif,1.A,1.A
ame:5alo__1__1.A__1.E,5alo__1__1.A__1.E,structures/ame/5alo__1__1.A__1.E.cif,1.A,1.A
ame:5alu__1__1.A__1.B,5alu__1__1.A__1.B,structures/ame/5alu__1__1.A__1.B.cif,1.A,1.A
ame:5alw__1__1.A__1.E,5alw__1__1.A__1.E,structures/ame/5alw__1__1.A__1.E.cif,1.A,1.A
ame:5alx__1__1.A__1.D,5alx__1__1.A__1.D,structures/ame/5alx__1__1.A__1.D.cif,1.A,1.A
ame:5aly__1__2.A__2.I,5aly__1__2.A__2.I,structures/ame/5aly__1__2.A__2.I.cif,2.A,2.A
ame:5alz__1__1.A__1.E,5alz__1__1.A__1.E,structures/ame/5alz__1__1.A__1.E.cif,1.A,1.A
ame:5am0__1__2.A__2.G,5am0__1__2.A__2.G,structures/ame/5am0__1__2.A__2.G.cif,2.A,2.A
ame:5am3__1__1.A__1.F,5am3__1__1.A__1.F,structures/ame/5am3__1__1.A__1.F.cif,1.A,1.A
ame:5am4__1__2.A__2.I,5am4__1__2.A__2.I,structures/ame/5am4__1__2.A__2.I.cif,2.A,2.A
ame:5am5__1__2.A__2.E,5am5__1__2.A__2.E,structures/ame/5am5__1__2.A__2.E.cif,2.A,2.A
ame:5arf__1__1.A__1.B,5arf__1__1.A__1.B,structures/ame/5arf__1__1.A__1.B.cif,1.A,1.A
ame:5arf__1__1.A__1.C,5arf__1__1.A__1.C,structures/ame/5arf__1__1.A__1.C.cif,1.A,1.A
ame:5ayj__1__1.C_1.D__1.Q,5ayj__1__1.C_1.D__1.Q,structures/ame/5ayj__1__1.C_1.D__1.Q.cif,"1.C,1.D","1.C,1.D"
ame:5b7b__1__1.C_1.D__1.H,5b7b__1__1.C_1.D__1.H,structures/ame/5b7b__1__1.C_1.D__1.H.cif,"1.C,1.D","1.C,1.D"
ame:5b8h__1__1.A_1.B__1.D,5b8h__1__1.A_1.B__1.D,structures/ame/5b8h__1__1.A_1.B__1.D.cif,"1.A,1.B","1.A,1.B"
ame:5bps__2__1.I_1.J__1.Q,5bps__2__1.I_1.J__1.Q,structures/ame/5bps__2__1.I_1.J__1.Q.cif,"1.I,1.J","1.I,1.J"
ame:5bq6__2__1.I_1.J__1.Q,5bq6__2__1.I_1.J__1.Q,structures/ame/5bq6__2__1.I_1.J__1.Q.cif,"1.I,1.J","1.I,1.J"
ame:5bqa__2__2.I_2.J__2.Q,5bqa__2__2.I_2.J__2.Q,structures/ame/5bqa__2__2.I_2.J__2.Q.cif,"2.I,2.J","2.I,2.J"
ame:5bqh__1__1.A__1.G,5bqh__1__1.A__1.G,structures/ame/5bqh__1__1.A__1.G.cif,1.A,1.A
ame:5bqi__1__1.A__1.G,5bqi__1__1.A__1.G,structures/ame/5bqi__1__1.A__1.G.cif,1.A,1.A
ame:5bqj__1__1.D_1.E__1.M,5bqj__1__1.D_1.E__1.M,structures/ame/5bqj__1__1.D_1.E__1.M.cif,"1.D,1.E","1.D,1.E"
ame:5bv6__1__1.A__1.B,5bv6__1__1.A__1.B,structures/ame/5bv6__1__1.A__1.B.cif,1.A,1.A
ame:5bvb__6__2.D__2.H,5bvb__6__2.D__2.H,structures/ame/5bvb__6__2.D__2.H.cif,2.D,2.D
ame:5bxp__2__1.B__1.D,5bxp__2__1.B__1.D,structures/ame/5bxp__2__1.B__1.D.cif,1.B,1.B
ame:5byb__1__1.A__1.C,5byb__1__1.A__1.C,structures/ame/5byb__1__1.A__1.C.cif,1.A,1.A
ame:5bzf__1__1.A__1.B,5bzf__1__1.A__1.B,structures/ame/5bzf__1__1.A__1.B.cif,1.A,1.A
ame:5bzh__1__1.A__1.C,5bzh__1__1.A__1.C,structures/ame/5bzh__1__1.A__1.C.cif,1.A,1.A
ame:5bzk__1__1.A__1.C,5bzk__1__1.A__1.C,structures/ame/5bzk__1__1.A__1.C.cif,1.A,1.A
ame:5bzl__1__1.A__1.D,5bzl__1__1.A__1.D,structures/ame/5bzl__1__1.A__1.D.cif,1.A,1.A
ame:5bzm__1__1.A__1.B,5bzm__1__1.A__1.B,structures/ame/5bzm__1__1.A__1.B.cif,1.A,1.A
ame:5bzn__1__1.A__1.C,5bzn__1__1.A__1.C,structures/ame/5bzn__1__1.A__1.C.cif,1.A,1.A
ame:5bzp__1__1.A__1.B,5bzp__1__1.A__1.B,structures/ame/5bzp__1__1.A__1.B.cif,1.A,1.A
ame:5bzq__1__1.A__1.B,5bzq__1__1.A__1.B,structures/ame/5bzq__1__1.A__1.B.cif,1.A,1.A
ame:5bzs__1__1.A__1.B,5bzs__1__1.A__1.B,structures/ame/5bzs__1__1.A__1.B.cif,1.A,1.A
ame:5bzt__1__1.A__1.D,5bzt__1__1.A__1.D,structures/ame/5bzt__1__1.A__1.D.cif,1.A,1.A
ame:5c2t__1__1.B_1.C_1.D__1.O,5c2t__1__1.B_1.C_1.D__1.O,structures/ame/5c2t__1__1.B_1.C_1.D__1.O.cif,"1.B,1.C,1.D","1.B,1.C,1.D"
ame:5c3j__2__1.F_1.G_1.H__1.V,5c3j__2__1.F_1.G_1.H__1.V,structures/ame/5c3j__2__1.F_1.G_1.H__1.V.cif,"1.F,1.G,1.H","1.F,1.G,1.H"
ame:5c6o__1__1.A__1.B,5c6o__1__1.A__1.B,structures/ame/5c6o__1__1.A__1.B.cif,1.A,1.A
ame:5c6p__1__1.A__1.C,5c6p__1__1.A__1.C,structures/ame/5c6p__1__1.A__1.C.cif,1.A,1.A
ame:5cb0__1__1.B__1.D,5cb0__1__1.B__1.D,structures/ame/5cb0__1__1.B__1.D.cif,1.B,1.B
ame:5ccl__1__1.A__1.G,5ccl__1__1.A__1.G,structures/ame/5ccl__1__1.A__1.G.cif,1.A,1.A
ame:5cgb__1__1.A__1.C,5cgb__1__1.A__1.C,structures/ame/5cgb__1__1.A__1.C.cif,1.A,1.A
ame:5ckr__1__1.A__1.B,5ckr__1__1.A__1.B,structures/ame/5ckr__1__1.A__1.B.cif,1.A,1.A
ame:5ckx__1__1.D_2.D__2.AA,5ckx__1__1.D_2.D__2.AA,structures/ame/5ckx__1__1.D_2.D__2.AA.cif,"1.D,2.D","1.D,2.D"
ame:5cl7__1__1.A__1.D,5cl7__1__1.A__1.D,structures/ame/5cl7__1__1.A__1.D.cif,1.A,1.A
ame:5cl8__1__1.A__1.D,5cl8__1__1.A__1.D,structures/ame/5cl8__1__1.A__1.D.cif,1.A,1.A
ame:5cmb__1__1.A__1.C,5cmb__1__1.A__1.C,structures/ame/5cmb__1__1.A__1.C.cif,1.A,1.A
ame:5cmc__1__1.A__1.C,5cmc__1__1.A__1.C,structures/ame/5cmc__1__1.A__1.C.cif,1.A,1.A
ame:5cqj__1__1.A__1.C,5cqj__1__1.A__1.C,structures/ame/5cqj__1__1.A__1.C.cif,1.A,1.A
ame:5cw2__4__1.D__1.H,5cw2__4__1.D__1.H,structures/ame/5cw2__4__1.D__1.H.cif,1.D,1.D
ame:5d0y__2__1.B__1.D,5d0y__2__1.B__1.D,structures/ame/5d0y__2__1.B__1.D.cif,1.B,1.B
ame:5d1r__1__1.A_1.B__1.G,5d1r__1__1.A_1.B__1.G,structures/ame/5d1r__1__1.A_1.B__1.G.cif,"1.A,1.B","1.A,1.B"
ame:5d5q__1__1.A_1.B__1.E,5d5q__1__1.A_1.B__1.E,structures/ame/5d5q__1__1.A_1.B__1.E.cif,"1.A,1.B","1.A,1.B"
ame:5d6f__1__1.A__1.B,5d6f__1__1.A__1.B,structures/ame/5d6f__1__1.A__1.B.cif,1.A,1.A
ame:5d76__2__1.B__1.F,5d76__2__1.B__1.F,structures/ame/5d76__2__1.B__1.F.cif,1.B,1.B
ame:5dab__1__1.A__1.M,5dab__1__1.A__1.M,structures/ame/5dab__1__1.A__1.M.cif,1.A,1.A
ame:5dad__1__1.A__1.B,5dad__1__1.A__1.B,structures/ame/5dad__1__1.A__1.B.cif,1.A,1.A
ame:5dch__1__1.A__1.B,5dch__1__1.A__1.B,structures/ame/5dch__1__1.A__1.B.cif,1.A,1.A
ame:5dhp__1__1.B_1.D__1.I,5dhp__1__1.B_1.D__1.I,structures/ame/5dhp__1__1.B_1.D__1.I.cif,"1.B,1.D","1.B,1.D"
ame:5dhq__1__1.B_1.D__1.K,5dhq__1__1.B_1.D__1.K,structures/ame/5dhq__1__1.B_1.D__1.K.cif,"1.B,1.D","1.B,1.D"
ame:5dhr__1__1.B_1.D__1.K,5dhr__1__1.B_1.D__1.K,structures/ame/5dhr__1__1.B_1.D__1.K.cif,"1.B,1.D","1.B,1.D"
ame:5dhs__1__1.A_1.C__1.G,5dhs__1__1.A_1.C__1.G,structures/ame/5dhs__1__1.A_1.C__1.G.cif,"1.A,1.C","1.A,1.C"
ame:5dht__1__1.B_1.D__1.L,5dht__1__1.B_1.D__1.L,structures/ame/5dht__1__1.B_1.D__1.L.cif,"1.B,1.D","1.B,1.D"
ame:5dhu__1__1.B_1.D__1.H,5dhu__1__1.B_1.D__1.H,structures/ame/5dhu__1__1.B_1.D__1.H.cif,"1.B,1.D","1.B,1.D"
ame:5dj5__1__1.A__1.C,5dj5__1__1.A__1.C,structures/ame/5dj5__1__1.A__1.C.cif,1.A,1.A
ame:5djq__2__1.F__1.LA,5djq__2__1.F__1.LA,structures/ame/5djq__2__1.F__1.LA.cif,1.F,1.F
ame:5dkc__1__1.A__1.C,5dkc__1__1.A__1.C,structures/ame/5dkc__1__1.A__1.C.cif,1.A,1.A
ame:5dkd__2__1.B__1.L,5dkd__2__1.B__1.L,structures/ame/5dkd__2__1.B__1.L.cif,1.B,1.B
ame:5dkh__1__1.A__1.F,5dkh__1__1.A__1.F,structures/ame/5dkh__1__1.A__1.F.cif,1.A,1.A
ame:5drt__1__1.A__1.C,5drt__1__1.A__1.C,structures/ame/5drt__1__1.A__1.C.cif,1.A,1.A
ame:5dry__1__1.A__1.D,5dry__1__1.A__1.D,structures/ame/5dry__1__1.A__1.D.cif,1.A,1.A
ame:5dsx__1__1.A__1.D,5dsx__1__1.A__1.D,structures/ame/5dsx__1__1.A__1.D.cif,1.A,1.A
ame:5dt2__2__1.B__1.F,5dt2__2__1.B__1.F,structures/ame/5dt2__2__1.B__1.F.cif,1.B,1.B
ame:5dtm__1__1.A__1.C,5dtm__1__1.A__1.C,structures/ame/5dtm__1__1.A__1.C.cif,1.A,1.A
ame:5dtq__1__1.A__1.C,5dtq__1__1.A__1.C,structures/ame/5dtq__1__1.A__1.C.cif,1.A,1.A
ame:5dtr__1__1.A__1.C,5dtr__1__1.A__1.C,structures/ame/5dtr__1__1.A__1.C.cif,1.A,1.A
ame:5du9__1__1.A__1.E,5du9__1__1.A__1.E,structures/ame/5du9__1__1.A__1.E.cif,1.A,1.A
ame:5dua__1__1.B__1.E,5dua__1__1.B__1.E,structures/ame/5dua__1__1.B__1.E.cif,1.B,1.B
ame:5dwr__1__1.A__1.B,5dwr__1__1.A__1.B,structures/ame/5dwr__1__1.A__1.B.cif,1.A,1.A
ame:5dx6__1__1.B__1.J,5dx6__1__1.B__1.J,structures/ame/5dx6__1__1.B__1.J.cif,1.B,1.B
ame:5e67__1__1.A__1.F,5e67__1__1.A__1.F,structures/ame/5e67__1__1.A__1.F.cif,1.A,1.A
ame:5e7n__1__1.A__1.B,5e7n__1__1.A__1.B,structures/ame/5e7n__1__1.A__1.B.cif,1.A,1.A
ame:5e9b__1__1.A_1.B__1.C,5e9b__1__1.A_1.B__1.C,structures/ame/5e9b__1__1.A_1.B__1.C.cif,"1.A,1.B","1.A,1.B"
ame:5e9c__1__1.A_1.B__1.C,5e9c__1__1.A_1.B__1.C,structures/ame/5e9c__1__1.A_1.B__1.C.cif,"1.A,1.B","1.A,1.B"
ame:5eiy__1__1.A__1.F,5eiy__1__1.A__1.F,structures/ame/5eiy__1__1.A__1.F.cif,1.A,1.A
ame:5eqg__1__1.A__1.B,5eqg__1__1.A__1.B,structures/ame/5eqg__1__1.A__1.B.cif,1.A,1.A
ame:5eqh__1__1.A__1.B,5eqh__1__1.A__1.B,structures/ame/5eqh__1__1.A__1.B.cif,1.A,1.A
ame:5eqi__1__1.A__1.B,5eqi__1__1.A__1.B,structures/ame/5eqi__1__1.A__1.B.cif,1.A,1.A
ame:5equ__4__1.D__1.P,5equ__4__1.D__1.P,structures/ame/5equ__4__1.D__1.P.cif,1.D,1.D
ame:5erl__1__1.A__1.G,5erl__1__1.A__1.G,structures/ame/5erl__1__1.A__1.G.cif,1.A,1.A
ame:5ewk__1__1.A__1.B,5ewk__1__1.A__1.B,structures/ame/5ewk__1__1.A__1.B.cif,1.A,1.A
ame:5ewy__1__1.A__1.B,5ewy__1__1.A__1.B,structures/ame/5ewy__1__1.A__1.B.cif,1.A,1.A
ame:5ezm__1__1.A__1.C,5ezm__1__1.A__1.C,structures/ame/5ezm__1__1.A__1.C.cif,1.A,1.A
ame:5ezs__1__1.A__1.B,5ezs__1__1.A__1.B,structures/ame/5ezs__1__1.A__1.B.cif,1.A,1.A
ame:5f15__1__1.A__1.DC,5f15__1__1.A__1.DC,structures/ame/5f15__1__1.A__1.DC.cif,1.A,1.A
ame:5f2f__1__1.A__1.B,5f2f__1__1.A__1.B,structures/ame/5f2f__1__1.A__1.B.cif,1.A,1.A
ame:5f36__1__1.A__1.B,5f36__1__1.A__1.B,structures/ame/5f36__1__1.A__1.B.cif,1.A,1.A
ame:5f3a__1__1.A__1.C,5f3a__1__1.A__1.C,structures/ame/5f3a__1__1.A__1.C.cif,1.A,1.A
ame:5f3f__1__1.A__1.B,5f3f__1__1.A__1.B,structures/ame/5f3f__1__1.A__1.B.cif,1.A,1.A
ame:5f7v__1__1.A__1.B,5f7v__1__1.A__1.B,structures/ame/5f7v__1__1.A__1.B.cif,1.A,1.A
ame:5fbt__1__1.A__1.B,5fbt__1__1.A__1.B,structures/ame/5fbt__1__1.A__1.B.cif,1.A,1.A
ame:5fbu__1__1.A__1.B,5fbu__1__1.A__1.B,structures/ame/5fbu__1__1.A__1.B.cif,1.A,1.A
ame:5fgl__3__1.E_1.F__1.L,5fgl__3__1.E_1.F__1.L,structures/ame/5fgl__3__1.E_1.F__1.L.cif,"1.E,1.F","1.E,1.F"
ame:5fgz__1__1.A__1.B,5fgz__1__1.A__1.B,structures/ame/5fgz__1__1.A__1.B.cif,1.A,1.A
ame:5fgz__1__1.A__1.C,5fgz__1__1.A__1.C,structures/ame/5fgz__1__1.A__1.C.cif,1.A,1.A
ame:5fwr__5__1.E__1.M,5fwr__5__1.E__1.M,structures/ame/5fwr__5__1.E__1.M.cif,1.E,1.E
ame:5g5m__1__1.A_1.B__1.C,5g5m__1__1.A_1.B__1.C,structures/ame/5g5m__1__1.A_1.B__1.C.cif,"1.B,1.A","1.B,1.A"
ame:5git__1__1.A__1.B,5git__1__1.A__1.B,structures/ame/5git__1__1.A__1.B.cif,1.A,1.A
ame:5gmu__2__1.B__1.E,5gmu__2__1.B__1.E,structures/ame/5gmu__2__1.B__1.E.cif,1.B,1.B
ame:5guw__3__1.E_1.F__1.W,5guw__3__1.E_1.F__1.W,structures/ame/5guw__3__1.E_1.F__1.W.cif,"1.E,1.F","1.E,1.F"
ame:5gwv__2__1.D__1.F,5gwv__2__1.D__1.F,structures/ame/5gwv__2__1.D__1.F.cif,1.D,1.D
ame:5gzx__1__1.D__1.H,5gzx__1__1.D__1.H,structures/ame/5gzx__1__1.D__1.H.cif,1.D,1.D
ame:5h3h__1__1.B__1.D,5h3h__1__1.B__1.D,structures/ame/5h3h__1__1.B__1.D.cif,1.B,1.B
ame:5hdp__4__1.D__1.K,5hdp__4__1.D__1.K,structures/ame/5hdp__4__1.D__1.K.cif,1.D,1.D
ame:5hk1__1__1.A__1.D,5hk1__1__1.A__1.D,structures/ame/5hk1__1__1.A__1.D.cif,1.A,1.A
ame:5hk2__1__1.A__1.D,5hk2__1__1.A__1.D,structures/ame/5hk2__1__1.A__1.D.cif,1.A,1.A
ame:5hl9__1__1.A__1.B,5hl9__1__1.A__1.B,structures/ame/5hl9__1__1.A__1.B.cif,1.A,1.A
ame:5hl9__1__1.A__1.C,5hl9__1__1.A__1.C,structures/ame/5hl9__1__1.A__1.C.cif,1.A,1.A
ame:5hla__2__1.A__1.B,5hla__2__1.A__1.B,structures/ame/5hla__2__1.A__1.B.cif,1.A,1.A
ame:5hla__2__1.A__1.C,5hla__2__1.A__1.C,structures/ame/5hla__2__1.A__1.C.cif,1.A,1.A
ame:5hlb__1__2.A__2.B,5hlb__1__2.A__2.B,structures/ame/5hlb__1__2.A__2.B.cif,2.A,2.A
ame:5hlb__1__2.A__2.C,5hlb__1__2.A__2.C,structures/ame/5hlb__1__2.A__2.C.cif,2.A,2.A
ame:5hld__1__1.A__1.B,5hld__1__1.A__1.B,structures/ame/5hld__1__1.A__1.B.cif,1.A,1.A
ame:5hld__1__1.A__1.C,5hld__1__1.A__1.C,structures/ame/5hld__1__1.A__1.C.cif,1.A,1.A
ame:5hud__1__1.E_1.F__1.VC,5hud__1__1.E_1.F__1.VC,structures/ame/5hud__1__1.E_1.F__1.VC.cif,"1.E,1.F","1.E,1.F"
ame:5hxc__1__1.A__1.I,5hxc__1__1.A__1.I,structures/ame/5hxc__1__1.A__1.I.cif,1.A,1.A
ame:5hzg__1__1.A__1.G,5hzg__1__1.A__1.G,structures/ame/5hzg__1__1.A__1.G.cif,1.A,1.A
ame:5hzr__1__1.A__1.C,5hzr__1__1.A__1.C,structures/ame/5hzr__1__1.A__1.C.cif,1.A,1.A
ame:5i0d__2__1.B__1.J,5i0d__2__1.B__1.J,structures/ame/5i0d__2__1.B__1.J.cif,1.B,1.B
ame:5i0d__2__1.B__1.L,5i0d__2__1.B__1.L,structures/ame/5i0d__2__1.B__1.L.cif,1.B,1.B
ame:5i0g__1__1.A__1.B,5i0g__1__1.A__1.B,structures/ame/5i0g__1__1.A__1.B.cif,1.A,1.A
ame:5i2h__1__1.A_1.B__1.C,5i2h__1__1.A_1.B__1.C,structures/ame/5i2h__1__1.A_1.B__1.C.cif,"1.A,1.B","1.A,1.B"
ame:5i8p__1__1.A__1.C,5i8p__1__1.A__1.C,structures/ame/5i8p__1__1.A__1.C.cif,1.A,1.A
ame:5i8y__1__1.A__1.C,5i8y__1__1.A__1.C,structures/ame/5i8y__1__1.A__1.C.cif,1.A,1.A
ame:5i93__1__1.A__1.C,5i93__1__1.A__1.C,structures/ame/5i93__1__1.A__1.C.cif,1.A,1.A
ame:5i9i__2__1.B__1.D,5i9i__2__1.B__1.D,structures/ame/5i9i__2__1.B__1.D.cif,1.B,1.B
ame:5ia9__1__1.A_3.A__1.B,5ia9__1__1.A_3.A__1.B,structures/ame/5ia9__1__1.A_3.A__1.B.cif,"1.A,3.A","1.A,3.A"
ame:5ieq__1__1.A__1.B,5ieq__1__1.A__1.B,structures/ame/5ieq__1__1.A__1.B.cif,1.A,1.A
ame:5if2__1__1.A__1.B,5if2__1__1.A__1.B,structures/ame/5if2__1__1.A__1.B.cif,1.A,1.A
ame:5if5__1__1.A__1.F,5if5__1__1.A__1.F,structures/ame/5if5__1__1.A__1.F.cif,1.A,1.A
ame:5if7__2__2.A__2.B,5if7__2__2.A__2.B,structures/ame/5if7__2__2.A__2.B.cif,2.A,2.A
ame:5if8__2__2.A__2.B,5if8__2__2.A__2.B,structures/ame/5if8__2__2.A__2.B.cif,2.A,2.A
ame:5ifb__2__1.A__1.B,5ifb__2__1.A__1.B,structures/ame/5ifb__2__1.A__1.B.cif,1.A,1.A
ame:5ifc__1__1.A__1.B,5ifc__1__1.A__1.B,structures/ame/5ifc__1__1.A__1.B.cif,1.A,1.A
ame:5ifd__1__1.A__1.B,5ifd__1__1.A__1.B,structures/ame/5ifd__1__1.A__1.B.cif,1.A,1.A
ame:5igv__1__1.A__1.E,5igv__1__1.A__1.E,structures/ame/5igv__1__1.A__1.E.cif,1.A,1.A
ame:5igw__1__1.A__1.E,5igw__1__1.A__1.E,structures/ame/5igw__1__1.A__1.E.cif,1.A,1.A
ame:5igy__1__1.A__1.D,5igy__1__1.A__1.D,structures/ame/5igy__1__1.A__1.D.cif,1.A,1.A
ame:5ih1__1__1.A__1.E,5ih1__1__1.A__1.E,structures/ame/5ih1__1__1.A__1.E.cif,1.A,1.A
ame:5iis__1__1.A__1.C,5iis__1__1.A__1.C,structures/ame/5iis__1__1.A__1.C.cif,1.A,1.A
ame:5iqj__3__1.C__1.S,5iqj__3__1.C__1.S,structures/ame/5iqj__3__1.C__1.S.cif,1.C,1.C
ame:5it7__1__1.EC__1.OF,5it7__1__1.EC__1.OF,structures/ame/5it7__1__1.EC__1.OF.cif,1.EC,1.EC
ame:5iv4__1__1.A__1.B,5iv4__1__1.A__1.B,structures/ame/5iv4__1__1.A__1.B.cif,1.A,1.A
ame:5izq__8__1.H__1.O,5izq__8__1.H__1.O,structures/ame/5izq__8__1.H__1.O.cif,1.H,1.H
ame:5j18__1__1.A__1.B,5j18__1__1.A__1.B,structures/ame/5j18__1__1.A__1.B.cif,1.A,1.A
ame:5j2r__1__1.A__1.B,5j2r__1__1.A__1.B,structures/ame/5j2r__1__1.A__1.B.cif,1.A,1.A
ame:5j61__1__1.A_1.B__1.I,5j61__1__1.A_1.B__1.I,structures/ame/5j61__1__1.A_1.B__1.I.cif,"1.B,1.A","1.B,1.A"
ame:5j8x__1__1.A__1.B,5j8x__1__1.A__1.B,structures/ame/5j8x__1__1.A__1.B.cif,1.A,1.A
ame:5jad__1__1.A__1.E,5jad__1__1.A__1.E,structures/ame/5jad__1__1.A__1.E.cif,1.A,1.A
ame:5jah__1__1.A__1.C,5jah__1__1.A__1.C,structures/ame/5jah__1__1.A__1.C.cif,1.A,1.A
ame:5jal__1__1.A__1.F,5jal__1__1.A__1.F,structures/ame/5jal__1__1.A__1.F.cif,1.A,1.A
ame:5jan__1__1.A__1.E,5jan__1__1.A__1.E,structures/ame/5jan__1__1.A__1.E.cif,1.A,1.A
ame:5jao__1__1.A__1.E,5jao__1__1.A__1.E,structures/ame/5jao__1__1.A__1.E.cif,1.A,1.A
ame:5jap__1__1.A__1.E,5jap__1__1.A__1.E,structures/ame/5jap__1__1.A__1.E.cif,1.A,1.A
ame:5jar__1__1.A__1.E,5jar__1__1.A__1.E,structures/ame/5jar__1__1.A__1.E.cif,1.A,1.A
ame:5jas__1__1.A__1.E,5jas__1__1.A__1.E,structures/ame/5jas__1__1.A__1.E.cif,1.A,1.A
ame:5jat__1__1.A__1.D,5jat__1__1.A__1.D,structures/ame/5jat__1__1.A__1.D.cif,1.A,1.A
ame:5jau__1__1.A__1.E,5jau__1__1.A__1.E,structures/ame/5jau__1__1.A__1.E.cif,1.A,1.A
ame:5jax__1__1.A__1.B,5jax__1__1.A__1.B,structures/ame/5jax__1__1.A__1.B.cif,1.A,1.A
ame:5jcm__2__1.B__1.H,5jcm__2__1.B__1.H,structures/ame/5jcm__2__1.B__1.H.cif,1.B,1.B
ame:5jcn__1__1.A__1.E,5jcn__1__1.A__1.E,structures/ame/5jcn__1__1.A__1.E.cif,1.A,1.A
ame:5jcq__2__1.B__1.E,5jcq__2__1.B__1.E,structures/ame/5jcq__2__1.B__1.E.cif,1.B,1.B
ame:5jcr__2__1.B__1.D,5jcr__2__1.B__1.D,structures/ame/5jcr__2__1.B__1.D.cif,1.B,1.B
ame:5jct__1__1.A__1.F,5jct__1__1.A__1.F,structures/ame/5jct__1__1.A__1.F.cif,1.A,1.A
ame:5jd7__1__1.A__1.B,5jd7__1__1.A__1.B,structures/ame/5jd7__1__1.A__1.B.cif,1.A,1.A
ame:5jib__1__1.F__1.L,5jib__1__1.F__1.L,structures/ame/5jib__1__1.F__1.L.cif,1.F,1.F
ame:5jix__1__1.A__1.L,5jix__1__1.A__1.L,structures/ame/5jix__1__1.A__1.L.cif,1.A,1.A
ame:5jiz__1__1.A__1.B,5jiz__1__1.A__1.B,structures/ame/5jiz__1__1.A__1.B.cif,1.A,1.A
ame:5jnq__1__2.A__2.B,5jnq__1__2.A__2.B,structures/ame/5jnq__1__2.A__2.B.cif,2.A,2.A
ame:5juo__1__1.DC__1.HC,5juo__1__1.DC__1.HC,structures/ame/5juo__1__1.DC__1.HC.cif,1.DC,1.DC
ame:5jup__1__1.DC__1.HC,5jup__1__1.DC__1.HC,structures/ame/5jup__1__1.DC__1.HC.cif,1.DC,1.DC
ame:5jus__1__1.DC__1.HC,5jus__1__1.DC__1.HC,structures/ame/5jus__1__1.DC__1.HC.cif,1.DC,1.DC
ame:5jut__1__1.DC__1.HC,5jut__1__1.DC__1.HC,structures/ame/5jut__1__1.DC__1.HC.cif,1.DC,1.DC
ame:5juu__1__1.DC__1.HC,5juu__1__1.DC__1.HC,structures/ame/5juu__1__1.DC__1.HC.cif,1.DC,1.DC
ame:5juw__1__1.A__1.X,5juw__1__1.A__1.X,structures/ame/5juw__1__1.A__1.X.cif,1.A,1.A
ame:5jvg__1__1.L__1.DA,5jvg__1__1.L__1.DA,structures/ame/5jvg__1__1.L__1.DA.cif,1.L,1.L
ame:5jyx__1__2.A_2.M__2.EA,5jyx__1__2.A_2.M__2.EA,structures/ame/5jyx__1__2.A_2.M__2.EA.cif,"2.A,2.M","2.A,2.M"
ame:5k41__1__3.A__3.B,5k41__1__3.A__3.B,structures/ame/5k41__1__3.A__3.B.cif,3.A,3.A
ame:5k42__1__2.A__2.B,5k42__1__2.A__2.B,structures/ame/5k42__1__2.A__2.B.cif,2.A,2.A
ame:5k61__1__1.A__1.B,5k61__1__1.A__1.B,structures/ame/5k61__1__1.A__1.B.cif,1.A,1.A
ame:5kau__1__1.A__1.B,5kau__1__1.A__1.B,structures/ame/5kau__1__1.A__1.B.cif,1.A,1.A
ame:5kaw__1__1.A__1.B,5kaw__1__1.A__1.B,structures/ame/5kaw__1__1.A__1.B.cif,1.A,1.A
ame:5kax__1__1.A__1.C,5kax__1__1.A__1.C,structures/ame/5kax__1__1.A__1.C.cif,1.A,1.A
ame:5kcb__1__1.A__1.B,5kcb__1__1.A__1.B,structures/ame/5kcb__1__1.A__1.B.cif,1.A,1.A
ame:5kcq__1__1.A__1.C,5kcq__1__1.A__1.C,structures/ame/5kcq__1__1.A__1.C.cif,1.A,1.A
ame:5kcr__1__1.G_1.N__1.DB,5kcr__1__1.G_1.N__1.DB,structures/ame/5kcr__1__1.G_1.N__1.DB.cif,"1.G,1.N","1.G,1.N"
ame:5kd0__1__2.B__2.E,5kd0__1__2.B__2.E,structures/ame/5kd0__1__2.B__2.E.cif,2.B,2.B
ame:5kd6__1__1.B__1.D,5kd6__1__1.B__1.D,structures/ame/5kd6__1__1.B__1.D.cif,1.B,1.B
ame:5kd6__1__2.B__2.E,5kd6__1__2.B__2.E,structures/ame/5kd6__1__2.B__2.E.cif,2.B,2.B
ame:5kda__1__1.A__1.C,5kda__1__1.A__1.C,structures/ame/5kda__1__1.A__1.C.cif,1.A,1.A
ame:5kda__1__2.B__2.E,5kda__1__2.B__2.E,structures/ame/5kda__1__2.B__2.E.cif,2.B,2.B
ame:5kjq__1__1.A__1.B,5kjq__1__1.A__1.B,structures/ame/5kjq__1__1.A__1.B.cif,1.A,1.A
ame:5kkw__1__1.A__1.B,5kkw__1__1.A__1.B,structures/ame/5kkw__1__1.A__1.B.cif,1.A,1.A
ame:5kpn__1__1.A__1.C,5kpn__1__1.A__1.C,structures/ame/5kpn__1__1.A__1.C.cif,1.A,1.A
ame:5kpo__1__1.A__1.C,5kpo__1__1.A__1.C,structures/ame/5kpo__1__1.A__1.C.cif,1.A,1.A
ame:5kpp__1__1.A__1.C,5kpp__1__1.A__1.C,structures/ame/5kpp__1__1.A__1.C.cif,1.A,1.A
ame:5kpq__2__1.B__1.D,5kpq__2__1.B__1.D,structures/ame/5kpq__2__1.B__1.D.cif,1.B,1.B
ame:5ktp__1__1.A__1.D,5ktp__1__1.A__1.D,structures/ame/5ktp__1__1.A__1.D.cif,1.A,1.A
ame:5kts__1__1.A__1.C,5kts__1__1.A__1.C,structures/ame/5kts__1__1.A__1.C.cif,1.A,1.A
ame:5kub__1__1.A__1.D,5kub__1__1.A__1.D,structures/ame/5kub__1__1.A__1.D.cif,1.A,1.A
ame:5kwi__1__1.A__1.B,5kwi__1__1.A__1.B,structures/ame/5kwi__1__1.A__1.B.cif,1.A,1.A
ame:5kwj__2__1.B__1.D,5kwj__2__1.B__1.D,structures/ame/5kwj__2__1.B__1.D.cif,1.B,1.B
ame:5l3k__2__1.H__1.AA,5l3k__2__1.H__1.AA,structures/ame/5l3k__2__1.H__1.AA.cif,1.H,1.H
ame:5l4t__1__1.A__1.C,5l4t__1__1.A__1.C,structures/ame/5l4t__1__1.A__1.C.cif,1.A,1.A
ame:5l4u__2__1.B__1.D,5l4u__2__1.B__1.D,structures/ame/5l4u__2__1.B__1.D.cif,1.B,1.B
ame:5l4v__3__1.C__1.F,5l4v__3__1.C__1.F,structures/ame/5l4v__3__1.C__1.F.cif,1.C,1.C
ame:5l4w__1__1.A__1.D,5l4w__1__1.A__1.D,structures/ame/5l4w__1__1.A__1.D.cif,1.A,1.A
ame:5l4x__1__1.A__1.C,5l4x__1__1.A__1.C,structures/ame/5l4x__1__1.A__1.C.cif,1.A,1.A
ame:5l4y__1__1.A__1.C,5l4y__1__1.A__1.C,structures/ame/5l4y__1__1.A__1.C.cif,1.A,1.A
ame:5l87__1__1.A__1.B,5l87__1__1.A__1.B,structures/ame/5l87__1__1.A__1.B.cif,1.A,1.A
ame:5l8a__1__1.A__1.F,5l8a__1__1.A__1.F,structures/ame/5l8a__1__1.A__1.F.cif,1.A,1.A
ame:5l8a__4__1.D__1.J,5l8a__4__1.D__1.J,structures/ame/5l8a__4__1.D__1.J.cif,1.D,1.D
ame:5l9g__2__1.B__1.L,5l9g__2__1.B__1.L,structures/ame/5l9g__2__1.B__1.L.cif,1.B,1.B
ame:5l9i__2__1.B__1.J,5l9i__2__1.B__1.J,structures/ame/5l9i__2__1.B__1.J.cif,1.B,1.B
ame:5l9l__2__1.B__1.L,5l9l__2__1.B__1.L,structures/ame/5l9l__2__1.B__1.L.cif,1.B,1.B
ame:5l9o__1__1.A__1.C,5l9o__1__1.A__1.C,structures/ame/5l9o__1__1.A__1.C.cif,1.A,1.A
ame:5l9y__1__1.A_1.B__1.I,5l9y__1__1.A_1.B__1.I,structures/ame/5l9y__1__1.A_1.B__1.I.cif,"1.A,1.B","1.A,1.B"
ame:5lba__1__1.A__1.I,5lba__1__1.A__1.I,structures/ame/5lba__1__1.A__1.I.cif,1.A,1.A
ame:5lhb__1__1.A__1.B,5lhb__1__1.A__1.B,structures/ame/5lhb__1__1.A__1.B.cif,1.A,1.A
ame:5lip__1__1.A__1.C,5lip__1__1.A__1.C,structures/ame/5lip__1__1.A__1.C.cif,1.A,1.A
ame:5lns__1__1.D__1.K,5lns__1__1.D__1.K,structures/ame/5lns__1__1.D__1.K.cif,1.D,1.D
ame:5lnt__1__3.D__3.K,5lnt__1__3.D__3.K,structures/ame/5lnt__1__3.D__3.K.cif,3.D,3.D
ame:5lnw__1__2.C__2.M,5lnw__1__2.C__2.M,structures/ame/5lnw__1__2.C__2.M.cif,2.C,2.C
ame:5lp1__1__1.A__1.D,5lp1__1__1.A__1.D,structures/ame/5lp1__1__1.A__1.D.cif,1.A,1.A
ame:5ltv__2__1.B__1.P,5ltv__2__1.B__1.P,structures/ame/5ltv__2__1.B__1.P.cif,1.B,1.B
ame:5lyy__1__1.A__1.B,5lyy__1__1.A__1.B,structures/ame/5lyy__1__1.A__1.B.cif,1.A,1.A
ame:5lz2__1__1.A__1.D,5lz2__1__1.A__1.D,structures/ame/5lz2__1__1.A__1.D.cif,1.A,1.A
ame:5lz4__1__1.A__1.D,5lz4__1__1.A__1.D,structures/ame/5lz4__1__1.A__1.D.cif,1.A,1.A
ame:5lz5__1__1.A__1.D,5lz5__1__1.A__1.D,structures/ame/5lz5__1__1.A__1.D.cif,1.A,1.A
ame:5lz7__1__1.A__1.C,5lz7__1__1.A__1.C,structures/ame/5lz7__1__1.A__1.C.cif,1.A,1.A
ame:5lz8__1__1.A__1.D,5lz8__1__1.A__1.D,structures/ame/5lz8__1__1.A__1.D.cif,1.A,1.A
ame:5lzs__1__1.HC__1.HN,5lzs__1__1.HC__1.HN,structures/ame/5lzs__1__1.HC__1.HN.cif,1.HC,1.HC
ame:5m1z__1__1.A__1.B,5m1z__1__1.A__1.B,structures/ame/5m1z__1__1.A__1.B.cif,1.A,1.A
ame:5m51__1__1.A__1.B,5m51__1__1.A__1.B,structures/ame/5m51__1__1.A__1.B.cif,1.A,1.A
ame:5m55__1__1.A__1.B,5m55__1__1.A__1.B,structures/ame/5m55__1__1.A__1.B.cif,1.A,1.A
ame:5m77__1__1.A__1.C,5m77__1__1.A__1.C,structures/ame/5m77__1__1.A__1.C.cif,1.A,1.A
ame:5mts__1__1.A__1.C,5mts__1__1.A__1.C,structures/ame/5mts__1__1.A__1.C.cif,1.A,1.A
ame:5muc__1__1.A__1.C,5muc__1__1.A__1.C,structures/ame/5muc__1__1.A__1.C.cif,1.A,1.A
ame:5mui__1__1.A__1.B,5mui__1__1.A__1.B,structures/ame/5mui__1__1.A__1.B.cif,1.A,1.A
ame:5muj__1__1.A__1.B,5muj__1__1.A__1.B,structures/ame/5muj__1__1.A__1.B.cif,1.A,1.A
ame:5mvs__1__1.A__1.C,5mvs__1__1.A__1.C,structures/ame/5mvs__1__1.A__1.C.cif,1.A,1.A
ame:5mw3__2__1.B__1.F,5mw3__2__1.B__1.F,structures/ame/5mw3__2__1.B__1.F.cif,1.B,1.B
ame:5mw3__2__1.B__1.G,5mw3__2__1.B__1.G,structures/ame/5mw3__2__1.B__1.G.cif,1.B,1.B
ame:5mw4__1__1.A__1.C,5mw4__1__1.A__1.C,structures/ame/5mw4__1__1.A__1.C.cif,1.A,1.A
ame:5mye__1__1.A__1.B,5mye__1__1.A__1.B,structures/ame/5mye__1__1.A__1.B.cif,1.A,1.A
ame:5mzl__1__1.A__1.C,5mzl__1__1.A__1.C,structures/ame/5mzl__1__1.A__1.C.cif,1.A,1.A
ame:5n0f__2__1.B__1.D,5n0f__2__1.B__1.D,structures/ame/5n0f__2__1.B__1.D.cif,1.B,1.B
ame:5n12__1__1.A__1.D,5n12__1__1.A__1.D,structures/ame/5n12__1__1.A__1.D.cif,1.A,1.A
ame:5n4n__1__1.A__1.C,5n4n__1__1.A__1.C,structures/ame/5n4n__1__1.A__1.C.cif,1.A,1.A
ame:5n4o__1__1.A__1.C,5n4o__1__1.A__1.C,structures/ame/5n4o__1__1.A__1.C.cif,1.A,1.A
ame:5n4r__1__1.A__1.D,5n4r__1__1.A__1.D,structures/ame/5n4r__1__1.A__1.D.cif,1.A,1.A
ame:5n4u__1__1.A__1.C,5n4u__1__1.A__1.C,structures/ame/5n4u__1__1.A__1.C.cif,1.A,1.A
ame:5n4x__1__1.A__1.C,5n4x__1__1.A__1.C,structures/ame/5n4x__1__1.A__1.C.cif,1.A,1.A
ame:5n4z__1__1.A__1.C,5n4z__1__1.A__1.C,structures/ame/5n4z__1__1.A__1.C.cif,1.A,1.A
ame:5n50__1__1.A__1.C,5n50__1__1.A__1.C,structures/ame/5n50__1__1.A__1.C.cif,1.A,1.A
ame:5n51__1__1.A__1.C,5n51__1__1.A__1.C,structures/ame/5n51__1__1.A__1.C.cif,1.A,1.A
ame:5n52__1__1.A__1.C,5n52__1__1.A__1.C,structures/ame/5n52__1__1.A__1.C.cif,1.A,1.A
ame:5n5l__1__1.A__1.C,5n5l__1__1.A__1.C,structures/ame/5n5l__1__1.A__1.C.cif,1.A,1.A
ame:5n7o__1__1.B__1.D,5n7o__1__1.B__1.D,structures/ame/5n7o__1__1.B__1.D.cif,1.B,1.B
ame:5n8v__1__1.A__1.E,5n8v__1__1.A__1.E,structures/ame/5n8v__1__1.A__1.E.cif,1.A,1.A
ame:5n9m__1__1.A__1.C,5n9m__1__1.A__1.C,structures/ame/5n9m__1__1.A__1.C.cif,1.A,1.A
ame:5naj__2__1.B__1.I,5naj__2__1.B__1.I,structures/ame/5naj__2__1.B__1.I.cif,1.B,1.B
ame:5naj__2__1.B__1.J,5naj__2__1.B__1.J,structures/ame/5naj__2__1.B__1.J.cif,1.B,1.B
ame:5nbf__1__1.A__1.B,5nbf__1__1.A__1.B,structures/ame/5nbf__1__1.A__1.B.cif,1.A,1.A
ame:5ncf__2__1.B__1.I,5ncf__2__1.B__1.I,structures/ame/5ncf__2__1.B__1.I.cif,1.B,1.B
ame:5ncg__1__1.A__1.E,5ncg__1__1.A__1.E,structures/ame/5ncg__1__1.A__1.E.cif,1.A,1.A
ame:5ncp__1__1.A__1.B,5ncp__1__1.A__1.B,structures/ame/5ncp__1__1.A__1.B.cif,1.A,1.A
ame:5ndf__2__1.F_2.D__2.Y,5ndf__2__1.F_2.D__2.Y,structures/ame/5ndf__2__1.F_2.D__2.Y.cif,"1.F,2.D","1.F,2.D"
ame:5ndu__1__1.A__1.C,5ndu__1__1.A__1.C,structures/ame/5ndu__1__1.A__1.C.cif,1.A,1.A
ame:5ndx__1__1.A__1.M,5ndx__1__1.A__1.M,structures/ame/5ndx__1__1.A__1.M.cif,1.A,1.A
ame:5neg__1__1.B__1.H,5neg__1__1.B__1.H,structures/ame/5neg__1__1.B__1.H.cif,1.B,1.B
ame:5nn2__1__1.A__1.B,5nn2__1__1.A__1.B,structures/ame/5nn2__1__1.A__1.B.cif,1.A,1.A
ame:5nna__1__1.A_1.B__1.E,5nna__1__1.A_1.B__1.E,structures/ame/5nna__1__1.A_1.B__1.E.cif,"1.B,1.A","1.B,1.A"
ame:5nnt__1__1.A_1.B__1.D,5nnt__1__1.A_1.B__1.D,structures/ame/5nnt__1__1.A_1.B__1.D.cif,"1.A,1.B","1.A,1.B"
ame:5nr3__1__1.A__1.C,5nr3__1__1.A__1.C,structures/ame/5nr3__1__1.A__1.C.cif,1.A,1.A
ame:5nrp__1__1.A__1.B,5nrp__1__1.A__1.B,structures/ame/5nrp__1__1.A__1.B.cif,1.A,1.A
ame:5nrr__1__1.A__1.C,5nrr__1__1.A__1.C,structures/ame/5nrr__1__1.A__1.C.cif,1.A,1.A
ame:5nrs__1__1.A__1.E,5nrs__1__1.A__1.E,structures/ame/5nrs__1__1.A__1.E.cif,1.A,1.A
ame:5nrv__1__1.A__1.C,5nrv__1__1.A__1.C,structures/ame/5nrv__1__1.A__1.C.cif,1.A,1.A
ame:5nv0__1__1.A__1.C,5nv0__1__1.A__1.C,structures/ame/5nv0__1__1.A__1.C.cif,1.A,1.A
ame:5nv2__1__1.B__1.I,5nv2__1__1.B__1.I,structures/ame/5nv2__1__1.B__1.I.cif,1.B,1.B
ame:5nv7__1__1.A__1.C,5nv7__1__1.A__1.C,structures/ame/5nv7__1__1.A__1.C.cif,1.A,1.A
ame:5nxx__1__1.A__1.C,5nxx__1__1.A__1.C,structures/ame/5nxx__1__1.A__1.C.cif,1.A,1.A
ame:5nzx__1__1.A__1.C,5nzx__1__1.A__1.C,structures/ame/5nzx__1__1.A__1.C.cif,1.A,1.A
ame:5nzy__1__1.A__1.D,5nzy__1__1.A__1.D,structures/ame/5nzy__1__1.A__1.D.cif,1.A,1.A
ame:5o0s__1__1.A__1.L,5o0s__1__1.A__1.L,structures/ame/5o0s__1__1.A__1.L.cif,1.A,1.A
ame:5o2d__1__1.A__1.B,5o2d__1__1.A__1.B,structures/ame/5o2d__1__1.A__1.B.cif,1.A,1.A
ame:5o9p__1__1.A__1.B,5o9p__1__1.A__1.B,structures/ame/5o9p__1__1.A__1.B.cif,1.A,1.A
ame:5oa6__1__1.A__1.B,5oa6__1__1.A__1.B,structures/ame/5oa6__1__1.A__1.B.cif,1.A,1.A
ame:5ocj__2__1.B__1.E,5ocj__2__1.B__1.E,structures/ame/5ocj__2__1.B__1.E.cif,1.B,1.B
ame:5odc__1__1.F__1.RA,5odc__1__1.F__1.RA,structures/ame/5odc__1__1.F__1.RA.cif,1.F,1.F
ame:5odi__1__1.L__1.EB,5odi__1__1.L__1.EB,structures/ame/5odi__1__1.L__1.EB.cif,1.L,1.L
ame:5odq__1__1.F__1.JA,5odq__1__1.F__1.JA,structures/ame/5odq__1__1.F__1.JA.cif,1.F,1.F
ame:5odr__1__1.L__1.KB,5odr__1__1.L__1.KB,structures/ame/5odr__1__1.L__1.KB.cif,1.L,1.L
ame:5ogq__1__1.A__1.D,5ogq__1__1.A__1.D,structures/ame/5ogq__1__1.A__1.D.cif,1.A,1.A
ame:5ogr__2__1.B__1.F,5ogr__2__1.B__1.F,structures/ame/5ogr__2__1.B__1.F.cif,1.B,1.B
ame:5ojy__1__1.A_2.A__1.E,5ojy__1__1.A_2.A__1.E,structures/ame/5ojy__1__1.A_2.A__1.E.cif,"1.A,2.A","1.A,2.A"
ame:5oml__2__1.B__1.I,5oml__2__1.B__1.I,structures/ame/5oml__2__1.B__1.I.cif,1.B,1.B
ame:5org__1__1.B__1.MA,5org__1__1.B__1.MA,structures/ame/5org__1__1.B__1.MA.cif,1.B,1.B
ame:5osy__1__1.A_1.B__1.C,5osy__1__1.A_1.B__1.C,structures/ame/5osy__1__1.A_1.B__1.C.cif,"1.A,1.B","1.A,1.B"
ame:5pwc__2__1.B__1.L,5pwc__2__1.B__1.L,structures/ame/5pwc__2__1.B__1.L.cif,1.B,1.B
ame:5pwd__2__1.B__1.K,5pwd__2__1.B__1.K,structures/ame/5pwd__2__1.B__1.K.cif,1.B,1.B
ame:5q1j__1__1.A__1.D,5q1j__1__1.A__1.D,structures/ame/5q1j__1__1.A__1.D.cif,1.A,1.A
ame:5q1k__1__1.A__1.D,5q1k__1__1.A__1.D,structures/ame/5q1k__1__1.A__1.D.cif,1.A,1.A
ame:5q1l__1__1.A__1.D,5q1l__1__1.A__1.D,structures/ame/5q1l__1__1.A__1.D.cif,1.A,1.A
ame:5q1m__1__1.A__1.D,5q1m__1__1.A__1.D,structures/ame/5q1m__1__1.A__1.D.cif,1.A,1.A
ame:5q1n__1__1.A__1.D,5q1n__1__1.A__1.D,structures/ame/5q1n__1__1.A__1.D.cif,1.A,1.A
ame:5q1o__1__1.A__1.D,5q1o__1__1.A__1.D,structures/ame/5q1o__1__1.A__1.D.cif,1.A,1.A
ame:5q1p__1__1.A__1.D,5q1p__1__1.A__1.D,structures/ame/5q1p__1__1.A__1.D.cif,1.A,1.A
ame:5q1q__1__1.A__1.D,5q1q__1__1.A__1.D,structures/ame/5q1q__1__1.A__1.D.cif,1.A,1.A
ame:5q1s__1__1.A__1.D,5q1s__1__1.A__1.D,structures/ame/5q1s__1__1.A__1.D.cif,1.A,1.A
ame:5q1t__1__1.A__1.D,5q1t__1__1.A__1.D,structures/ame/5q1t__1__1.A__1.D.cif,1.A,1.A
ame:5q1u__1__1.A__1.D,5q1u__1__1.A__1.D,structures/ame/5q1u__1__1.A__1.D.cif,1.A,1.A
ame:5q1v__1__1.A__1.D,5q1v__1__1.A__1.D,structures/ame/5q1v__1__1.A__1.D.cif,1.A,1.A
ame:5q1w__1__1.A__1.D,5q1w__1__1.A__1.D,structures/ame/5q1w__1__1.A__1.D.cif,1.A,1.A
ame:5q1x__1__1.A__1.F,5q1x__1__1.A__1.F,structures/ame/5q1x__1__1.A__1.F.cif,1.A,1.A
ame:5q1y__1__1.A__1.D,5q1y__1__1.A__1.D,structures/ame/5q1y__1__1.A__1.D.cif,1.A,1.A
ame:5q20__1__1.A__1.D,5q20__1__1.A__1.D,structures/ame/5q20__1__1.A__1.D.cif,1.A,1.A
ame:5q22__1__1.A__1.D,5q22__1__1.A__1.D,structures/ame/5q22__1__1.A__1.D.cif,1.A,1.A
ame:5q23__1__1.A__1.D,5q23__1__1.A__1.D,structures/ame/5q23__1__1.A__1.D.cif,1.A,1.A
ame:5q24__1__1.A__1.D,5q24__1__1.A__1.D,structures/ame/5q24__1__1.A__1.D.cif,1.A,1.A
ame:5q25__1__1.A__1.D,5q25__1__1.A__1.D,structures/ame/5q25__1__1.A__1.D.cif,1.A,1.A
ame:5q26__1__1.A__1.D,5q26__1__1.A__1.D,structures/ame/5q26__1__1.A__1.D.cif,1.A,1.A
ame:5q27__1__1.A__1.D,5q27__1__1.A__1.D,structures/ame/5q27__1__1.A__1.D.cif,1.A,1.A
ame:5q28__1__1.A__1.D,5q28__1__1.A__1.D,structures/ame/5q28__1__1.A__1.D.cif,1.A,1.A
ame:5q29__1__1.A__1.D,5q29__1__1.A__1.D,structures/ame/5q29__1__1.A__1.D.cif,1.A,1.A
ame:5qhi__1__1.A__1.L,5qhi__1__1.A__1.L,structures/ame/5qhi__1__1.A__1.L.cif,1.A,1.A
ame:5qhj__1__1.A__1.K,5qhj__1__1.A__1.K,structures/ame/5qhj__1__1.A__1.K.cif,1.A,1.A
ame:5qhk__1__1.A__1.L,5qhk__1__1.A__1.L,structures/ame/5qhk__1__1.A__1.L.cif,1.A,1.A
ame:5qhl__1__1.A_1.B__1.J,5qhl__1__1.A_1.B__1.J,structures/ame/5qhl__1__1.A_1.B__1.J.cif,"1.A,1.B","1.A,1.B"
ame:5qho__1__2.A__2.D,5qho__1__2.A__2.D,structures/ame/5qho__1__2.A__2.D.cif,2.A,2.A
ame:5qhp__1__2.A__2.D,5qhp__1__2.A__2.D,structures/ame/5qhp__1__2.A__2.D.cif,2.A,2.A
ame:5qhr__1__1.A__1.D,5qhr__1__1.A__1.D,structures/ame/5qhr__1__1.A__1.D.cif,1.A,1.A
ame:5qrf__1__1.A__1.G,5qrf__1__1.A__1.G,structures/ame/5qrf__1__1.A__1.G.cif,1.A,1.A
ame:5qrg__1__1.A__1.G,5qrg__1__1.A__1.G,structures/ame/5qrg__1__1.A__1.G.cif,1.A,1.A
ame:5qrh__1__1.A__1.G,5qrh__1__1.A__1.G,structures/ame/5qrh__1__1.A__1.G.cif,1.A,1.A
ame:5qri__1__1.A__1.G,5qri__1__1.A__1.G,structures/ame/5qri__1__1.A__1.G.cif,1.A,1.A
ame:5qrk__1__1.A__1.G,5qrk__1__1.A__1.G,structures/ame/5qrk__1__1.A__1.G.cif,1.A,1.A
ame:5qrl__1__1.A__1.G,5qrl__1__1.A__1.G,structures/ame/5qrl__1__1.A__1.G.cif,1.A,1.A
ame:5qrn__1__1.A__1.G,5qrn__1__1.A__1.G,structures/ame/5qrn__1__1.A__1.G.cif,1.A,1.A
ame:5qro__1__1.A__1.G,5qro__1__1.A__1.G,structures/ame/5qro__1__1.A__1.G.cif,1.A,1.A
ame:5qrp__1__1.A__1.G,5qrp__1__1.A__1.G,structures/ame/5qrp__1__1.A__1.G.cif,1.A,1.A
ame:5qrq__1__1.A__1.G,5qrq__1__1.A__1.G,structures/ame/5qrq__1__1.A__1.G.cif,1.A,1.A
ame:5qrs__1__1.A__1.G,5qrs__1__1.A__1.G,structures/ame/5qrs__1__1.A__1.G.cif,1.A,1.A
ame:5qrt__1__1.A__1.G,5qrt__1__1.A__1.G,structures/ame/5qrt__1__1.A__1.G.cif,1.A,1.A
ame:5qru__1__1.A__1.G,5qru__1__1.A__1.G,structures/ame/5qru__1__1.A__1.G.cif,1.A,1.A
ame:5qrv__1__1.A__1.G,5qrv__1__1.A__1.G,structures/ame/5qrv__1__1.A__1.G.cif,1.A,1.A
ame:5qrw__1__1.A__1.G,5qrw__1__1.A__1.G,structures/ame/5qrw__1__1.A__1.G.cif,1.A,1.A
ame:5qrx__1__1.A__1.G,5qrx__1__1.A__1.G,structures/ame/5qrx__1__1.A__1.G.cif,1.A,1.A
ame:5qry__1__1.A__1.G,5qry__1__1.A__1.G,structures/ame/5qry__1__1.A__1.G.cif,1.A,1.A
ame:5qrz__1__1.A__1.G,5qrz__1__1.A__1.G,structures/ame/5qrz__1__1.A__1.G.cif,1.A,1.A
ame:5qs1__1__1.A__1.G,5qs1__1__1.A__1.G,structures/ame/5qs1__1__1.A__1.G.cif,1.A,1.A
ame:5qs3__1__1.A__1.G,5qs3__1__1.A__1.G,structures/ame/5qs3__1__1.A__1.G.cif,1.A,1.A
ame:5qs4__1__1.A__1.G,5qs4__1__1.A__1.G,structures/ame/5qs4__1__1.A__1.G.cif,1.A,1.A
ame:5qs5__1__1.A__1.G,5qs5__1__1.A__1.G,structures/ame/5qs5__1__1.A__1.G.cif,1.A,1.A
ame:5qsl__1__1.A__1.H,5qsl__1__1.A__1.H,structures/ame/5qsl__1__1.A__1.H.cif,1.A,1.A
ame:5qsm__1__1.A__1.C,5qsm__1__1.A__1.C,structures/ame/5qsm__1__1.A__1.C.cif,1.A,1.A
ame:5qsn__2__1.B__1.C,5qsn__2__1.B__1.C,structures/ame/5qsn__2__1.B__1.C.cif,1.B,1.B
ame:5qso__1__1.A__1.C,5qso__1__1.A__1.C,structures/ame/5qso__1__1.A__1.C.cif,1.A,1.A
ame:5qsp__1__1.A__1.C,5qsp__1__1.A__1.C,structures/ame/5qsp__1__1.A__1.C.cif,1.A,1.A
ame:5qsq__2__1.B__1.D,5qsq__2__1.B__1.D,structures/ame/5qsq__2__1.B__1.D.cif,1.B,1.B
ame:5qsr__1__1.A__1.C,5qsr__1__1.A__1.C,structures/ame/5qsr__1__1.A__1.C.cif,1.A,1.A
ame:5qss__1__1.A__1.C,5qss__1__1.A__1.C,structures/ame/5qss__1__1.A__1.C.cif,1.A,1.A
ame:5qst__1__1.A__1.E,5qst__1__1.A__1.E,structures/ame/5qst__1__1.A__1.E.cif,1.A,1.A
ame:5qsu__1__1.A__1.E,5qsu__1__1.A__1.E,structures/ame/5qsu__1__1.A__1.E.cif,1.A,1.A
ame:5qsv__4__1.D__1.E,5qsv__4__1.D__1.E,structures/ame/5qsv__4__1.D__1.E.cif,1.D,1.D
ame:5qsw__1__1.A__1.E,5qsw__1__1.A__1.E,structures/ame/5qsw__1__1.A__1.E.cif,1.A,1.A
ame:5qsx__4__1.D__1.G,5qsx__4__1.D__1.G,structures/ame/5qsx__4__1.D__1.G.cif,1.D,1.D
ame:5qsy__2__1.B__1.C,5qsy__2__1.B__1.C,structures/ame/5qsy__2__1.B__1.C.cif,1.B,1.B
ame:5qsz__1__1.A__1.C,5qsz__1__1.A__1.C,structures/ame/5qsz__1__1.A__1.C.cif,1.A,1.A
ame:5qxj__1__1.A__1.B,5qxj__1__1.A__1.B,structures/ame/5qxj__1__1.A__1.B.cif,1.A,1.A
ame:5qxl__1__1.A__1.B,5qxl__1__1.A__1.B,structures/ame/5qxl__1__1.A__1.B.cif,1.A,1.A
ame:5qxn__1__1.A__1.C,5qxn__1__1.A__1.C,structures/ame/5qxn__1__1.A__1.C.cif,1.A,1.A
ame:5qxq__1__1.A__1.B,5qxq__1__1.A__1.B,structures/ame/5qxq__1__1.A__1.B.cif,1.A,1.A
ame:5qxr__1__1.A__1.B,5qxr__1__1.A__1.B,structures/ame/5qxr__1__1.A__1.B.cif,1.A,1.A
ame:5qxs__1__1.A__1.B,5qxs__1__1.A__1.B,structures/ame/5qxs__1__1.A__1.B.cif,1.A,1.A
ame:5qxt__1__1.A__1.B,5qxt__1__1.A__1.B,structures/ame/5qxt__1__1.A__1.B.cif,1.A,1.A
ame:5qxx__1__1.A__1.B,5qxx__1__1.A__1.B,structures/ame/5qxx__1__1.A__1.B.cif,1.A,1.A
ame:5qxy__1__1.A__1.B,5qxy__1__1.A__1.B,structures/ame/5qxy__1__1.A__1.B.cif,1.A,1.A
ame:5qy0__1__1.A__1.C,5qy0__1__1.A__1.C,structures/ame/5qy0__1__1.A__1.C.cif,1.A,1.A
ame:5qyg__1__1.A_1.B__1.F,5qyg__1__1.A_1.B__1.F,structures/ame/5qyg__1__1.A_1.B__1.F.cif,"1.A,1.B","1.A,1.B"
ame:5r0j__1__1.A_1.B__1.C,5r0j__1__1.A_1.B__1.C,structures/ame/5r0j__1__1.A_1.B__1.C.cif,"1.A,1.B","1.A,1.B"
ame:5r4e__1__1.A__1.B,5r4e__1__1.A__1.B,structures/ame/5r4e__1__1.A__1.B.cif,1.A,1.A
ame:5r4p__1__2.A__2.F,5r4p__1__2.A__2.F,structures/ame/5r4p__1__2.A__2.F.cif,2.A,2.A
ame:5r4q__2__1.B__1.K,5r4q__2__1.B__1.K,structures/ame/5r4q__2__1.B__1.K.cif,1.B,1.B
ame:5r4r__1__1.A__1.G,5r4r__1__1.A__1.G,structures/ame/5r4r__1__1.A__1.G.cif,1.A,1.A
ame:5r4s__1__1.A__1.C,5r4s__1__1.A__1.C,structures/ame/5r4s__1__1.A__1.C.cif,1.A,1.A
ame:5r4t__1__1.A__1.G,5r4t__1__1.A__1.G,structures/ame/5r4t__1__1.A__1.G.cif,1.A,1.A
ame:5r4u__1__1.A__1.C,5r4u__1__1.A__1.C,structures/ame/5r4u__1__1.A__1.C.cif,1.A,1.A
ame:5r4v__1__1.A__1.C,5r4v__1__1.A__1.C,structures/ame/5r4v__1__1.A__1.C.cif,1.A,1.A
ame:5r4w__1__1.A__1.B,5r4w__1__1.A__1.B,structures/ame/5r4w__1__1.A__1.B.cif,1.A,1.A
ame:5r4x__1__1.A__1.B,5r4x__1__1.A__1.B,structures/ame/5r4x__1__1.A__1.B.cif,1.A,1.A
ame:5r4y__1__1.A__1.B,5r4y__1__1.A__1.B,structures/ame/5r4y__1__1.A__1.B.cif,1.A,1.A
ame:5r4z__1__1.A__1.B,5r4z__1__1.A__1.B,structures/ame/5r4z__1__1.A__1.B.cif,1.A,1.A
ame:5r50__1__1.A__1.C,5r50__1__1.A__1.C,structures/ame/5r50__1__1.A__1.C.cif,1.A,1.A
ame:5r51__1__1.A__1.B,5r51__1__1.A__1.B,structures/ame/5r51__1__1.A__1.B.cif,1.A,1.A
ame:5r52__1__1.A__1.B,5r52__1__1.A__1.B,structures/ame/5r52__1__1.A__1.B.cif,1.A,1.A
ame:5r53__1__1.A__1.B,5r53__1__1.A__1.B,structures/ame/5r53__1__1.A__1.B.cif,1.A,1.A
ame:5r54__1__1.A__1.B,5r54__1__1.A__1.B,structures/ame/5r54__1__1.A__1.B.cif,1.A,1.A
ame:5r55__1__1.A__1.B,5r55__1__1.A__1.B,structures/ame/5r55__1__1.A__1.B.cif,1.A,1.A
ame:5r57__1__1.A__1.B,5r57__1__1.A__1.B,structures/ame/5r57__1__1.A__1.B.cif,1.A,1.A
ame:5r58__1__1.A__1.B,5r58__1__1.A__1.B,structures/ame/5r58__1__1.A__1.B.cif,1.A,1.A
ame:5r59__1__1.A__1.B,5r59__1__1.A__1.B,structures/ame/5r59__1__1.A__1.B.cif,1.A,1.A
ame:5r5a__1__1.A__1.B,5r5a__1__1.A__1.B,structures/ame/5r5a__1__1.A__1.B.cif,1.A,1.A
ame:5r5b__1__1.A__1.B,5r5b__1__1.A__1.B,structures/ame/5r5b__1__1.A__1.B.cif,1.A,1.A
ame:5r5c__1__1.A__1.B,5r5c__1__1.A__1.B,structures/ame/5r5c__1__1.A__1.B.cif,1.A,1.A
ame:5r5d__1__1.A__1.B,5r5d__1__1.A__1.B,structures/ame/5r5d__1__1.A__1.B.cif,1.A,1.A
ame:5r5e__1__1.A__1.B,5r5e__1__1.A__1.B,structures/ame/5r5e__1__1.A__1.B.cif,1.A,1.A
ame:5r5f__1__1.A__1.B,5r5f__1__1.A__1.B,structures/ame/5r5f__1__1.A__1.B.cif,1.A,1.A
ame:5r5g__1__1.A__1.B,5r5g__1__1.A__1.B,structures/ame/5r5g__1__1.A__1.B.cif,1.A,1.A
ame:5r5h__1__1.A__1.B,5r5h__1__1.A__1.B,structures/ame/5r5h__1__1.A__1.B.cif,1.A,1.A
ame:5r5i__1__1.A__1.B,5r5i__1__1.A__1.B,structures/ame/5r5i__1__1.A__1.B.cif,1.A,1.A
ame:5r5j__1__1.A__1.B,5r5j__1__1.A__1.B,structures/ame/5r5j__1__1.A__1.B.cif,1.A,1.A
ame:5r5k__1__1.A__1.B,5r5k__1__1.A__1.B,structures/ame/5r5k__1__1.A__1.B.cif,1.A,1.A
ame:5r5l__1__1.A__1.B,5r5l__1__1.A__1.B,structures/ame/5r5l__1__1.A__1.B.cif,1.A,1.A
ame:5r5m__1__1.A__1.B,5r5m__1__1.A__1.B,structures/ame/5r5m__1__1.A__1.B.cif,1.A,1.A
ame:5r5n__1__1.A__1.B,5r5n__1__1.A__1.B,structures/ame/5r5n__1__1.A__1.B.cif,1.A,1.A
ame:5r5o__1__1.A__1.B,5r5o__1__1.A__1.B,structures/ame/5r5o__1__1.A__1.B.cif,1.A,1.A
ame:5r5p__1__1.A__1.B,5r5p__1__1.A__1.B,structures/ame/5r5p__1__1.A__1.B.cif,1.A,1.A
ame:5r5q__1__1.A__1.B,5r5q__1__1.A__1.B,structures/ame/5r5q__1__1.A__1.B.cif,1.A,1.A
ame:5r5r__1__1.A__1.C,5r5r__1__1.A__1.C,structures/ame/5r5r__1__1.A__1.C.cif,1.A,1.A
ame:5r5s__1__1.A__1.B,5r5s__1__1.A__1.B,structures/ame/5r5s__1__1.A__1.B.cif,1.A,1.A
ame:5r64__1__1.A__1.G,5r64__1__1.A__1.G,structures/ame/5r64__1__1.A__1.G.cif,1.A,1.A
ame:5r65__1__2.A__2.G,5r65__1__2.A__2.G,structures/ame/5r65__1__2.A__2.G.cif,2.A,2.A
ame:5r67__1__1.A__1.G,5r67__1__1.A__1.G,structures/ame/5r67__1__1.A__1.G.cif,1.A,1.A
ame:5raa__1__1.A__1.C,5raa__1__1.A__1.C,structures/ame/5raa__1__1.A__1.C.cif,1.A,1.A
ame:5rab__1__1.A__1.C,5rab__1__1.A__1.C,structures/ame/5rab__1__1.A__1.C.cif,1.A,1.A
ame:5rac__2__1.B__1.I,5rac__2__1.B__1.I,structures/ame/5rac__2__1.B__1.I.cif,1.B,1.B
ame:5rad__1__1.A__1.C,5rad__1__1.A__1.C,structures/ame/5rad__1__1.A__1.C.cif,1.A,1.A
ame:5rae__1__1.A__1.C,5rae__1__1.A__1.C,structures/ame/5rae__1__1.A__1.C.cif,1.A,1.A
ame:5raf__1__1.A__1.C,5raf__1__1.A__1.C,structures/ame/5raf__1__1.A__1.C.cif,1.A,1.A
ame:5rag__1__1.A__1.C,5rag__1__1.A__1.C,structures/ame/5rag__1__1.A__1.C.cif,1.A,1.A
ame:5rah__1__1.A__1.C,5rah__1__1.A__1.C,structures/ame/5rah__1__1.A__1.C.cif,1.A,1.A
ame:5raj__1__1.A__1.C,5raj__1__1.A__1.C,structures/ame/5raj__1__1.A__1.C.cif,1.A,1.A
ame:5rak__1__1.A__1.C,5rak__1__1.A__1.C,structures/ame/5rak__1__1.A__1.C.cif,1.A,1.A
ame:5ral__2__1.B__1.H,5ral__2__1.B__1.H,structures/ame/5ral__2__1.B__1.H.cif,1.B,1.B
ame:5rap__1__1.A__1.C,5rap__1__1.A__1.C,structures/ame/5rap__1__1.A__1.C.cif,1.A,1.A
ame:5raq__2__1.B__1.I,5raq__2__1.B__1.I,structures/ame/5raq__2__1.B__1.I.cif,1.B,1.B
ame:5rar__1__1.A__1.D,5rar__1__1.A__1.D,structures/ame/5rar__1__1.A__1.D.cif,1.A,1.A
ame:5ras__2__1.B__1.H,5ras__2__1.B__1.H,structures/ame/5ras__2__1.B__1.H.cif,1.B,1.B
ame:5rau__1__1.A__1.C,5rau__1__1.A__1.C,structures/ame/5rau__1__1.A__1.C.cif,1.A,1.A
ame:5rav__1__1.A__1.C,5rav__1__1.A__1.C,structures/ame/5rav__1__1.A__1.C.cif,1.A,1.A
ame:5raw__1__1.A__1.C,5raw__1__1.A__1.C,structures/ame/5raw__1__1.A__1.C.cif,1.A,1.A
ame:5rax__2__1.B__1.H,5rax__2__1.B__1.H,structures/ame/5rax__2__1.B__1.H.cif,1.B,1.B
ame:5ray__1__1.A__1.C,5ray__1__1.A__1.C,structures/ame/5ray__1__1.A__1.C.cif,1.A,1.A
ame:5raz__2__1.B__1.J,5raz__2__1.B__1.J,structures/ame/5raz__2__1.B__1.J.cif,1.B,1.B
ame:5rb0__2__1.B__1.H,5rb0__2__1.B__1.H,structures/ame/5rb0__2__1.B__1.H.cif,1.B,1.B
ame:5rb1__1__1.A__1.C,5rb1__1__1.A__1.C,structures/ame/5rb1__1__1.A__1.C.cif,1.A,1.A
ame:5rb3__2__1.B__1.J,5rb3__2__1.B__1.J,structures/ame/5rb3__2__1.B__1.J.cif,1.B,1.B
ame:5rb4__1__1.A__1.C,5rb4__1__1.A__1.C,structures/ame/5rb4__1__1.A__1.C.cif,1.A,1.A
ame:5rb5__1__1.A__1.C,5rb5__1__1.A__1.C,structures/ame/5rb5__1__1.A__1.C.cif,1.A,1.A
ame:5rb6__1__1.A__1.C,5rb6__1__1.A__1.C,structures/ame/5rb6__1__1.A__1.C.cif,1.A,1.A
ame:5rb7__1__1.A__1.C,5rb7__1__1.A__1.C,structures/ame/5rb7__1__1.A__1.C.cif,1.A,1.A
ame:5rl6__2__1.B__1.H,5rl6__2__1.B__1.H,structures/ame/5rl6__2__1.B__1.H.cif,1.B,1.B
ame:5rl7__1__1.A__1.C,5rl7__1__1.A__1.C,structures/ame/5rl7__1__1.A__1.C.cif,1.A,1.A
ame:5rl8__1__1.A__1.C,5rl8__1__1.A__1.C,structures/ame/5rl8__1__1.A__1.C.cif,1.A,1.A
ame:5rlb__1__1.A__1.C,5rlb__1__1.A__1.C,structures/ame/5rlb__1__1.A__1.C.cif,1.A,1.A
ame:5rlc__2__1.B__1.H,5rlc__2__1.B__1.H,structures/ame/5rlc__2__1.B__1.H.cif,1.B,1.B
ame:5rld__2__1.B__1.H,5rld__2__1.B__1.H,structures/ame/5rld__2__1.B__1.H.cif,1.B,1.B
ame:5rlf__1__1.A__1.C,5rlf__1__1.A__1.C,structures/ame/5rlf__1__1.A__1.C.cif,1.A,1.A
ame:5rlg__1__1.A__1.C,5rlg__1__1.A__1.C,structures/ame/5rlg__1__1.A__1.C.cif,1.A,1.A
ame:5rlh__2__1.B__1.H,5rlh__2__1.B__1.H,structures/ame/5rlh__2__1.B__1.H.cif,1.B,1.B
ame:5rli__2__1.B__1.J,5rli__2__1.B__1.J,structures/ame/5rli__2__1.B__1.J.cif,1.B,1.B
ame:5rlk__2__1.B__1.H,5rlk__2__1.B__1.H,structures/ame/5rlk__2__1.B__1.H.cif,1.B,1.B
ame:5rlm__2__1.B__1.H,5rlm__2__1.B__1.H,structures/ame/5rlm__2__1.B__1.H.cif,1.B,1.B
ame:5rlo__2__1.B__1.H,5rlo__2__1.B__1.H,structures/ame/5rlo__2__1.B__1.H.cif,1.B,1.B
ame:5rlp__2__1.B__1.H,5rlp__2__1.B__1.H,structures/ame/5rlp__2__1.B__1.H.cif,1.B,1.B
ame:5rlq__1__1.A__1.C,5rlq__1__1.A__1.C,structures/ame/5rlq__1__1.A__1.C.cif,1.A,1.A
ame:5rlt__2__1.B__1.H,5rlt__2__1.B__1.H,structures/ame/5rlt__2__1.B__1.H.cif,1.B,1.B
ame:5rlu__1__1.A__1.C,5rlu__1__1.A__1.C,structures/ame/5rlu__1__1.A__1.C.cif,1.A,1.A
ame:5rlv__1__1.A__1.D,5rlv__1__1.A__1.D,structures/ame/5rlv__1__1.A__1.D.cif,1.A,1.A
ame:5rlw__1__1.A__1.C,5rlw__1__1.A__1.C,structures/ame/5rlw__1__1.A__1.C.cif,1.A,1.A
ame:5rly__2__1.B__1.J,5rly__2__1.B__1.J,structures/ame/5rly__2__1.B__1.J.cif,1.B,1.B
ame:5rlz__1__1.A__1.C,5rlz__1__1.A__1.C,structures/ame/5rlz__1__1.A__1.C.cif,1.A,1.A
ame:5rm0__2__1.B__1.H,5rm0__2__1.B__1.H,structures/ame/5rm0__2__1.B__1.H.cif,1.B,1.B
ame:5rm1__2__1.B__1.H,5rm1__2__1.B__1.H,structures/ame/5rm1__2__1.B__1.H.cif,1.B,1.B
ame:5rm3__1__1.A__1.C,5rm3__1__1.A__1.C,structures/ame/5rm3__1__1.A__1.C.cif,1.A,1.A
ame:5rm4__2__1.B__1.H,5rm4__2__1.B__1.H,structures/ame/5rm4__2__1.B__1.H.cif,1.B,1.B
ame:5rm5__2__1.B__1.H,5rm5__2__1.B__1.H,structures/ame/5rm5__2__1.B__1.H.cif,1.B,1.B
ame:5rm6__2__1.B__1.H,5rm6__2__1.B__1.H,structures/ame/5rm6__2__1.B__1.H.cif,1.B,1.B
ame:5rma__2__1.B__1.H,5rma__2__1.B__1.H,structures/ame/5rma__2__1.B__1.H.cif,1.B,1.B
ame:5rmb__1__1.A__1.C,5rmb__1__1.A__1.C,structures/ame/5rmb__1__1.A__1.C.cif,1.A,1.A
ame:5rmc__2__1.B__1.H,5rmc__2__1.B__1.H,structures/ame/5rmc__2__1.B__1.H.cif,1.B,1.B
ame:5rmd__2__1.B__1.I,5rmd__2__1.B__1.I,structures/ame/5rmd__2__1.B__1.I.cif,1.B,1.B
ame:5rme__1__1.A__1.C,5rme__1__1.A__1.C,structures/ame/5rme__1__1.A__1.C.cif,1.A,1.A
ame:5rmf__1__1.A__1.C,5rmf__1__1.A__1.C,structures/ame/5rmf__1__1.A__1.C.cif,1.A,1.A
ame:5rmg__2__1.B__1.H,5rmg__2__1.B__1.H,structures/ame/5rmg__2__1.B__1.H.cif,1.B,1.B
ame:5rmh__1__1.A__1.C,5rmh__1__1.A__1.C,structures/ame/5rmh__1__1.A__1.C.cif,1.A,1.A
ame:5rmi__1__1.A__1.C,5rmi__1__1.A__1.C,structures/ame/5rmi__1__1.A__1.C.cif,1.A,1.A
ame:5rmj__1__1.A__1.C,5rmj__1__1.A__1.C,structures/ame/5rmj__1__1.A__1.C.cif,1.A,1.A
ame:5rmk__2__1.B__1.H,5rmk__2__1.B__1.H,structures/ame/5rmk__2__1.B__1.H.cif,1.B,1.B
ame:5rml__2__1.B__1.H,5rml__2__1.B__1.H,structures/ame/5rml__2__1.B__1.H.cif,1.B,1.B
ame:5rmm__2__1.B__1.H,5rmm__2__1.B__1.H,structures/ame/5rmm__2__1.B__1.H.cif,1.B,1.B
ame:5rw2__1__1.A__1.B,5rw2__1__1.A__1.B,structures/ame/5rw2__1__1.A__1.B.cif,1.A,1.A
ame:5rw3__1__1.A__1.B,5rw3__1__1.A__1.B,structures/ame/5rw3__1__1.A__1.B.cif,1.A,1.A
ame:5rw4__1__1.A__1.B,5rw4__1__1.A__1.B,structures/ame/5rw4__1__1.A__1.B.cif,1.A,1.A
ame:5rw5__1__1.A__1.B,5rw5__1__1.A__1.B,structures/ame/5rw5__1__1.A__1.B.cif,1.A,1.A
ame:5rw6__1__1.A__1.B,5rw6__1__1.A__1.B,structures/ame/5rw6__1__1.A__1.B.cif,1.A,1.A
ame:5rw7__1__1.A__1.B,5rw7__1__1.A__1.B,structures/ame/5rw7__1__1.A__1.B.cif,1.A,1.A
ame:5rw8__1__1.A__1.B,5rw8__1__1.A__1.B,structures/ame/5rw8__1__1.A__1.B.cif,1.A,1.A
ame:5rw9__1__1.A__1.B,5rw9__1__1.A__1.B,structures/ame/5rw9__1__1.A__1.B.cif,1.A,1.A
ame:5rwa__1__1.A__1.B,5rwa__1__1.A__1.B,structures/ame/5rwa__1__1.A__1.B.cif,1.A,1.A
ame:5rwb__1__1.A__1.C,5rwb__1__1.A__1.C,structures/ame/5rwb__1__1.A__1.C.cif,1.A,1.A
ame:5rwc__1__1.A__1.B,5rwc__1__1.A__1.B,structures/ame/5rwc__1__1.A__1.B.cif,1.A,1.A
ame:5rwd__1__1.A__1.C,5rwd__1__1.A__1.C,structures/ame/5rwd__1__1.A__1.C.cif,1.A,1.A
ame:5rwe__1__1.A__1.B,5rwe__1__1.A__1.B,structures/ame/5rwe__1__1.A__1.B.cif,1.A,1.A
ame:5rwf__1__1.A__1.B,5rwf__1__1.A__1.B,structures/ame/5rwf__1__1.A__1.B.cif,1.A,1.A
ame:5rwg__1__1.A__1.B,5rwg__1__1.A__1.B,structures/ame/5rwg__1__1.A__1.B.cif,1.A,1.A
ame:5rwh__1__1.A__1.B,5rwh__1__1.A__1.B,structures/ame/5rwh__1__1.A__1.B.cif,1.A,1.A
ame:5rwj__1__1.A__1.B,5rwj__1__1.A__1.B,structures/ame/5rwj__1__1.A__1.B.cif,1.A,1.A
ame:5rwk__1__1.A__1.B,5rwk__1__1.A__1.B,structures/ame/5rwk__1__1.A__1.B.cif,1.A,1.A
ame:5rwl__1__1.A__1.B,5rwl__1__1.A__1.B,structures/ame/5rwl__1__1.A__1.B.cif,1.A,1.A
ame:5rwn__1__1.A__1.B,5rwn__1__1.A__1.B,structures/ame/5rwn__1__1.A__1.B.cif,1.A,1.A
ame:5rwo__1__1.A__1.B,5rwo__1__1.A__1.B,structures/ame/5rwo__1__1.A__1.B.cif,1.A,1.A
ame:5rwp__1__1.A__1.B,5rwp__1__1.A__1.B,structures/ame/5rwp__1__1.A__1.B.cif,1.A,1.A
ame:5rwq__1__1.A__1.B,5rwq__1__1.A__1.B,structures/ame/5rwq__1__1.A__1.B.cif,1.A,1.A
ame:5rwr__1__1.A__1.B,5rwr__1__1.A__1.B,structures/ame/5rwr__1__1.A__1.B.cif,1.A,1.A
ame:5rws__1__1.A__1.B,5rws__1__1.A__1.B,structures/ame/5rws__1__1.A__1.B.cif,1.A,1.A
ame:5rwt__1__1.A__1.B,5rwt__1__1.A__1.B,structures/ame/5rwt__1__1.A__1.B.cif,1.A,1.A
ame:5rwu__1__1.A__1.B,5rwu__1__1.A__1.B,structures/ame/5rwu__1__1.A__1.B.cif,1.A,1.A
ame:5rwv__1__1.A__1.B,5rwv__1__1.A__1.B,structures/ame/5rwv__1__1.A__1.B.cif,1.A,1.A
ame:5rww__1__1.A__1.B,5rww__1__1.A__1.B,structures/ame/5rww__1__1.A__1.B.cif,1.A,1.A
ame:5rwx__1__1.A__1.B,5rwx__1__1.A__1.B,structures/ame/5rwx__1__1.A__1.B.cif,1.A,1.A
ame:5rwy__1__1.A__1.B,5rwy__1__1.A__1.B,structures/ame/5rwy__1__1.A__1.B.cif,1.A,1.A
ame:5rwz__1__1.A__1.B,5rwz__1__1.A__1.B,structures/ame/5rwz__1__1.A__1.B.cif,1.A,1.A
ame:5rx0__1__1.A__1.B,5rx0__1__1.A__1.B,structures/ame/5rx0__1__1.A__1.B.cif,1.A,1.A
ame:5rx1__1__1.A__1.B,5rx1__1__1.A__1.B,structures/ame/5rx1__1__1.A__1.B.cif,1.A,1.A
ame:5rx1__1__1.A__1.C,5rx1__1__1.A__1.C,structures/ame/5rx1__1__1.A__1.C.cif,1.A,1.A
ame:5rx2__1__1.A__1.C,5rx2__1__1.A__1.C,structures/ame/5rx2__1__1.A__1.C.cif,1.A,1.A
ame:5rx3__1__1.A__1.B,5rx3__1__1.A__1.B,structures/ame/5rx3__1__1.A__1.B.cif,1.A,1.A
ame:5rx4__1__1.A__1.B,5rx4__1__1.A__1.B,structures/ame/5rx4__1__1.A__1.B.cif,1.A,1.A
ame:5rx5__1__1.A__1.B,5rx5__1__1.A__1.B,structures/ame/5rx5__1__1.A__1.B.cif,1.A,1.A
ame:5rx6__1__1.A__1.B,5rx6__1__1.A__1.B,structures/ame/5rx6__1__1.A__1.B.cif,1.A,1.A
ame:5rx7__1__1.A__1.B,5rx7__1__1.A__1.B,structures/ame/5rx7__1__1.A__1.B.cif,1.A,1.A
ame:5rx8__1__1.A__1.C,5rx8__1__1.A__1.C,structures/ame/5rx8__1__1.A__1.C.cif,1.A,1.A
ame:5rx9__1__1.A__1.B,5rx9__1__1.A__1.B,structures/ame/5rx9__1__1.A__1.B.cif,1.A,1.A
ame:5rxa__1__1.A__1.C,5rxa__1__1.A__1.C,structures/ame/5rxa__1__1.A__1.C.cif,1.A,1.A
ame:5rxb__1__1.A__1.B,5rxb__1__1.A__1.B,structures/ame/5rxb__1__1.A__1.B.cif,1.A,1.A
ame:5rxc__1__1.A__1.B,5rxc__1__1.A__1.B,structures/ame/5rxc__1__1.A__1.B.cif,1.A,1.A
ame:5rxd__1__1.A__1.B,5rxd__1__1.A__1.B,structures/ame/5rxd__1__1.A__1.B.cif,1.A,1.A
ame:5rxe__1__1.A__1.B,5rxe__1__1.A__1.B,structures/ame/5rxe__1__1.A__1.B.cif,1.A,1.A
ame:5rxg__1__1.A__1.B,5rxg__1__1.A__1.B,structures/ame/5rxg__1__1.A__1.B.cif,1.A,1.A
ame:5rxh__1__1.A__1.C,5rxh__1__1.A__1.C,structures/ame/5rxh__1__1.A__1.C.cif,1.A,1.A
ame:5rxi__1__1.A__1.B,5rxi__1__1.A__1.B,structures/ame/5rxi__1__1.A__1.B.cif,1.A,1.A
ame:5rxj__1__1.A__1.B,5rxj__1__1.A__1.B,structures/ame/5rxj__1__1.A__1.B.cif,1.A,1.A
ame:5rxk__1__1.A__1.B,5rxk__1__1.A__1.B,structures/ame/5rxk__1__1.A__1.B.cif,1.A,1.A
ame:5rxl__1__1.A__1.B,5rxl__1__1.A__1.B,structures/ame/5rxl__1__1.A__1.B.cif,1.A,1.A
ame:5rxo__1__1.A__1.B,5rxo__1__1.A__1.B,structures/ame/5rxo__1__1.A__1.B.cif,1.A,1.A
ame:5rxp__1__1.A__1.B,5rxp__1__1.A__1.B,structures/ame/5rxp__1__1.A__1.B.cif,1.A,1.A
ame:5rxq__1__1.A__1.B,5rxq__1__1.A__1.B,structures/ame/5rxq__1__1.A__1.B.cif,1.A,1.A
ame:5rxs__1__1.A__1.C,5rxs__1__1.A__1.C,structures/ame/5rxs__1__1.A__1.C.cif,1.A,1.A
ame:5rxt__1__1.A__1.B,5rxt__1__1.A__1.B,structures/ame/5rxt__1__1.A__1.B.cif,1.A,1.A
ame:5rxu__1__1.A__1.B,5rxu__1__1.A__1.B,structures/ame/5rxu__1__1.A__1.B.cif,1.A,1.A
ame:5rxw__1__1.A__1.B,5rxw__1__1.A__1.B,structures/ame/5rxw__1__1.A__1.B.cif,1.A,1.A
ame:5rxx__1__1.A__1.B,5rxx__1__1.A__1.B,structures/ame/5rxx__1__1.A__1.B.cif,1.A,1.A
ame:5rxy__1__1.A__1.B,5rxy__1__1.A__1.B,structures/ame/5rxy__1__1.A__1.B.cif,1.A,1.A
ame:5rxz__1__1.A__1.B,5rxz__1__1.A__1.B,structures/ame/5rxz__1__1.A__1.B.cif,1.A,1.A
ame:5ry0__1__1.A__1.B,5ry0__1__1.A__1.B,structures/ame/5ry0__1__1.A__1.B.cif,1.A,1.A
ame:5ry1__1__1.A__1.B,5ry1__1__1.A__1.B,structures/ame/5ry1__1__1.A__1.B.cif,1.A,1.A
ame:5ry2__1__1.A__1.B,5ry2__1__1.A__1.B,structures/ame/5ry2__1__1.A__1.B.cif,1.A,1.A
ame:5ry3__1__1.A__1.B,5ry3__1__1.A__1.B,structures/ame/5ry3__1__1.A__1.B.cif,1.A,1.A
ame:5ry4__1__1.A__1.B,5ry4__1__1.A__1.B,structures/ame/5ry4__1__1.A__1.B.cif,1.A,1.A
ame:5ry5__1__1.A__1.B,5ry5__1__1.A__1.B,structures/ame/5ry5__1__1.A__1.B.cif,1.A,1.A
ame:5ry6__1__1.A__1.B,5ry6__1__1.A__1.B,structures/ame/5ry6__1__1.A__1.B.cif,1.A,1.A
ame:5ry7__1__1.A__1.B,5ry7__1__1.A__1.B,structures/ame/5ry7__1__1.A__1.B.cif,1.A,1.A
ame:5ry8__1__1.A__1.B,5ry8__1__1.A__1.B,structures/ame/5ry8__1__1.A__1.B.cif,1.A,1.A
ame:5ry9__1__1.A__1.B,5ry9__1__1.A__1.B,structures/ame/5ry9__1__1.A__1.B.cif,1.A,1.A
ame:5rya__1__1.A__1.B,5rya__1__1.A__1.B,structures/ame/5rya__1__1.A__1.B.cif,1.A,1.A
ame:5ryb__1__1.A__1.B,5ryb__1__1.A__1.B,structures/ame/5ryb__1__1.A__1.B.cif,1.A,1.A
ame:5ryc__1__1.A__1.B,5ryc__1__1.A__1.B,structures/ame/5ryc__1__1.A__1.B.cif,1.A,1.A
ame:5ryd__1__1.A__1.B,5ryd__1__1.A__1.B,structures/ame/5ryd__1__1.A__1.B.cif,1.A,1.A
ame:5rye__1__1.A__1.B,5rye__1__1.A__1.B,structures/ame/5rye__1__1.A__1.B.cif,1.A,1.A
ame:5ryf__1__1.A__1.B,5ryf__1__1.A__1.B,structures/ame/5ryf__1__1.A__1.B.cif,1.A,1.A
ame:5ryg__1__1.A__1.B,5ryg__1__1.A__1.B,structures/ame/5ryg__1__1.A__1.B.cif,1.A,1.A
ame:5ryh__1__1.A__1.B,5ryh__1__1.A__1.B,structures/ame/5ryh__1__1.A__1.B.cif,1.A,1.A
ame:5ryi__1__1.A__1.B,5ryi__1__1.A__1.B,structures/ame/5ryi__1__1.A__1.B.cif,1.A,1.A
ame:5ryj__1__1.A__1.B,5ryj__1__1.A__1.B,structures/ame/5ryj__1__1.A__1.B.cif,1.A,1.A
ame:5ryk__1__1.A__1.B,5ryk__1__1.A__1.B,structures/ame/5ryk__1__1.A__1.B.cif,1.A,1.A
ame:5ryl__1__1.A__1.B,5ryl__1__1.A__1.B,structures/ame/5ryl__1__1.A__1.B.cif,1.A,1.A
ame:5rym__1__1.A__1.B,5rym__1__1.A__1.B,structures/ame/5rym__1__1.A__1.B.cif,1.A,1.A
ame:5ryn__1__1.A__1.B,5ryn__1__1.A__1.B,structures/ame/5ryn__1__1.A__1.B.cif,1.A,1.A
ame:5ryo__1__1.A__1.B,5ryo__1__1.A__1.B,structures/ame/5ryo__1__1.A__1.B.cif,1.A,1.A
ame:5ryp__1__1.A__1.B,5ryp__1__1.A__1.B,structures/ame/5ryp__1__1.A__1.B.cif,1.A,1.A
ame:5ryq__1__1.A__1.B,5ryq__1__1.A__1.B,structures/ame/5ryq__1__1.A__1.B.cif,1.A,1.A
ame:5ryr__1__1.A__1.B,5ryr__1__1.A__1.B,structures/ame/5ryr__1__1.A__1.B.cif,1.A,1.A
ame:5ryt__1__1.A__1.B,5ryt__1__1.A__1.B,structures/ame/5ryt__1__1.A__1.B.cif,1.A,1.A
ame:5ryu__1__1.A__1.B,5ryu__1__1.A__1.B,structures/ame/5ryu__1__1.A__1.B.cif,1.A,1.A
ame:5ryv__1__1.A__1.B,5ryv__1__1.A__1.B,structures/ame/5ryv__1__1.A__1.B.cif,1.A,1.A
ame:5ryx__1__1.A__1.B,5ryx__1__1.A__1.B,structures/ame/5ryx__1__1.A__1.B.cif,1.A,1.A
ame:5ryy__1__1.A__1.B,5ryy__1__1.A__1.B,structures/ame/5ryy__1__1.A__1.B.cif,1.A,1.A
ame:5ryz__1__1.A__1.B,5ryz__1__1.A__1.B,structures/ame/5ryz__1__1.A__1.B.cif,1.A,1.A
ame:5rz0__1__1.A__1.B,5rz0__1__1.A__1.B,structures/ame/5rz0__1__1.A__1.B.cif,1.A,1.A
ame:5rz1__1__1.A__1.B,5rz1__1__1.A__1.B,structures/ame/5rz1__1__1.A__1.B.cif,1.A,1.A
ame:5rz3__1__1.A__1.B,5rz3__1__1.A__1.B,structures/ame/5rz3__1__1.A__1.B.cif,1.A,1.A
ame:5rz4__1__1.A__1.C,5rz4__1__1.A__1.C,structures/ame/5rz4__1__1.A__1.C.cif,1.A,1.A
ame:5rz5__1__1.A__1.B,5rz5__1__1.A__1.B,structures/ame/5rz5__1__1.A__1.B.cif,1.A,1.A
ame:5rz6__1__1.A__1.B,5rz6__1__1.A__1.B,structures/ame/5rz6__1__1.A__1.B.cif,1.A,1.A
ame:5rz7__1__1.A__1.B,5rz7__1__1.A__1.B,structures/ame/5rz7__1__1.A__1.B.cif,1.A,1.A
ame:5rz8__1__1.A__1.B,5rz8__1__1.A__1.B,structures/ame/5rz8__1__1.A__1.B.cif,1.A,1.A
ame:5rz9__1__1.A__1.B,5rz9__1__1.A__1.B,structures/ame/5rz9__1__1.A__1.B.cif,1.A,1.A
ame:5rza__1__1.A__1.C,5rza__1__1.A__1.C,structures/ame/5rza__1__1.A__1.C.cif,1.A,1.A
ame:5rzb__1__1.A__1.B,5rzb__1__1.A__1.B,structures/ame/5rzb__1__1.A__1.B.cif,1.A,1.A
ame:5rzc__1__1.A__1.B,5rzc__1__1.A__1.B,structures/ame/5rzc__1__1.A__1.B.cif,1.A,1.A
ame:5rzd__1__1.A__1.B,5rzd__1__1.A__1.B,structures/ame/5rzd__1__1.A__1.B.cif,1.A,1.A
ame:5rzg__1__1.A__1.B,5rzg__1__1.A__1.B,structures/ame/5rzg__1__1.A__1.B.cif,1.A,1.A
ame:5rzh__1__1.A__1.B,5rzh__1__1.A__1.B,structures/ame/5rzh__1__1.A__1.B.cif,1.A,1.A
ame:5rzi__1__1.A__1.B,5rzi__1__1.A__1.B,structures/ame/5rzi__1__1.A__1.B.cif,1.A,1.A
ame:5rzj__1__1.A__1.B,5rzj__1__1.A__1.B,structures/ame/5rzj__1__1.A__1.B.cif,1.A,1.A
ame:5rzk__1__1.A__1.B,5rzk__1__1.A__1.B,structures/ame/5rzk__1__1.A__1.B.cif,1.A,1.A
ame:5rzl__1__1.A__1.B,5rzl__1__1.A__1.B,structures/ame/5rzl__1__1.A__1.B.cif,1.A,1.A
ame:5rzm__1__1.A__1.B,5rzm__1__1.A__1.B,structures/ame/5rzm__1__1.A__1.B.cif,1.A,1.A
ame:5rzn__1__1.A__1.C,5rzn__1__1.A__1.C,structures/ame/5rzn__1__1.A__1.C.cif,1.A,1.A
ame:5rzo__1__1.A__1.B,5rzo__1__1.A__1.B,structures/ame/5rzo__1__1.A__1.B.cif,1.A,1.A
ame:5rzp__1__1.A__1.B,5rzp__1__1.A__1.B,structures/ame/5rzp__1__1.A__1.B.cif,1.A,1.A
ame:5rzq__1__1.A__1.B,5rzq__1__1.A__1.B,structures/ame/5rzq__1__1.A__1.B.cif,1.A,1.A
ame:5rzr__1__1.A__1.B,5rzr__1__1.A__1.B,structures/ame/5rzr__1__1.A__1.B.cif,1.A,1.A
ame:5rzs__1__1.A__1.B,5rzs__1__1.A__1.B,structures/ame/5rzs__1__1.A__1.B.cif,1.A,1.A
ame:5rzt__1__1.A__1.B,5rzt__1__1.A__1.B,structures/ame/5rzt__1__1.A__1.B.cif,1.A,1.A
ame:5rzu__1__1.A__1.B,5rzu__1__1.A__1.B,structures/ame/5rzu__1__1.A__1.B.cif,1.A,1.A
ame:5rzw__1__1.A__1.B,5rzw__1__1.A__1.B,structures/ame/5rzw__1__1.A__1.B.cif,1.A,1.A
ame:5rzx__1__1.A__1.B,5rzx__1__1.A__1.B,structures/ame/5rzx__1__1.A__1.B.cif,1.A,1.A
ame:5rzy__1__1.A__1.B,5rzy__1__1.A__1.B,structures/ame/5rzy__1__1.A__1.B.cif,1.A,1.A
ame:5rzz__1__1.A__1.B,5rzz__1__1.A__1.B,structures/ame/5rzz__1__1.A__1.B.cif,1.A,1.A
ame:5s00__1__1.A__1.B,5s00__1__1.A__1.B,structures/ame/5s00__1__1.A__1.B.cif,1.A,1.A
ame:5s6y__1__2.A__2.D,5s6y__1__2.A__2.D,structures/ame/5s6y__1__2.A__2.D.cif,2.A,2.A
ame:5sa4__1__2.B__2.C,5sa4__1__2.B__2.C,structures/ame/5sa4__1__2.B__2.C.cif,2.B,2.B
ame:5sa5__1__3.B__3.E,5sa5__1__3.B__3.E,structures/ame/5sa5__1__3.B__3.E.cif,3.B,3.B
ame:5sa9__1__3.B__3.C,5sa9__1__3.B__3.C,structures/ame/5sa9__1__3.B__3.C.cif,3.B,3.B
ame:5saa__1__3.B__3.F,5saa__1__3.B__3.F,structures/ame/5saa__1__3.B__3.F.cif,3.B,3.B
ame:5sab__1__2.B__2.E,5sab__1__2.B__2.E,structures/ame/5sab__1__2.B__2.E.cif,2.B,2.B
ame:5sac__1__4.B__4.E,5sac__1__4.B__4.E,structures/ame/5sac__1__4.B__4.E.cif,4.B,4.B
ame:5sad__1__2.B__2.C,5sad__1__2.B__2.C,structures/ame/5sad__1__2.B__2.C.cif,2.B,2.B
ame:5sai__1__4.B__4.C,5sai__1__4.B__4.C,structures/ame/5sai__1__4.B__4.C.cif,4.B,4.B
ame:5sbl__1__1.A__1.B,5sbl__1__1.A__1.B,structures/ame/5sbl__1__1.A__1.B.cif,1.A,1.A
ame:5sbm__1__1.A__1.H,5sbm__1__1.A__1.H,structures/ame/5sbm__1__1.A__1.H.cif,1.A,1.A
ame:5sbq__1__1.A__1.B,5sbq__1__1.A__1.B,structures/ame/5sbq__1__1.A__1.B.cif,1.A,1.A
ame:5sbs__1__1.A__1.B,5sbs__1__1.A__1.B,structures/ame/5sbs__1__1.A__1.B.cif,1.A,1.A
ame:5sbu__1__1.A__1.B,5sbu__1__1.A__1.B,structures/ame/5sbu__1__1.A__1.B.cif,1.A,1.A
ame:5sbv__1__1.A__1.B,5sbv__1__1.A__1.B,structures/ame/5sbv__1__1.A__1.B.cif,1.A,1.A
ame:5sbw__1__1.A__1.B,5sbw__1__1.A__1.B,structures/ame/5sbw__1__1.A__1.B.cif,1.A,1.A
ame:5sby__1__1.A__1.B,5sby__1__1.A__1.B,structures/ame/5sby__1__1.A__1.B.cif,1.A,1.A
ame:5sbz__1__1.A__1.B,5sbz__1__1.A__1.B,structures/ame/5sbz__1__1.A__1.B.cif,1.A,1.A
ame:5sc0__1__1.A__1.B,5sc0__1__1.A__1.B,structures/ame/5sc0__1__1.A__1.B.cif,1.A,1.A
ame:5sc1__1__1.A__1.B,5sc1__1__1.A__1.B,structures/ame/5sc1__1__1.A__1.B.cif,1.A,1.A
ame:5sc3__1__1.A__1.B,5sc3__1__1.A__1.B,structures/ame/5sc3__1__1.A__1.B.cif,1.A,1.A
ame:5sc4__1__1.A__1.B,5sc4__1__1.A__1.B,structures/ame/5sc4__1__1.A__1.B.cif,1.A,1.A
ame:5sc5__1__1.A__1.B,5sc5__1__1.A__1.B,structures/ame/5sc5__1__1.A__1.B.cif,1.A,1.A
ame:5sc6__1__1.A__1.B,5sc6__1__1.A__1.B,structures/ame/5sc6__1__1.A__1.B.cif,1.A,1.A
ame:5skw__1__1.A__1.B,5skw__1__1.A__1.B,structures/ame/5skw__1__1.A__1.B.cif,1.A,1.A
ame:5skx__1__1.A__1.B,5skx__1__1.A__1.B,structures/ame/5skx__1__1.A__1.B.cif,1.A,1.A
ame:5sky__1__1.A__1.G,5sky__1__1.A__1.G,structures/ame/5sky__1__1.A__1.G.cif,1.A,1.A
ame:5skz__1__1.A__1.G,5skz__1__1.A__1.G,structures/ame/5skz__1__1.A__1.G.cif,1.A,1.A
ame:5sl0__1__1.A__1.G,5sl0__1__1.A__1.G,structures/ame/5sl0__1__1.A__1.G.cif,1.A,1.A
ame:5sl1__1__1.A__1.G,5sl1__1__1.A__1.G,structures/ame/5sl1__1__1.A__1.G.cif,1.A,1.A
ame:5sl2__1__1.A__1.G,5sl2__1__1.A__1.G,structures/ame/5sl2__1__1.A__1.G.cif,1.A,1.A
ame:5sl4__1__1.A__1.H,5sl4__1__1.A__1.H,structures/ame/5sl4__1__1.A__1.H.cif,1.A,1.A
ame:5sl6__1__1.A__1.G,5sl6__1__1.A__1.G,structures/ame/5sl6__1__1.A__1.G.cif,1.A,1.A
ame:5sl7__1__1.A__1.G,5sl7__1__1.A__1.G,structures/ame/5sl7__1__1.A__1.G.cif,1.A,1.A
ame:5sl9__1__1.A__1.G,5sl9__1__1.A__1.G,structures/ame/5sl9__1__1.A__1.G.cif,1.A,1.A
ame:5sla__1__1.A__1.G,5sla__1__1.A__1.G,structures/ame/5sla__1__1.A__1.G.cif,1.A,1.A
ame:5slb__1__1.A__1.G,5slb__1__1.A__1.G,structures/ame/5slb__1__1.A__1.G.cif,1.A,1.A
ame:5slc__1__1.A__1.G,5slc__1__1.A__1.G,structures/ame/5slc__1__1.A__1.G.cif,1.A,1.A
ame:5sld__1__1.A__1.G,5sld__1__1.A__1.G,structures/ame/5sld__1__1.A__1.G.cif,1.A,1.A
ame:5sle__1__1.A__1.H,5sle__1__1.A__1.H,structures/ame/5sle__1__1.A__1.H.cif,1.A,1.A
ame:5slf__1__1.A__1.H,5slf__1__1.A__1.H,structures/ame/5slf__1__1.A__1.H.cif,1.A,1.A
ame:5slg__1__1.A__1.G,5slg__1__1.A__1.G,structures/ame/5slg__1__1.A__1.G.cif,1.A,1.A
ame:5slh__1__1.A__1.G,5slh__1__1.A__1.G,structures/ame/5slh__1__1.A__1.G.cif,1.A,1.A
ame:5sli__1__1.A__1.G,5sli__1__1.A__1.G,structures/ame/5sli__1__1.A__1.G.cif,1.A,1.A
ame:5slj__1__1.A__1.G,5slj__1__1.A__1.G,structures/ame/5slj__1__1.A__1.G.cif,1.A,1.A
ame:5slk__1__1.A__1.G,5slk__1__1.A__1.G,structures/ame/5slk__1__1.A__1.G.cif,1.A,1.A
ame:5sll__1__1.A__1.G,5sll__1__1.A__1.G,structures/ame/5sll__1__1.A__1.G.cif,1.A,1.A
ame:5slm__1__1.A__1.G,5slm__1__1.A__1.G,structures/ame/5slm__1__1.A__1.G.cif,1.A,1.A
ame:5sln__1__1.A__1.G,5sln__1__1.A__1.G,structures/ame/5sln__1__1.A__1.G.cif,1.A,1.A
ame:5slo__1__1.A__1.G,5slo__1__1.A__1.G,structures/ame/5slo__1__1.A__1.G.cif,1.A,1.A
ame:5slp__1__1.A__1.G,5slp__1__1.A__1.G,structures/ame/5slp__1__1.A__1.G.cif,1.A,1.A
ame:5slq__1__1.A__1.G,5slq__1__1.A__1.G,structures/ame/5slq__1__1.A__1.G.cif,1.A,1.A
ame:5slr__1__1.A__1.G,5slr__1__1.A__1.G,structures/ame/5slr__1__1.A__1.G.cif,1.A,1.A
ame:5slu__1__1.A__1.H,5slu__1__1.A__1.H,structures/ame/5slu__1__1.A__1.H.cif,1.A,1.A
ame:5slv__1__1.A__1.G,5slv__1__1.A__1.G,structures/ame/5slv__1__1.A__1.G.cif,1.A,1.A
ame:5slw__1__1.A__1.G,5slw__1__1.A__1.G,structures/ame/5slw__1__1.A__1.G.cif,1.A,1.A
ame:5slx__1__1.A__1.G,5slx__1__1.A__1.G,structures/ame/5slx__1__1.A__1.G.cif,1.A,1.A
ame:5sly__1__1.A__1.G,5sly__1__1.A__1.G,structures/ame/5sly__1__1.A__1.G.cif,1.A,1.A
ame:5slz__1__1.A__1.G,5slz__1__1.A__1.G,structures/ame/5slz__1__1.A__1.G.cif,1.A,1.A
ame:5sm0__1__1.A__1.G,5sm0__1__1.A__1.G,structures/ame/5sm0__1__1.A__1.G.cif,1.A,1.A
ame:5sm1__1__1.A__1.G,5sm1__1__1.A__1.G,structures/ame/5sm1__1__1.A__1.G.cif,1.A,1.A
ame:5sm2__1__1.A__1.H,5sm2__1__1.A__1.H,structures/ame/5sm2__1__1.A__1.H.cif,1.A,1.A
ame:5sm3__1__1.A__1.G,5sm3__1__1.A__1.G,structures/ame/5sm3__1__1.A__1.G.cif,1.A,1.A
ame:5sm4__1__1.A__1.G,5sm4__1__1.A__1.G,structures/ame/5sm4__1__1.A__1.G.cif,1.A,1.A
ame:5sm5__1__1.A__1.G,5sm5__1__1.A__1.G,structures/ame/5sm5__1__1.A__1.G.cif,1.A,1.A
ame:5sm7__1__1.A__1.G,5sm7__1__1.A__1.G,structures/ame/5sm7__1__1.A__1.G.cif,1.A,1.A
ame:5sm8__1__1.A__1.G,5sm8__1__1.A__1.G,structures/ame/5sm8__1__1.A__1.G.cif,1.A,1.A
ame:5sm9__1__1.A__1.G,5sm9__1__1.A__1.G,structures/ame/5sm9__1__1.A__1.G.cif,1.A,1.A
ame:5sma__1__1.A__1.G,5sma__1__1.A__1.G,structures/ame/5sma__1__1.A__1.G.cif,1.A,1.A
ame:5smb__1__1.A__1.G,5smb__1__1.A__1.G,structures/ame/5smb__1__1.A__1.G.cif,1.A,1.A
ame:5smc__1__1.A__1.G,5smc__1__1.A__1.G,structures/ame/5smc__1__1.A__1.G.cif,1.A,1.A
ame:5smd__1__1.A__1.G,5smd__1__1.A__1.G,structures/ame/5smd__1__1.A__1.G.cif,1.A,1.A
ame:5smg__1__1.A__1.G,5smg__1__1.A__1.G,structures/ame/5smg__1__1.A__1.G.cif,1.A,1.A
ame:5smh__1__1.A__1.G,5smh__1__1.A__1.G,structures/ame/5smh__1__1.A__1.G.cif,1.A,1.A
ame:5smi__1__1.A__1.G,5smi__1__1.A__1.G,structures/ame/5smi__1__1.A__1.G.cif,1.A,1.A
ame:5stb__1__1.A_1.B__1.C,5stb__1__1.A_1.B__1.C,structures/ame/5stb__1__1.A_1.B__1.C.cif,"1.A,1.B","1.A,1.B"
ame:5std__5__2.C__2.I,5std__5__2.C__2.I,structures/ame/5std__5__2.C__2.I.cif,2.C,2.C
ame:5t1p__2__1.B__1.K,5t1p__2__1.B__1.K,structures/ame/5t1p__2__1.B__1.K.cif,1.B,1.B
ame:5t2k__1__1.C_1.D__1.I,5t2k__1__1.C_1.D__1.I,structures/ame/5t2k__1__1.C_1.D__1.I.cif,"1.C,1.D","1.C,1.D"
ame:5tc5__1__1.B_1.C__1.I,5tc5__1__1.B_1.C__1.I,structures/ame/5tc5__1__1.B_1.C__1.I.cif,"1.B,1.C","1.B,1.C"
ame:5tel__1__1.A__1.C,5tel__1__1.A__1.C,structures/ame/5tel__1__1.A__1.C.cif,1.A,1.A
ame:5ten__1__1.A__1.I,5ten__1__1.A__1.I,structures/ame/5ten__1__1.A__1.I.cif,1.A,1.A
ame:5ten__1__1.C__1.V,5ten__1__1.C__1.V,structures/ame/5ten__1__1.C__1.V.cif,1.C,1.C
ame:5tex__1__1.A__1.C,5tex__1__1.A__1.C,structures/ame/5tex__1__1.A__1.C.cif,1.A,1.A
ame:5tho__1__1.M_1.N__1.HA,5tho__1__1.M_1.N__1.HA,structures/ame/5tho__1__1.M_1.N__1.HA.cif,"1.M,1.N","1.M,1.N"
ame:5tiw__2__1.B__1.K,5tiw__2__1.B__1.K,structures/ame/5tiw__2__1.B__1.K.cif,1.B,1.B
ame:5tix__1__1.A__1.D,5tix__1__1.A__1.D,structures/ame/5tix__1__1.A__1.D.cif,1.A,1.A
ame:5tiy__1__1.A__1.C,5tiy__1__1.A__1.C,structures/ame/5tiy__1__1.A__1.C.cif,1.A,1.A
ame:5tlb__1__1.A__1.B,5tlb__1__1.A__1.B,structures/ame/5tlb__1__1.A__1.B.cif,1.A,1.A
ame:5tlq__1__1.A__1.B,5tlq__1__1.A__1.B,structures/ame/5tlq__1__1.A__1.B.cif,1.A,1.A
ame:5toe__1__1.A__1.B,5toe__1__1.A__1.B,structures/ame/5toe__1__1.A__1.B.cif,1.A,1.A
ame:5trg__1__1.I_1.J__1.DA,5trg__1__1.I_1.J__1.DA,structures/ame/5trg__1__1.I_1.J__1.DA.cif,"1.I,1.J","1.I,1.J"
ame:5trr__1__1.H_1.N__1.IA,5trr__1__1.H_1.N__1.IA,structures/ame/5trr__1__1.H_1.N__1.IA.cif,"1.N,1.H","1.N,1.H"
ame:5trs__1__1.BA_1.V__1.PA,5trs__1__1.BA_1.V__1.PA,structures/ame/5trs__1__1.BA_1.V__1.PA.cif,"1.BA,1.V","1.BA,1.V"
ame:5try__1__1.Y_1.Z__1.MA,5try__1__1.Y_1.Z__1.MA,structures/ame/5try__1__1.Y_1.Z__1.MA.cif,"1.Y,1.Z","1.Y,1.Z"
ame:5ts0__1__1.I_1.J__1.DA,5ts0__1__1.I_1.J__1.DA,structures/ame/5ts0__1__1.I_1.J__1.DA.cif,"1.I,1.J","1.I,1.J"
ame:5tur__1__1.A__1.B,5tur__1__1.A__1.B,structures/ame/5tur__1__1.A__1.B.cif,1.A,1.A
ame:5tus__2__1.B__1.G,5tus__2__1.B__1.G,structures/ame/5tus__2__1.B__1.G.cif,1.B,1.B
ame:5tv7__1__1.A__1.C,5tv7__1__1.A__1.C,structures/ame/5tv7__1__1.A__1.C.cif,1.A,1.A
ame:5tz6__1__1.A__1.C,5tz6__1__1.A__1.C,structures/ame/5tz6__1__1.A__1.C.cif,1.A,1.A
ame:5u1h__1__1.A__1.E,5u1h__1__1.A__1.E,structures/ame/5u1h__1__1.A__1.E.cif,1.A,1.A
ame:5u35__1__1.B__1.J,5u35__1__1.B__1.J,structures/ame/5u35__1__1.B__1.J.cif,1.B,1.B
ame:5u77__1__1.A__1.B,5u77__1__1.A__1.B,structures/ame/5u77__1__1.A__1.B.cif,1.A,1.A
ame:5u9i__1__1.A__1.B,5u9i__1__1.A__1.B,structures/ame/5u9i__1__1.A__1.B.cif,1.A,1.A
ame:5u9j__1__1.A__1.C,5u9j__1__1.A__1.C,structures/ame/5u9j__1__1.A__1.C.cif,1.A,1.A
ame:5u9n__2__1.B__1.E,5u9n__2__1.B__1.E,structures/ame/5u9n__2__1.B__1.E.cif,1.B,1.B
ame:5ufi__1__1.A__1.E,5ufi__1__1.A__1.E,structures/ame/5ufi__1__1.A__1.E.cif,1.A,1.A
ame:5upg__1__1.A__1.C,5upg__1__1.A__1.C,structures/ame/5upg__1__1.A__1.C.cif,1.A,1.A
ame:5uqt__2__1.B__1.E,5uqt__2__1.B__1.E,structures/ame/5uqt__2__1.B__1.E.cif,1.B,1.B
ame:5uro__1__1.A__1.B,5uro__1__1.A__1.B,structures/ame/5uro__1__1.A__1.B.cif,1.A,1.A
ame:5ute__2__1.B__1.E,5ute__2__1.B__1.E,structures/ame/5ute__2__1.B__1.E.cif,1.B,1.B
ame:5utn__1__1.A__1.C,5utn__1__1.A__1.C,structures/ame/5utn__1__1.A__1.C.cif,1.A,1.A
ame:5uuf__1__1.A__1.D,5uuf__1__1.A__1.D,structures/ame/5uuf__1__1.A__1.D.cif,1.A,1.A
ame:5uv3__2__1.B__1.E,5uv3__2__1.B__1.E,structures/ame/5uv3__2__1.B__1.E.cif,1.B,1.B
ame:5uvp__2__1.B__1.E,5uvp__2__1.B__1.E,structures/ame/5uvp__2__1.B__1.E.cif,1.B,1.B
ame:5v0t__1__1.A__1.O,5v0t__1__1.A__1.O,structures/ame/5v0t__1__1.A__1.O.cif,1.A,1.A
ame:5v0u__1__1.A__1.B,5v0u__1__1.A__1.B,structures/ame/5v0u__1__1.A__1.B.cif,1.A,1.A
ame:5v3w__2__1.B__1.D,5v3w__2__1.B__1.D,structures/ame/5v3w__2__1.B__1.D.cif,1.B,1.B
ame:5v3x__2__1.B__1.D,5v3x__2__1.B__1.D,structures/ame/5v3x__2__1.B__1.D.cif,1.B,1.B
ame:5v3y__1__1.A__1.C,5v3y__1__1.A__1.C,structures/ame/5v3y__1__1.A__1.C.cif,1.A,1.A
ame:5v40__1__1.A__1.C,5v40__1__1.A__1.C,structures/ame/5v40__1__1.A__1.C.cif,1.A,1.A
ame:5v41__1__1.A__1.C,5v41__1__1.A__1.C,structures/ame/5v41__1__1.A__1.C.cif,1.A,1.A
ame:5v42__2__1.B__1.D,5v42__2__1.B__1.D,structures/ame/5v42__2__1.B__1.D.cif,1.B,1.B
ame:5v5d__1__1.A__1.C,5v5d__1__1.A__1.C,structures/ame/5v5d__1__1.A__1.C.cif,1.A,1.A
ame:5v5e__1__1.A__1.C,5v5e__1__1.A__1.C,structures/ame/5v5e__1__1.A__1.C.cif,1.A,1.A
ame:5v5y__1__1.A__1.B,5v5y__1__1.A__1.B,structures/ame/5v5y__1__1.A__1.B.cif,1.A,1.A
ame:5v8o__1__1.A__1.D,5v8o__1__1.A__1.D,structures/ame/5v8o__1__1.A__1.D.cif,1.A,1.A
ame:5var__1__1.A__1.B,5var__1__1.A__1.B,structures/ame/5var__1__1.A__1.B.cif,1.A,1.A
ame:5vc4__1__1.A__1.B,5vc4__1__1.A__1.B,structures/ame/5vc4__1__1.A__1.B.cif,1.A,1.A
ame:5vc5__1__1.A__1.B,5vc5__1__1.A__1.B,structures/ame/5vc5__1__1.A__1.B.cif,1.A,1.A
ame:5vc6__1__1.A__1.B,5vc6__1__1.A__1.B,structures/ame/5vc6__1__1.A__1.B.cif,1.A,1.A
ame:5vd2__1__1.A__1.B,5vd2__1__1.A__1.B,structures/ame/5vd2__1__1.A__1.B.cif,1.A,1.A
ame:5vd4__1__1.A__1.B,5vd4__1__1.A__1.B,structures/ame/5vd4__1__1.A__1.B.cif,1.A,1.A
ame:5vd5__1__1.A__1.B,5vd5__1__1.A__1.B,structures/ame/5vd5__1__1.A__1.B.cif,1.A,1.A
ame:5vd7__1__1.A__1.B,5vd7__1__1.A__1.B,structures/ame/5vd7__1__1.A__1.B.cif,1.A,1.A
ame:5vd8__1__1.A__1.B,5vd8__1__1.A__1.B,structures/ame/5vd8__1__1.A__1.B.cif,1.A,1.A
ame:5vd9__1__1.A__1.B,5vd9__1__1.A__1.B,structures/ame/5vd9__1__1.A__1.B.cif,1.A,1.A
ame:5vda__1__1.A__1.B,5vda__1__1.A__1.B,structures/ame/5vda__1__1.A__1.B.cif,1.A,1.A
ame:5vdb__1__1.A__1.H,5vdb__1__1.A__1.H,structures/ame/5vdb__1__1.A__1.H.cif,1.A,1.A
ame:5vhv__2__1.B__1.O,5vhv__2__1.B__1.O,structures/ame/5vhv__2__1.B__1.O.cif,1.B,1.B
ame:5vkg__1__1.A__1.B,5vkg__1__1.A__1.B,structures/ame/5vkg__1__1.A__1.B.cif,1.A,1.A
ame:5vlg__1__1.A__1.I,5vlg__1__1.A__1.I,structures/ame/5vlg__1__1.A__1.I.cif,1.A,1.A
ame:5vlm__1__1.B__1.J,5vlm__1__1.B__1.J,structures/ame/5vlm__1__1.B__1.J.cif,1.B,1.B
ame:5vps__1__1.A__1.B,5vps__1__1.A__1.B,structures/ame/5vps__1__1.A__1.B.cif,1.A,1.A
ame:5vsj__1__1.B__1.E,5vsj__1__1.B__1.E,structures/ame/5vsj__1__1.B__1.E.cif,1.B,1.B
ame:5vt4__1__1.A__1.E,5vt4__1__1.A__1.E,structures/ame/5vt4__1__1.A__1.E.cif,1.A,1.A
ame:5w99__1__1.A__1.B,5w99__1__1.A__1.B,structures/ame/5w99__1__1.A__1.B.cif,1.A,1.A
ame:5wcg__1__1.A__1.E,5wcg__1__1.A__1.E,structures/ame/5wcg__1__1.A__1.E.cif,1.A,1.A
ame:5wdg__1__1.A__1.H,5wdg__1__1.A__1.H,structures/ame/5wdg__1__1.A__1.H.cif,1.A,1.A
ame:5wgc__1__1.B__1.D,5wgc__1__1.B__1.D,structures/ame/5wgc__1__1.B__1.D.cif,1.B,1.B
ame:5wic__2__1.B__1.F,5wic__2__1.B__1.F,structures/ame/5wic__2__1.B__1.F.cif,1.B,1.B
ame:5wii__1__1.A__1.E,5wii__1__1.A__1.E,structures/ame/5wii__1__1.A__1.E.cif,1.A,1.A
ame:5wip__1__1.A__1.E,5wip__1__1.A__1.E,structures/ame/5wip__1__1.A__1.E.cif,1.A,1.A
ame:5wj9__1__1.A_1.D__1.E,5wj9__1__1.A_1.D__1.E,structures/ame/5wj9__1__1.A_1.D__1.E.cif,"1.A,1.D","1.A,1.D"
ame:5wrq__1__1.A__1.C,5wrq__1__1.A__1.C,structures/ame/5wrq__1__1.A__1.C.cif,1.A,1.A
ame:5wry__2__1.B__1.D,5wry__2__1.B__1.D,structures/ame/5wry__2__1.B__1.D.cif,1.B,1.B
ame:5wrz__1__1.A__1.C,5wrz__1__1.A__1.C,structures/ame/5wrz__1__1.A__1.C.cif,1.A,1.A
ame:5ws0__2__1.B__1.D,5ws0__2__1.B__1.D,structures/ame/5ws0__2__1.B__1.D.cif,1.B,1.B
ame:5ws1__1__1.A__1.C,5ws1__1__1.A__1.C,structures/ame/5ws1__1__1.A__1.C.cif,1.A,1.A
ame:5wsy__1__1.A_1.B__1.D,5wsy__1__1.A_1.B__1.D,structures/ame/5wsy__1__1.A_1.B__1.D.cif,"1.B,1.A","1.B,1.A"
ame:5wtc__1__1.A__1.C,5wtc__1__1.A__1.C,structures/ame/5wtc__1__1.A__1.C.cif,1.A,1.A
ame:5x3j__1__1.A__1.C,5x3j__1__1.A__1.C,structures/ame/5x3j__1__1.A__1.C.cif,1.A,1.A
ame:5x3k__1__1.A__1.C,5x3k__1__1.A__1.C,structures/ame/5x3k__1__1.A__1.C.cif,1.A,1.A
ame:5x3r__1__1.A__1.E,5x3r__1__1.A__1.E,structures/ame/5x3r__1__1.A__1.E.cif,1.A,1.A
ame:5x9i__1__1.A__1.C,5x9i__1__1.A__1.C,structures/ame/5x9i__1__1.A__1.C.cif,1.A,1.A
ame:5xa4__2__1.B__1.D,5xa4__2__1.B__1.D,structures/ame/5xa4__2__1.B__1.D.cif,1.B,1.B
ame:5xdf__1__1.A__1.C,5xdf__1__1.A__1.C,structures/ame/5xdf__1__1.A__1.C.cif,1.A,1.A
ame:5xe9__1__1.B__1.C,5xe9__1__1.B__1.C,structures/ame/5xe9__1__1.B__1.C.cif,1.B,1.B
ame:5xib__1__1.A__1.C,5xib__1__1.A__1.C,structures/ame/5xib__1__1.A__1.C.cif,1.A,1.A
ame:5xic__2__1.B__1.H,5xic__2__1.B__1.H,structures/ame/5xic__2__1.B__1.H.cif,1.B,1.B
ame:5xie__1__1.A__1.C,5xie__1__1.A__1.C,structures/ame/5xie__1__1.A__1.C.cif,1.A,1.A
ame:5xkb__2__1.B__1.D,5xkb__2__1.B__1.D,structures/ame/5xkb__2__1.B__1.D.cif,1.B,1.B
ame:5xpi__1__1.A__1.B,5xpi__1__1.A__1.B,structures/ame/5xpi__1__1.A__1.B.cif,1.A,1.A
ame:5xsr__1__1.A__1.B,5xsr__1__1.A__1.B,structures/ame/5xsr__1__1.A__1.B.cif,1.A,1.A
ame:5xst__1__1.A__1.B,5xst__1__1.A__1.B,structures/ame/5xst__1__1.A__1.B.cif,1.A,1.A
ame:5xsu__1__1.A__1.K,5xsu__1__1.A__1.K,structures/ame/5xsu__1__1.A__1.K.cif,1.A,1.A
ame:5xzb__1__1.A__1.E,5xzb__1__1.A__1.E,structures/ame/5xzb__1__1.A__1.E.cif,1.A,1.A
ame:5xze__1__1.A__1.E,5xze__1__1.A__1.E,structures/ame/5xze__1__1.A__1.E.cif,1.A,1.A
ame:5xzg__1__1.A__1.E,5xzg__1__1.A__1.E,structures/ame/5xzg__1__1.A__1.E.cif,1.A,1.A
ame:5y41__1__1.A__1.C,5y41__1__1.A__1.C,structures/ame/5y41__1__1.A__1.C.cif,1.A,1.A
ame:5y72__2__1.B__1.D,5y72__2__1.B__1.D,structures/ame/5y72__2__1.B__1.D.cif,1.B,1.B
ame:5y95__1__1.A__1.B,5y95__1__1.A__1.B,structures/ame/5y95__1__1.A__1.B.cif,1.A,1.A
ame:5yb5__1__1.A__1.B,5yb5__1__1.A__1.B,structures/ame/5yb5__1__1.A__1.B.cif,1.A,1.A
ame:5yd6__1__1.A__1.E,5yd6__1__1.A__1.E,structures/ame/5yd6__1__1.A__1.E.cif,1.A,1.A
ame:5ye7__2__1.A__1.C,5ye7__2__1.A__1.C,structures/ame/5ye7__2__1.A__1.C.cif,1.A,1.A
ame:5ye8__1__1.B__1.D,5ye8__1__1.B__1.D,structures/ame/5ye8__1__1.B__1.D.cif,1.B,1.B
ame:5ye9__1__1.A__1.C,5ye9__1__1.A__1.C,structures/ame/5ye9__1__1.A__1.C.cif,1.A,1.A
ame:5yea__1__1.A__1.E,5yea__1__1.A__1.E,structures/ame/5yea__1__1.A__1.E.cif,1.A,1.A
ame:5ymr__2__1.C__1.J,5ymr__2__1.C__1.J,structures/ame/5ymr__2__1.C__1.J.cif,1.C,1.C
ame:5ynu__2__1.B__1.J,5ynu__2__1.B__1.J,structures/ame/5ynu__2__1.B__1.J.cif,1.B,1.B
ame:5ynu__2__1.B__1.K,5ynu__2__1.B__1.K,structures/ame/5ynu__2__1.B__1.K.cif,1.B,1.B
ame:5ynv__2__1.B__1.E,5ynv__2__1.B__1.E,structures/ame/5ynv__2__1.B__1.E.cif,1.B,1.B
ame:5ynw__1__1.A__1.C,5ynw__1__1.A__1.C,structures/ame/5ynw__1__1.A__1.C.cif,1.A,1.A
ame:5yp2__1__1.B__1.F,5yp2__1__1.B__1.F,structures/ame/5yp2__1__1.B__1.F.cif,1.B,1.B
ame:5z36__1__1.A__1.B,5z36__1__1.A__1.B,structures/ame/5z36__1__1.A__1.B.cif,1.A,1.A
ame:5z44__2__1.B__1.E,5z44__2__1.B__1.E,structures/ame/5z44__2__1.B__1.E.cif,1.B,1.B
ame:5z45__1__1.A__1.C,5z45__1__1.A__1.C,structures/ame/5z45__1__1.A__1.C.cif,1.A,1.A
ame:5z4f__1__1.A__1.B,5z4f__1__1.A__1.B,structures/ame/5z4f__1__1.A__1.B.cif,1.A,1.A
ame:5z6b__1__1.A__1.B,5z6b__1__1.A__1.B,structures/ame/5z6b__1__1.A__1.B.cif,1.A,1.A
ame:5zgg__1__1.A_1.B__1.C,5zgg__1__1.A_1.B__1.C,structures/ame/5zgg__1__1.A_1.B__1.C.cif,"1.A,1.B","1.A,1.B"
ame:5zkp__1__1.A__1.B,5zkp__1__1.A__1.B,structures/ame/5zkp__1__1.A__1.B.cif,1.A,1.A
ame:5zkp__1__1.A__1.C,5zkp__1__1.A__1.C,structures/ame/5zkp__1__1.A__1.C.cif,1.A,1.A
ame:5zma__2__1.B__1.E,5zma__2__1.B__1.E,structures/ame/5zma__2__1.B__1.E.cif,1.B,1.B
ame:5zov__1__1.B__1.E,5zov__1__1.B__1.E,structures/ame/5zov__1__1.B__1.E.cif,1.B,1.B
ame:5zyg__1__1.A__1.B,5zyg__1__1.A__1.B,structures/ame/5zyg__1__1.A__1.B.cif,1.A,1.A
ame:5zyh__1__1.A__1.B,5zyh__1__1.A__1.B,structures/ame/5zyh__1__1.A__1.B.cif,1.A,1.A
ame:5zyi__1__1.A__1.B,5zyi__1__1.A__1.B,structures/ame/5zyi__1__1.A__1.B.cif,1.A,1.A
ame:5zyj__1__1.A__1.B,5zyj__1__1.A__1.B,structures/ame/5zyj__1__1.A__1.B.cif,1.A,1.A
ame:5zyk__1__1.A__1.B,5zyk__1__1.A__1.B,structures/ame/5zyk__1__1.A__1.B.cif,1.A,1.A
ame:5zyl__1__1.A__1.B,5zyl__1__1.A__1.B,structures/ame/5zyl__1__1.A__1.B.cif,1.A,1.A
ame:5zym__1__1.A__1.B,5zym__1__1.A__1.B,structures/ame/5zym__1__1.A__1.B.cif,1.A,1.A
ame:6a0q__2__1.B__1.C,6a0q__2__1.B__1.C,structures/ame/6a0q__2__1.B__1.C.cif,1.B,1.B
ame:6a3h__1__1.A__1.B,6a3h__1__1.A__1.B,structures/ame/6a3h__1__1.A__1.B.cif,1.A,1.A
ame:6a40__1__1.A__1.B,6a40__1__1.A__1.B,structures/ame/6a40__1__1.A__1.B.cif,1.A,1.A
ame:6a8h__1__1.A__1.B,6a8h__1__1.A__1.B,structures/ame/6a8h__1__1.A__1.B.cif,1.A,1.A
ame:6adc__2__1.B__1.H,6adc__2__1.B__1.H,structures/ame/6adc__2__1.B__1.H.cif,1.B,1.B
ame:6ae9__1__1.A__1.G,6ae9__1__1.A__1.G,structures/ame/6ae9__1__1.A__1.G.cif,1.A,1.A
ame:6afe__1__1.A_2.A__2.B,6afe__1__1.A_2.A__2.B,structures/ame/6afe__1__1.A_2.A__2.B.cif,"1.A,2.A","1.A,2.A"
ame:6aff__1__2.A__2.C,6aff__1__2.A__2.C,structures/ame/6aff__1__2.A__2.C.cif,2.A,2.A
ame:6afi__1__1.A_2.A__1.B,6afi__1__1.A_2.A__1.B,structures/ame/6afi__1__1.A_2.A__1.B.cif,"1.A,2.A","1.A,2.A"
ame:6afj__1__1.A_2.A__2.B,6afj__1__1.A_2.A__2.B,structures/ame/6afj__1__1.A_2.A__2.B.cif,"1.A,2.A","1.A,2.A"
ame:6aim__1__1.A_1.B__1.C,6aim__1__1.A_1.B__1.C,structures/ame/6aim__1__1.A_1.B__1.C.cif,"1.B,1.A","1.B,1.A"
ame:6aip__1__1.A_1.B__1.C,6aip__1__1.A_1.B__1.C,structures/ame/6aip__1__1.A_1.B__1.C.cif,"1.A,1.B","1.A,1.B"
ame:6ajf__1__1.A__1.B,6ajf__1__1.A__1.B,structures/ame/6ajf__1__1.A__1.B.cif,1.A,1.A
ame:6ajf__1__1.A__1.G,6ajf__1__1.A__1.G,structures/ame/6ajf__1__1.A__1.G.cif,1.A,1.A
ame:6ajg__1__1.A__1.B,6ajg__1__1.A__1.B,structures/ame/6ajg__1__1.A__1.B.cif,1.A,1.A
ame:6ajg__1__1.A__1.L,6ajg__1__1.A__1.L,structures/ame/6ajg__1__1.A__1.L.cif,1.A,1.A
ame:6ajh__1__1.A__1.B,6ajh__1__1.A__1.B,structures/ame/6ajh__1__1.A__1.B.cif,1.A,1.A
ame:6ajh__1__1.A__1.E,6ajh__1__1.A__1.E,structures/ame/6ajh__1__1.A__1.E.cif,1.A,1.A
ame:6ajh__1__1.A__1.I,6ajh__1__1.A__1.I,structures/ame/6ajh__1__1.A__1.I.cif,1.A,1.A
ame:6aji__1__1.A__1.B,6aji__1__1.A__1.B,structures/ame/6aji__1__1.A__1.B.cif,1.A,1.A
ame:6aji__1__1.A__1.G,6aji__1__1.A__1.G,structures/ame/6aji__1__1.A__1.G.cif,1.A,1.A
ame:6ajj__1__1.A__1.C,6ajj__1__1.A__1.C,structures/ame/6ajj__1__1.A__1.C.cif,1.A,1.A
ame:6ajj__1__1.A__1.F,6ajj__1__1.A__1.F,structures/ame/6ajj__1__1.A__1.F.cif,1.A,1.A
ame:6ajj__1__1.A__1.I,6ajj__1__1.A__1.I,structures/ame/6ajj__1__1.A__1.I.cif,1.A,1.A
ame:6al9__1__1.A_1.B__1.C,6al9__1__1.A_1.B__1.C,structures/ame/6al9__1__1.A_1.B__1.C.cif,"1.B,1.A","1.B,1.A"
ame:6am0__1__1.E__1.K,6am0__1__1.E__1.K,structures/ame/6am0__1__1.E__1.K.cif,1.E,1.E
ame:6aox__1__1.A__1.C,6aox__1__1.A__1.C,structures/ame/6aox__1__1.A__1.C.cif,1.A,1.A
ame:6aoy__2__1.B__1.D,6aoy__2__1.B__1.D,structures/ame/6aoy__2__1.B__1.D.cif,1.B,1.B
ame:6arm__2__1.B__1.E,6arm__2__1.B__1.E,structures/ame/6arm__2__1.B__1.E.cif,1.B,1.B
ame:6arn__1__1.A__1.C,6arn__1__1.A__1.C,structures/ame/6arn__1__1.A__1.C.cif,1.A,1.A
ame:6aro__1__1.A__1.C,6aro__1__1.A__1.C,structures/ame/6aro__1__1.A__1.C.cif,1.A,1.A
ame:6as8__2__1.B__1.D,6as8__2__1.B__1.D,structures/ame/6as8__2__1.B__1.D.cif,1.B,1.B
ame:6asc__1__1.A_1.B__1.H,6asc__1__1.A_1.B__1.H,structures/ame/6asc__1__1.A_1.B__1.H.cif,"1.A,1.B","1.A,1.B"
ame:6aum__1__1.A__1.D,6aum__1__1.A__1.D,structures/ame/6aum__1__1.A__1.D.cif,1.A,1.A
ame:6awg__2__1.C_1.D__1.J,6awg__2__1.C_1.D__1.J,structures/ame/6awg__2__1.C_1.D__1.J.cif,"1.C,1.D","1.C,1.D"
ame:6awi__1__1.A_1.B__1.H,6awi__1__1.A_1.B__1.H,structures/ame/6awi__1__1.A_1.B__1.H.cif,"1.A,1.B","1.A,1.B"
ame:6awj__1__1.A_1.B__1.G,6awj__1__1.A_1.B__1.G,structures/ame/6awj__1__1.A_1.B__1.G.cif,"1.A,1.B","1.A,1.B"
ame:6azs__3__1.B_1.C__1.I,6azs__3__1.B_1.C__1.I,structures/ame/6azs__3__1.B_1.C__1.I.cif,"1.C,1.B","1.C,1.B"
ame:6azu__2__1.B__1.G,6azu__2__1.B__1.G,structures/ame/6azu__2__1.B__1.G.cif,1.B,1.B
ame:6azv__3__1.C__1.G,6azv__3__1.C__1.G,structures/ame/6azv__3__1.C__1.G.cif,1.C,1.C
ame:6azw__2__1.B__1.D,6azw__2__1.B__1.D,structures/ame/6azw__2__1.B__1.D.cif,1.B,1.B
ame:6b41__1__1.A__1.B,6b41__1__1.A__1.B,structures/ame/6b41__1__1.A__1.B.cif,1.A,1.A
ame:6b41__1__1.A__1.D,6b41__1__1.A__1.D,structures/ame/6b41__1__1.A__1.D.cif,1.A,1.A
ame:6b88__2__1.B__1.E,6b88__2__1.B__1.E,structures/ame/6b88__2__1.B__1.E.cif,1.B,1.B
ame:6b9i__2__1.B__1.K,6b9i__2__1.B__1.K,structures/ame/6b9i__2__1.B__1.K.cif,1.B,1.B
ame:6bec__1__1.A_1.B_1.C__1.K,6bec__1__1.A_1.B_1.C__1.K,structures/ame/6bec__1__1.A_1.B_1.C__1.K.cif,"1.B,1.C,1.A","1.B,1.C,1.A"
ame:6bge__1__3.B__3.G,6bge__1__3.B__3.G,structures/ame/6bge__1__3.B__3.G.cif,3.B,3.B
ame:6bjo__1__1.B__1.D,6bjo__1__1.B__1.D,structures/ame/6bjo__1__1.B__1.D.cif,1.B,1.B
ame:6bjy__1__1.B_1.C__1.G,6bjy__1__1.B_1.C__1.G,structures/ame/6bjy__1__1.B_1.C__1.G.cif,"1.B,1.C","1.B,1.C"
ame:6boi__1__1.A__1.C,6boi__1__1.A__1.C,structures/ame/6boi__1__1.A__1.C.cif,1.A,1.A
ame:6boz__1__1.A_1.B__1.D,6boz__1__1.A_1.B__1.D,structures/ame/6boz__1__1.A_1.B__1.D.cif,"1.A,1.B","1.A,1.B"
ame:6bpm__2__1.B__1.I,6bpm__2__1.B__1.I,structures/ame/6bpm__2__1.B__1.I.cif,1.B,1.B
ame:6bpn__1__1.A__1.G,6bpn__1__1.A__1.G,structures/ame/6bpn__1__1.A__1.G.cif,1.A,1.A
ame:6bq3__1__1.A__1.C,6bq3__1__1.A__1.C,structures/ame/6bq3__1__1.A__1.C.cif,1.A,1.A
ame:6bq4__1__1.B__1.F,6bq4__1__1.B__1.F,structures/ame/6bq4__1__1.B__1.F.cif,1.B,1.B
ame:6bq6__1__2.B__2.F,6bq6__1__2.B__2.F,structures/ame/6bq6__1__2.B__2.F.cif,2.B,2.B
ame:6bq8__1__1.A__1.B,6bq8__1__1.A__1.B,structures/ame/6bq8__1__1.A__1.B.cif,1.A,1.A
ame:6bt4__1__1.A__1.B,6bt4__1__1.A__1.B,structures/ame/6bt4__1__1.A__1.B.cif,1.A,1.A
ame:6bv8__1__1.A__1.B,6bv8__1__1.A__1.B,structures/ame/6bv8__1__1.A__1.B.cif,1.A,1.A
ame:6bw5__2__1.D__1.K,6bw5__2__1.D__1.K,structures/ame/6bw5__2__1.D__1.K.cif,1.D,1.D
ame:6bw6__2__1.C__1.I,6bw6__2__1.C__1.I,structures/ame/6bw6__2__1.C__1.I.cif,1.C,1.C
ame:6bya__3__1.C__1.I,6bya__3__1.C__1.I,structures/ame/6bya__3__1.C__1.I.cif,1.C,1.C
ame:6byt__1__1.A__1.C,6byt__1__1.A__1.C,structures/ame/6byt__1__1.A__1.C.cif,1.A,1.A
ame:6byx__2__1.B__1.D,6byx__2__1.B__1.D,structures/ame/6byx__2__1.B__1.D.cif,1.B,1.B
ame:6c8c__1__1.A_1.B__1.C,6c8c__1__1.A_1.B__1.C,structures/ame/6c8c__1__1.A_1.B__1.C.cif,"1.A,1.B","1.A,1.B"
ame:6caj__1__1.D_1.E_1.I_1.J__1.K,6caj__1__1.D_1.E_1.I_1.J__1.K,structures/ame/6caj__1__1.D_1.E_1.I_1.J__1.K.cif,"1.D,1.E,1.I,1.J","1.D,1.E,1.I,1.J"
ame:6cax__1__1.A__1.C,6cax__1__1.A__1.C,structures/ame/6cax__1__1.A__1.C.cif,1.A,1.A
ame:6cbm__1__1.A_1.B__1.C,6cbm__1__1.A_1.B__1.C,structures/ame/6cbm__1__1.A_1.B__1.C.cif,"1.A,1.B","1.A,1.B"
ame:6cby__1__1.A__1.F,6cby__1__1.A__1.F,structures/ame/6cby__1__1.A__1.F.cif,1.A,1.A
ame:6cfc__1__1.A__1.B,6cfc__1__1.A__1.B,structures/ame/6cfc__1__1.A__1.B.cif,1.A,1.A
ame:6cmj__1__1.A__1.C,6cmj__1__1.A__1.C,structures/ame/6cmj__1__1.A__1.C.cif,1.A,1.A
ame:6cp5__1__1.F_1.G__1.T,6cp5__1__1.F_1.G__1.T,structures/ame/6cp5__1__1.F_1.G__1.T.cif,"1.F,1.G","1.F,1.G"
ame:6cpt__1__1.A__1.D,6cpt__1__1.A__1.D,structures/ame/6cpt__1__1.A__1.D.cif,1.A,1.A
ame:6ct2__1__1.A__1.B,6ct2__1__1.A__1.B,structures/ame/6ct2__1__1.A__1.B.cif,1.A,1.A
ame:6cul__1__1.A__1.I,6cul__1__1.A__1.I,structures/ame/6cul__1__1.A__1.I.cif,1.A,1.A
ame:6cwf__1__1.A__1.C,6cwf__1__1.A__1.C,structures/ame/6cwf__1__1.A__1.C.cif,1.A,1.A
ame:6cwh__2__1.B__1.F,6cwh__2__1.B__1.F,structures/ame/6cwh__2__1.B__1.F.cif,1.B,1.B
ame:6cwi__1__1.A__1.D,6cwi__1__1.A__1.D,structures/ame/6cwi__1__1.A__1.D.cif,1.A,1.A
ame:6cwl__1__1.A__1.C,6cwl__1__1.A__1.C,structures/ame/6cwl__1__1.A__1.C.cif,1.A,1.A
ame:6cwn__1__1.A__1.B,6cwn__1__1.A__1.B,structures/ame/6cwn__1__1.A__1.B.cif,1.A,1.A
ame:6cwr__1__1.A__1.B,6cwr__1__1.A__1.B,structures/ame/6cwr__1__1.A__1.B.cif,1.A,1.A
ame:6czi__1__1.A__1.C,6czi__1__1.A__1.C,structures/ame/6czi__1__1.A__1.C.cif,1.A,1.A
ame:6d03__1__1.D__1.Y,6d03__1__1.D__1.Y,structures/ame/6d03__1__1.D__1.Y.cif,1.D,1.D
ame:6d04__1__1.C__1.K,6d04__1__1.C__1.K,structures/ame/6d04__1__1.C__1.K.cif,1.C,1.C
ame:6d04__1__1.C__1.U,6d04__1__1.C__1.U,structures/ame/6d04__1__1.C__1.U.cif,1.C,1.C
ame:6d05__1__1.C__1.K,6d05__1__1.C__1.K,structures/ame/6d05__1__1.C__1.K.cif,1.C,1.C
ame:6d05__1__1.C__1.U,6d05__1__1.C__1.U,structures/ame/6d05__1__1.C__1.U.cif,1.C,1.C
ame:6d63__5__1.J__1.O,6d63__5__1.J__1.O,structures/ame/6d63__5__1.J__1.O.cif,1.J,1.J
ame:6dda__3__1.C__1.R,6dda__3__1.C__1.R,structures/ame/6dda__3__1.C__1.R.cif,1.C,1.C
ame:6dfe__2__1.B__1.D,6dfe__2__1.B__1.D,structures/ame/6dfe__2__1.B__1.D.cif,1.B,1.B
ame:6dfe__2__1.B__1.F,6dfe__2__1.B__1.F,structures/ame/6dfe__2__1.B__1.F.cif,1.B,1.B
ame:6dgj__1__1.A__1.B,6dgj__1__1.A__1.B,structures/ame/6dgj__1__1.A__1.B.cif,1.A,1.A
ame:6djz__1__1.B__1.Q,6djz__1__1.B__1.Q,structures/ame/6djz__1__1.B__1.Q.cif,1.B,1.B
ame:6dk0__1__1.C__1.V,6dk0__1__1.C__1.V,structures/ame/6dk0__1__1.C__1.V.cif,1.C,1.C
ame:6dk1__1__1.C__1.X,6dk1__1__1.C__1.X,structures/ame/6dk1__1__1.C__1.X.cif,1.C,1.C
ame:6dmy__1__1.B__1.K,6dmy__1__1.B__1.K,structures/ame/6dmy__1__1.B__1.K.cif,1.B,1.B
ame:6do0__1__1.A_1.B__1.C,6do0__1__1.A_1.B__1.C,structures/ame/6do0__1__1.A_1.B__1.C.cif,"1.B,1.A","1.B,1.A"
ame:6dpq__2__1.B__1.G,6dpq__2__1.B__1.G,structures/ame/6dpq__2__1.B__1.G.cif,1.B,1.B
ame:6dpr__2__1.B__1.J,6dpr__2__1.B__1.J,structures/ame/6dpr__2__1.B__1.J.cif,1.B,1.B
ame:6dxh__1__1.A__1.J,6dxh__1__1.A__1.J,structures/ame/6dxh__1__1.A__1.J.cif,1.A,1.A
ame:6dxt__1__1.A__1.C,6dxt__1__1.A__1.C,structures/ame/6dxt__1__1.A__1.C.cif,1.A,1.A
ame:6e1a__1__1.A__1.D,6e1a__1__1.A__1.D,structures/ame/6e1a__1__1.A__1.D.cif,1.A,1.A
ame:6e4l__1__1.A__1.J,6e4l__1__1.A__1.J,structures/ame/6e4l__1__1.A__1.J.cif,1.A,1.A
ame:6e9o__1__1.A__1.C,6e9o__1__1.A__1.C,structures/ame/6e9o__1__1.A__1.C.cif,1.A,1.A
ame:6eas__1__1.A__1.B,6eas__1__1.A__1.B,structures/ame/6eas__1__1.A__1.B.cif,1.A,1.A
ame:6ebv__1__1.A_1.C__1.F,6ebv__1__1.A_1.C__1.F,structures/ame/6ebv__1__1.A_1.C__1.F.cif,"1.C,1.A","1.C,1.A"
ame:6ef6__1__1.A__1.C,6ef6__1__1.A__1.C,structures/ame/6ef6__1__1.A__1.C.cif,1.A,1.A
ame:6efh__1__1.B__1.G,6efh__1__1.B__1.G,structures/ame/6efh__1__1.B__1.G.cif,1.B,1.B
ame:6ejp__2__1.D__1.K,6ejp__2__1.D__1.K,structures/ame/6ejp__2__1.D__1.K.cif,1.D,1.D
ame:6en4__1__1.C_1.D__1.H,6en4__1__1.C_1.D__1.H,structures/ame/6en4__1__1.C_1.D__1.H.cif,"1.C,1.D","1.C,1.D"
ame:6enk__1__1.A__1.E,6enk__1__1.A__1.E,structures/ame/6enk__1__1.A__1.E.cif,1.A,1.A
ame:6enx__1__1.A__1.D,6enx__1__1.A__1.D,structures/ame/6enx__1__1.A__1.D.cif,1.A,1.A
ame:6eo0__3__1.C__1.N,6eo0__3__1.C__1.N,structures/ame/6eo0__3__1.C__1.N.cif,1.C,1.C
ame:6eor__2__1.D__1.H,6eor__2__1.D__1.H,structures/ame/6eor__2__1.D__1.H.cif,1.D,1.D
ame:6epj__1__1.A__1.B,6epj__1__1.A__1.B,structures/ame/6epj__1__1.A__1.B.cif,1.A,1.A
ame:6epr__1__1.A__1.B,6epr__1__1.A__1.B,structures/ame/6epr__1__1.A__1.B.cif,1.A,1.A
ame:6eps__1__1.A__1.B,6eps__1__1.A__1.B,structures/ame/6eps__1__1.A__1.B.cif,1.A,1.A
ame:6ept__1__1.A__1.C,6ept__1__1.A__1.C,structures/ame/6ept__1__1.A__1.C.cif,1.A,1.A
ame:6ept__1__1.A__1.D,6ept__1__1.A__1.D,structures/ame/6ept__1__1.A__1.D.cif,1.A,1.A
ame:6epu__1__1.A__1.C,6epu__1__1.A__1.C,structures/ame/6epu__1__1.A__1.C.cif,1.A,1.A
ame:6epv__1__1.A__1.C,6epv__1__1.A__1.C,structures/ame/6epv__1__1.A__1.C.cif,1.A,1.A
ame:6epw__1__1.A__1.C,6epw__1__1.A__1.C,structures/ame/6epw__1__1.A__1.C.cif,1.A,1.A
ame:6epx__1__1.A__1.C,6epx__1__1.A__1.C,structures/ame/6epx__1__1.A__1.C.cif,1.A,1.A
ame:6et8__2__1.B__1.D,6et8__2__1.B__1.D,structures/ame/6et8__2__1.B__1.D.cif,1.B,1.B
ame:6euf__1__1.A__1.E,6euf__1__1.A__1.E,structures/ame/6euf__1__1.A__1.E.cif,1.A,1.A
ame:6euf__2__1.B__1.F,6euf__2__1.B__1.F,structures/ame/6euf__2__1.B__1.F.cif,1.B,1.B
ame:6eug__1__1.A__1.B,6eug__1__1.A__1.B,structures/ame/6eug__1__1.A__1.B.cif,1.A,1.A
ame:6euh__2__1.B__1.F,6euh__2__1.B__1.F,structures/ame/6euh__2__1.B__1.F.cif,1.B,1.B
ame:6eui__1__1.A__1.C,6eui__1__1.A__1.C,structures/ame/6eui__1__1.A__1.C.cif,1.A,1.A
ame:6eut__1__1.B__1.F,6eut__1__1.B__1.F,structures/ame/6eut__1__1.B__1.F.cif,1.B,1.B
ame:6ev0__1__1.A_1.B__1.F,6ev0__1__1.A_1.B__1.F,structures/ame/6ev0__1__1.A_1.B__1.F.cif,"1.B,1.A","1.B,1.A"
ame:6ev0__1__1.B__1.E,6ev0__1__1.B__1.E,structures/ame/6ev0__1__1.B__1.E.cif,1.B,1.B
ame:6evq__1__1.A_1.B__1.C,6evq__1__1.A_1.B__1.C,structures/ame/6evq__1__1.A_1.B__1.C.cif,"1.A,1.B","1.A,1.B"
ame:6exk__1__1.B__1.F,6exk__1__1.B__1.F,structures/ame/6exk__1__1.B__1.F.cif,1.B,1.B
ame:6exl__1__1.B__1.G,6exl__1__1.B__1.G,structures/ame/6exl__1__1.B__1.G.cif,1.B,1.B
ame:6exm__1__1.A__1.C,6exm__1__1.A__1.C,structures/ame/6exm__1__1.A__1.C.cif,1.A,1.A
ame:6exw__2__1.B__1.F,6exw__2__1.B__1.F,structures/ame/6exw__2__1.B__1.F.cif,1.B,1.B
ame:6ezo__1__1.C_1.D_1.G_1.H__1.K,6ezo__1__1.C_1.D_1.G_1.H__1.K,structures/ame/6ezo__1__1.C_1.D_1.G_1.H__1.K.cif,"1.D,1.C,1.G,1.H","1.D,1.C,1.G,1.H"
ame:6f0e__1__1.A__1.B,6f0e__1__1.A__1.B,structures/ame/6f0e__1__1.A__1.B.cif,1.A,1.A
ame:6f2w__1__1.A__1.C,6f2w__1__1.A__1.C,structures/ame/6f2w__1__1.A__1.C.cif,1.A,1.A
ame:6f7b__1__1.A__1.B,6f7b__1__1.A__1.B,structures/ame/6f7b__1__1.A__1.B.cif,1.A,1.A
ame:6f7i__1__1.B__1.G,6f7i__1__1.B__1.G,structures/ame/6f7i__1__1.B__1.G.cif,1.B,1.B
ame:6f7k__1__1.E__1.L,6f7k__1__1.E__1.L,structures/ame/6f7k__1__1.E__1.L.cif,1.E,1.E
ame:6f87__1__1.A__1.F,6f87__1__1.A__1.F,structures/ame/6f87__1__1.A__1.F.cif,1.A,1.A
ame:6f8y__2__1.B__1.F,6f8y__2__1.B__1.F,structures/ame/6f8y__2__1.B__1.F.cif,1.B,1.B
ame:6fap__3__1.C__1.O,6fap__3__1.C__1.O,structures/ame/6fap__3__1.C__1.O.cif,1.C,1.C
ame:6fcq__1__1.A__1.B,6fcq__1__1.A__1.B,structures/ame/6fcq__1__1.A__1.B.cif,1.A,1.A
ame:6ffm__1__1.A__1.B,6ffm__1__1.A__1.B,structures/ame/6ffm__1__1.A__1.B.cif,1.A,1.A
ame:6fi0__2__1.B__1.L,6fi0__2__1.B__1.L,structures/ame/6fi0__2__1.B__1.L.cif,1.B,1.B
ame:6fne__1__1.A__1.C,6fne__1__1.A__1.C,structures/ame/6fne__1__1.A__1.C.cif,1.A,1.A
ame:6fr2__1__1.A__1.B,6fr2__1__1.A__1.B,structures/ame/6fr2__1__1.A__1.B.cif,1.A,1.A
ame:6ftf__1__1.A__1.F,6ftf__1__1.A__1.F,structures/ame/6ftf__1__1.A__1.F.cif,1.A,1.A
ame:6fux__1__1.A__1.D,6fux__1__1.A__1.D,structures/ame/6fux__1__1.A__1.D.cif,1.A,1.A
ame:6fx1__1__1.A__1.Z,6fx1__1__1.A__1.Z,structures/ame/6fx1__1__1.A__1.Z.cif,1.A,1.A
ame:6fx1__2__1.D_1.E__1.P,6fx1__2__1.D_1.E__1.P,structures/ame/6fx1__2__1.D_1.E__1.P.cif,"1.E,1.D","1.E,1.D"
ame:6fx1__4__1.J_1.K__1.V,6fx1__4__1.J_1.K__1.V,structures/ame/6fx1__4__1.J_1.K__1.V.cif,"1.J,1.K","1.J,1.K"
ame:6fx1__4__1.J_1.L__1.X,6fx1__4__1.J_1.L__1.X,structures/ame/6fx1__4__1.J_1.L__1.X.cif,"1.L,1.J","1.L,1.J"
ame:6fx2__2__2.B_3.B__2.D,6fx2__2__2.B_3.B__2.D,structures/ame/6fx2__2__2.B_3.B__2.D.cif,"2.B,3.B","2.B,3.B"
ame:6fx3__2__1.B_2.B__1.D,6fx3__2__1.B_2.B__1.D,structures/ame/6fx3__2__1.B_2.B__1.D.cif,"1.B,2.B","1.B,2.B"
ame:6g24__1__1.A__1.B,6g24__1__1.A__1.B,structures/ame/6g24__1__1.A__1.B.cif,1.A,1.A
ame:6g25__1__1.A__1.B,6g25__1__1.A__1.B,structures/ame/6g25__1__1.A__1.B.cif,1.A,1.A
ame:6g27__1__1.A__1.B,6g27__1__1.A__1.B,structures/ame/6g27__1__1.A__1.B.cif,1.A,1.A
ame:6g29__1__1.A__1.B,6g29__1__1.A__1.B,structures/ame/6g29__1__1.A__1.B.cif,1.A,1.A
ame:6g2b__1__1.A__1.B,6g2b__1__1.A__1.B,structures/ame/6g2b__1__1.A__1.B.cif,1.A,1.A
ame:6g2c__1__1.A__1.B,6g2c__1__1.A__1.B,structures/ame/6g2c__1__1.A__1.B.cif,1.A,1.A
ame:6g2e__1__1.A__1.B,6g2e__1__1.A__1.B,structures/ame/6g2e__1__1.A__1.B.cif,1.A,1.A
ame:6g2f__1__1.A__1.B,6g2f__1__1.A__1.B,structures/ame/6g2f__1__1.A__1.B.cif,1.A,1.A
ame:6g2o__1__1.A__1.B,6g2o__1__1.A__1.B,structures/ame/6g2o__1__1.A__1.B.cif,1.A,1.A
ame:6g2r__2__1.B__1.F,6g2r__2__1.B__1.F,structures/ame/6g2r__2__1.B__1.F.cif,1.B,1.B
ame:6g2s__2__1.B__1.L,6g2s__2__1.B__1.L,structures/ame/6g2s__2__1.B__1.L.cif,1.B,1.B
ame:6g34__1__1.A__1.B,6g34__1__1.A__1.B,structures/ame/6g34__1__1.A__1.B.cif,1.A,1.A
ame:6g35__1__1.A__1.C,6g35__1__1.A__1.C,structures/ame/6g35__1__1.A__1.C.cif,1.A,1.A
ame:6g36__1__1.A__1.B,6g36__1__1.A__1.B,structures/ame/6g36__1__1.A__1.B.cif,1.A,1.A
ame:6g37__1__1.A__1.C,6g37__1__1.A__1.C,structures/ame/6g37__1__1.A__1.C.cif,1.A,1.A
ame:6g38__1__1.A__1.B,6g38__1__1.A__1.B,structures/ame/6g38__1__1.A__1.B.cif,1.A,1.A
ame:6g39__1__1.A__1.C,6g39__1__1.A__1.C,structures/ame/6g39__1__1.A__1.C.cif,1.A,1.A
ame:6g3a__1__1.A__1.D,6g3a__1__1.A__1.D,structures/ame/6g3a__1__1.A__1.D.cif,1.A,1.A
ame:6g3y__1__1.A__1.D,6g3y__1__1.A__1.D,structures/ame/6g3y__1__1.A__1.D.cif,1.A,1.A
ame:6g40__3__1.C__1.K,6g40__3__1.C__1.K,structures/ame/6g40__3__1.C__1.K.cif,1.C,1.C
ame:6g5j__1__1.A__1.E,6g5j__1__1.A__1.E,structures/ame/6g5j__1__1.A__1.E.cif,1.A,1.A
ame:6g5n__1__1.A__1.H,6g5n__1__1.A__1.H,structures/ame/6g5n__1__1.A__1.H.cif,1.A,1.A
ame:6g5p__1__1.A__1.I,6g5p__1__1.A__1.I,structures/ame/6g5p__1__1.A__1.I.cif,1.A,1.A
ame:6g8g__1__1.A_1.B__1.G,6g8g__1__1.A_1.B__1.G,structures/ame/6g8g__1__1.A_1.B__1.G.cif,"1.A,1.B","1.A,1.B"
ame:6gaz__1__1.A__1.SE,6gaz__1__1.A__1.SE,structures/ame/6gaz__1__1.A__1.SE.cif,1.A,1.A
ame:6gh9__1__1.A__1.E,6gh9__1__1.A__1.E,structures/ame/6gh9__1__1.A__1.E.cif,1.A,1.A
ame:6ghk__1__1.A__1.C,6ghk__1__1.A__1.C,structures/ame/6ghk__1__1.A__1.C.cif,1.A,1.A
ame:6gnn__1__1.B__1.C,6gnn__1__1.B__1.C,structures/ame/6gnn__1__1.B__1.C.cif,1.B,1.B
ame:6gps__1__1.A__1.C,6gps__1__1.A__1.C,structures/ame/6gps__1__1.A__1.C.cif,1.A,1.A
ame:6gpx__2__1.B__1.S,6gpx__2__1.B__1.S,structures/ame/6gpx__2__1.B__1.S.cif,1.B,1.B
ame:6gq1__1__1.EC__1.NC,6gq1__1__1.EC__1.NC,structures/ame/6gq1__1__1.EC__1.NC.cif,1.EC,1.EC
ame:6gq1__1__1.EC__1.OC,6gq1__1__1.EC__1.OC,structures/ame/6gq1__1__1.EC__1.OC.cif,1.EC,1.EC
ame:6gqb__1__1.FC__1.OC,6gqb__1__1.FC__1.OC,structures/ame/6gqb__1__1.FC__1.OC.cif,1.FC,1.FC
ame:6gta__1__1.A__1.G,6gta__1__1.A__1.G,structures/ame/6gta__1__1.A__1.G.cif,1.A,1.A
ame:6gtx__4__1.D__1.H,6gtx__4__1.D__1.H,structures/ame/6gtx__4__1.D__1.H.cif,1.D,1.D
ame:6gty__5__1.E__1.J,6gty__5__1.E__1.J,structures/ame/6gty__5__1.E__1.J.cif,1.E,1.E
ame:6gwf__1__1.A__1.D,6gwf__1__1.A__1.D,structures/ame/6gwf__1__1.A__1.D.cif,1.A,1.A
ame:6gxg__1__1.A__1.D,6gxg__1__1.A__1.D,structures/ame/6gxg__1__1.A__1.D.cif,1.A,1.A
ame:6gxy__2__1.C__1.F,6gxy__2__1.C__1.F,structures/ame/6gxy__2__1.C__1.F.cif,1.C,1.C
ame:6h1i__1__1.A__1.F,6h1i__1__1.A__1.F,structures/ame/6h1i__1__1.A__1.F.cif,1.A,1.A
ame:6h3e__1__1.A__1.B,6h3e__1__1.A__1.B,structures/ame/6h3e__1__1.A__1.B.cif,1.A,1.A
ame:6h4a__1__1.A__1.B,6h4a__1__1.A__1.B,structures/ame/6h4a__1__1.A__1.B.cif,1.A,1.A
ame:6h4f__1__1.A__1.M,6h4f__1__1.A__1.M,structures/ame/6h4f__1__1.A__1.M.cif,1.A,1.A
ame:6h4m__4__1.F__1.IA,6h4m__4__1.F__1.IA,structures/ame/6h4m__4__1.F__1.IA.cif,1.F,1.F
ame:6h96__1__1.A__1.C,6h96__1__1.A__1.C,structures/ame/6h96__1__1.A__1.C.cif,1.A,1.A
ame:6hai__1__1.A__1.D,6hai__1__1.A__1.D,structures/ame/6hai__1__1.A__1.D.cif,1.A,1.A
ame:6haz__1__1.B__1.E,6haz__1__1.B__1.E,structures/ame/6haz__1__1.B__1.E.cif,1.B,1.B
ame:6hb5__1__1.A__1.C,6hb5__1__1.A__1.C,structures/ame/6hb5__1__1.A__1.C.cif,1.A,1.A
ame:6hb6__1__1.B__1.G,6hb6__1__1.B__1.G,structures/ame/6hb6__1__1.B__1.G.cif,1.B,1.B
ame:6hb7__1__1.B__1.H,6hb7__1__1.B__1.H,structures/ame/6hb7__1__1.B__1.H.cif,1.B,1.B
ame:6hdn__1__1.A__1.G,6hdn__1__1.A__1.G,structures/ame/6hdn__1__1.A__1.G.cif,1.A,1.A
ame:6hdo__1__1.A__1.D,6hdo__1__1.A__1.D,structures/ame/6hdo__1__1.A__1.D.cif,1.A,1.A
ame:6he6__1__1.A__1.C,6he6__1__1.A__1.C,structures/ame/6he6__1__1.A__1.C.cif,1.A,1.A
ame:6hgv__1__2.A__2.C,6hgv__1__2.A__2.C,structures/ame/6hgv__1__2.A__2.C.cif,2.A,2.A
ame:6hgw__1__2.A__2.B,6hgw__1__2.A__2.B,structures/ame/6hgw__1__2.A__2.B.cif,2.A,2.A
ame:6hgx__1__1.A__1.C,6hgx__1__1.A__1.C,structures/ame/6hgx__1__1.A__1.C.cif,1.A,1.A
ame:6hh6__1__1.A__1.B,6hh6__1__1.A__1.B,structures/ame/6hh6__1__1.A__1.B.cif,1.A,1.A
ame:6hi3__1__1.A__1.B,6hi3__1__1.A__1.B,structures/ame/6hi3__1__1.A__1.B.cif,1.A,1.A
ame:6hi4__1__1.A__1.B,6hi4__1__1.A__1.B,structures/ame/6hi4__1__1.A__1.B.cif,1.A,1.A
ame:6hi5__1__1.A__1.F,6hi5__1__1.A__1.F,structures/ame/6hi5__1__1.A__1.F.cif,1.A,1.A
ame:6hi6__1__1.A__1.D,6hi6__1__1.A__1.D,structures/ame/6hi6__1__1.A__1.D.cif,1.A,1.A
ame:6hi7__1__1.A__1.D,6hi7__1__1.A__1.D,structures/ame/6hi7__1__1.A__1.D.cif,1.A,1.A
ame:6hi8__1__1.A__1.C,6hi8__1__1.A__1.C,structures/ame/6hi8__1__1.A__1.C.cif,1.A,1.A
ame:6hia__1__1.A__1.B,6hia__1__1.A__1.B,structures/ame/6hia__1__1.A__1.B.cif,1.A,1.A
ame:6hid__1__1.A__1.D,6hid__1__1.A__1.D,structures/ame/6hid__1__1.A__1.D.cif,1.A,1.A
ame:6hie__1__1.A__1.B,6hie__1__1.A__1.B,structures/ame/6hie__1__1.A__1.B.cif,1.A,1.A
ame:6hk6__1__1.A__1.K,6hk6__1__1.A__1.K,structures/ame/6hk6__1__1.A__1.K.cif,1.A,1.A
ame:6hlx__1__1.A__1.E,6hlx__1__1.A__1.E,structures/ame/6hlx__1__1.A__1.E.cif,1.A,1.A
ame:6hly__1__1.A__1.K,6hly__1__1.A__1.K,structures/ame/6hly__1__1.A__1.K.cif,1.A,1.A
ame:6hlz__1__1.A__1.HA,6hlz__1__1.A__1.HA,structures/ame/6hlz__1__1.A__1.HA.cif,1.A,1.A
ame:6hm2__5__1.E__1.W,6hm2__5__1.E__1.W,structures/ame/6hm2__5__1.E__1.W.cif,1.E,1.E
ame:6hmk__1__1.A__1.I,6hmk__1__1.A__1.I,structures/ame/6hmk__1__1.A__1.I.cif,1.A,1.A
ame:6hmm__1__1.A__1.E,6hmm__1__1.A__1.E,structures/ame/6hmm__1__1.A__1.E.cif,1.A,1.A
ame:6hmn__1__1.A__1.D,6hmn__1__1.A__1.D,structures/ame/6hmn__1__1.A__1.D.cif,1.A,1.A
ame:6hnq__2__1.L__1.QA,6hnq__2__1.L__1.QA,structures/ame/6hnq__2__1.L__1.QA.cif,1.L,1.L
ame:6hrw__1__1.A__1.C,6hrw__1__1.A__1.C,structures/ame/6hrw__1__1.A__1.C.cif,1.A,1.A
ame:6hrx__1__1.A__1.C,6hrx__1__1.A__1.C,structures/ame/6hrx__1__1.A__1.C.cif,1.A,1.A
ame:6hry__1__1.B__1.D,6hry__1__1.B__1.D,structures/ame/6hry__1__1.B__1.D.cif,1.B,1.B
ame:6hs0__1__1.A__1.C,6hs0__1__1.A__1.C,structures/ame/6hs0__1__1.A__1.C.cif,1.A,1.A
ame:6hs1__1__1.B__1.C,6hs1__1__1.B__1.C,structures/ame/6hs1__1__1.B__1.C.cif,1.B,1.B
ame:6hyi__1__1.A__1.C,6hyi__1__1.A__1.C,structures/ame/6hyi__1__1.A__1.C.cif,1.A,1.A
ame:6hyq__1__1.A__1.E,6hyq__1__1.A__1.E,structures/ame/6hyq__1__1.A__1.E.cif,1.A,1.A
ame:6hyq__1__1.A__1.F,6hyq__1__1.A__1.F,structures/ame/6hyq__1__1.A__1.F.cif,1.A,1.A
ame:6hyq__2__1.B__1.G,6hyq__2__1.B__1.G,structures/ame/6hyq__2__1.B__1.G.cif,1.B,1.B
ame:6hyq__2__1.B__1.H,6hyq__2__1.B__1.H,structures/ame/6hyq__2__1.B__1.H.cif,1.B,1.B
ame:6hyq__3__1.C__1.J,6hyq__3__1.C__1.J,structures/ame/6hyq__3__1.C__1.J.cif,1.C,1.C
ame:6hyq__3__1.C__1.K,6hyq__3__1.C__1.K,structures/ame/6hyq__3__1.C__1.K.cif,1.C,1.C
ame:6hyq__4__1.D__1.L,6hyq__4__1.D__1.L,structures/ame/6hyq__4__1.D__1.L.cif,1.D,1.D
ame:6hyq__4__1.D__1.M,6hyq__4__1.D__1.M,structures/ame/6hyq__4__1.D__1.M.cif,1.D,1.D
ame:6i02__1__1.A_1.B__1.C,6i02__1__1.A_1.B__1.C,structures/ame/6i02__1__1.A_1.B__1.C.cif,"1.B,1.A","1.B,1.A"
ame:6i5g__1__2.B__2.P,6i5g__1__2.B__2.P,structures/ame/6i5g__1__2.B__2.P.cif,2.B,2.B
ame:6i5y__1__1.B__1.E,6i5y__1__1.B__1.E,structures/ame/6i5y__1__1.B__1.E.cif,1.B,1.B
ame:6i8m__1__1.A__1.B,6i8m__1__1.A__1.B,structures/ame/6i8m__1__1.A__1.B.cif,1.A,1.A
ame:6i8t__1__1.A__1.B,6i8t__1__1.A__1.B,structures/ame/6i8t__1__1.A__1.B.cif,1.A,1.A
ame:6i9a__2__1.B__1.T,6i9a__2__1.B__1.T,structures/ame/6i9a__2__1.B__1.T.cif,1.B,1.B
ame:6ibz__1__1.A__1.D,6ibz__1__1.A__1.D,structures/ame/6ibz__1__1.A__1.D.cif,1.A,1.A
ame:6ibz__1__1.A__1.E,6ibz__1__1.A__1.E,structures/ame/6ibz__1__1.A__1.E.cif,1.A,1.A
ame:6ic6__1__4.A_4.B_4.C__4.H,6ic6__1__4.A_4.B_4.C__4.H,structures/ame/6ic6__1__4.A_4.B_4.C__4.H.cif,"4.A,4.B,4.C","4.A,4.B,4.C"
ame:6iez__1__1.A__1.B,6iez__1__1.A__1.B,structures/ame/6iez__1__1.A__1.B.cif,1.A,1.A
ame:6if0__1__1.A__1.B,6if0__1__1.A__1.B,structures/ame/6if0__1__1.A__1.B.cif,1.A,1.A
ame:6ig4__1__1.A__1.C,6ig4__1__1.A__1.C,structures/ame/6ig4__1__1.A__1.C.cif,1.A,1.A
ame:6iik__1__1.B__1.D,6iik__1__1.B__1.D,structures/ame/6iik__1__1.B__1.D.cif,1.B,1.B
ame:6iil__1__1.A__1.C,6iil__1__1.A__1.C,structures/ame/6iil__1__1.A__1.C.cif,1.A,1.A
ame:6iim__1__1.A__1.C,6iim__1__1.A__1.C,structures/ame/6iim__1__1.A__1.C.cif,1.A,1.A
ame:6iin__1__1.A__1.C,6iin__1__1.A__1.C,structures/ame/6iin__1__1.A__1.C.cif,1.A,1.A
ame:6ime__1__1.A_1.B__1.C,6ime__1__1.A_1.B__1.C,structures/ame/6ime__1__1.A_1.B__1.C.cif,"1.A,1.B","1.A,1.B"
ame:6irt__1__1.B__1.I,6irt__1__1.B__1.I,structures/ame/6irt__1__1.B__1.I.cif,1.B,1.B
ame:6j1t__1__1.A__1.C,6j1t__1__1.A__1.C,structures/ame/6j1t__1__1.A__1.C.cif,1.A,1.A
ame:6j1u__1__1.A__1.D,6j1u__1__1.A__1.D,structures/ame/6j1u__1__1.A__1.D.cif,1.A,1.A
ame:6j2m__1__1.A__1.B,6j2m__1__1.A__1.B,structures/ame/6j2m__1__1.A__1.B.cif,1.A,1.A
ame:6j4q__1__1.A__1.I,6j4q__1__1.A__1.I,structures/ame/6j4q__1__1.A__1.I.cif,1.A,1.A
ame:6j81__1__1.A__1.B,6j81__1__1.A__1.B,structures/ame/6j81__1__1.A__1.B.cif,1.A,1.A
ame:6j8w__2__1.D__1.F,6j8w__2__1.D__1.F,structures/ame/6j8w__2__1.D__1.F.cif,1.D,1.D
ame:6jhx__1__1.A__1.C,6jhx__1__1.A__1.C,structures/ame/6jhx__1__1.A__1.C.cif,1.A,1.A
ame:6jlg__1__1.A__1.I,6jlg__1__1.A__1.I,structures/ame/6jlg__1__1.A__1.I.cif,1.A,1.A
ame:6jp5__1__1.A__1.M,6jp5__1__1.A__1.M,structures/ame/6jp5__1__1.A__1.M.cif,1.A,1.A
ame:6jp8__1__1.D__1.M,6jp8__1__1.D__1.M,structures/ame/6jp8__1__1.D__1.M.cif,1.D,1.D
ame:6jpb__1__1.A__1.U,6jpb__1__1.A__1.U,structures/ame/6jpb__1__1.A__1.U.cif,1.A,1.A
ame:6ka2__1__1.A__1.E,6ka2__1__1.A__1.E,structures/ame/6ka2__1__1.A__1.E.cif,1.A,1.A
ame:6kbc__1__1.A__1.B,6kbc__1__1.A__1.B,structures/ame/6kbc__1__1.A__1.B.cif,1.A,1.A
ame:6kjd__1__1.A__1.C,6kjd__1__1.A__1.C,structures/ame/6kjd__1__1.A__1.C.cif,1.A,1.A
ame:6kjf__1__1.A__1.F,6kjf__1__1.A__1.F,structures/ame/6kjf__1__1.A__1.F.cif,1.A,1.A
ame:6kjj__1__1.A__1.B,6kjj__1__1.A__1.B,structures/ame/6kjj__1__1.A__1.B.cif,1.A,1.A
ame:6kjr__1__1.A__1.B,6kjr__1__1.A__1.B,structures/ame/6kjr__1__1.A__1.B.cif,1.A,1.A
ame:6kls__1__1.A_1.B_1.C__1.N,6kls__1__1.A_1.B_1.C__1.N,structures/ame/6kls__1__1.A_1.B_1.C__1.N.cif,"1.A,1.B,1.C","1.A,1.B,1.C"
ame:6kls__1__1.B_1.C_1.D__1.O,6kls__1__1.B_1.C_1.D__1.O,structures/ame/6kls__1__1.B_1.C_1.D__1.O.cif,"1.B,1.C,1.D","1.B,1.C,1.D"
ame:6klv__1__1.A_1.B_1.C__1.H,6klv__1__1.A_1.B_1.C__1.H,structures/ame/6klv__1__1.A_1.B_1.C__1.H.cif,"1.A,1.B,1.C","1.A,1.B,1.C"
ame:6klv__1__1.B_1.C_1.D__1.O,6klv__1__1.B_1.C_1.D__1.O,structures/ame/6klv__1__1.B_1.C_1.D__1.O.cif,"1.B,1.C,1.D","1.B,1.C,1.D"
ame:6l1p__1__1.A__1.E,6l1p__1__1.A__1.E,structures/ame/6l1p__1__1.A__1.E.cif,1.A,1.A
ame:6l3r__2__1.B__1.I,6l3r__2__1.B__1.I,structures/ame/6l3r__2__1.B__1.I.cif,1.B,1.B
ame:6l7l__1__1.A__1.E,6l7l__1__1.A__1.E,structures/ame/6l7l__1__1.A__1.E.cif,1.A,1.A
ame:6l7x__1__1.A__1.B,6l7x__1__1.A__1.B,structures/ame/6l7x__1__1.A__1.B.cif,1.A,1.A
ame:6l8a__3__1.E__1.JA,6l8a__3__1.E__1.JA,structures/ame/6l8a__3__1.E__1.JA.cif,1.E,1.E
ame:6li0__1__1.A__1.B,6li0__1__1.A__1.B,structures/ame/6li0__1__1.A__1.B.cif,1.A,1.A
ame:6li0__1__1.A__1.C,6li0__1__1.A__1.C,structures/ame/6li0__1__1.A__1.C.cif,1.A,1.A
ame:6lkm__2__1.B__1.H,6lkm__2__1.B__1.H,structures/ame/6lkm__2__1.B__1.H.cif,1.B,1.B
ame:6llh__1__1.C__1.Z,6llh__1__1.C__1.Z,structures/ame/6llh__1__1.C__1.Z.cif,1.C,1.C
ame:6lon__1__1.A__1.E,6lon__1__1.A__1.E,structures/ame/6lon__1__1.A__1.E.cif,1.A,1.A
ame:6loo__1__1.B__1.E,6loo__1__1.B__1.E,structures/ame/6loo__1__1.B__1.E.cif,1.B,1.B
ame:6lrc__1__1.B__1.E,6lrc__1__1.B__1.E,structures/ame/6lrc__1__1.B__1.E.cif,1.B,1.B
ame:6lre__1__1.B__1.F,6lre__1__1.B__1.F,structures/ame/6lre__1__1.B__1.F.cif,1.B,1.B
ame:6lri__1__1.B__1.E,6lri__1__1.B__1.E,structures/ame/6lri__1__1.B__1.E.cif,1.B,1.B
ame:6lrj__1__1.A__1.C,6lrj__1__1.A__1.C,structures/ame/6lrj__1__1.A__1.C.cif,1.A,1.A
ame:6lrk__1__1.B__1.E,6lrk__1__1.B__1.E,structures/ame/6lrk__1__1.B__1.E.cif,1.B,1.B
ame:6lrl__1__1.A__1.D,6lrl__1__1.A__1.D,structures/ame/6lrl__1__1.A__1.D.cif,1.A,1.A
ame:6lum__1__1.B__1.T,6lum__1__1.B__1.T,structures/ame/6lum__1__1.B__1.T.cif,1.B,1.B
ame:6lyy__1__1.A__1.C,6lyy__1__1.A__1.C,structures/ame/6lyy__1__1.A__1.C.cif,1.A,1.A
ame:6m07__1__1.A__1.C,6m07__1__1.A__1.C,structures/ame/6m07__1__1.A__1.C.cif,1.A,1.A
ame:6m32__1__1.F__1.SA,6m32__1__1.F__1.SA,structures/ame/6m32__1__1.F__1.SA.cif,1.F,1.F
ame:6m34__1__1.A__1.E,6m34__1__1.A__1.E,structures/ame/6m34__1__1.A__1.E.cif,1.A,1.A
ame:6m88__1__1.A__1.B,6m88__1__1.A__1.B,structures/ame/6m88__1__1.A__1.B.cif,1.A,1.A
ame:6m89__1__1.A__1.B,6m89__1__1.A__1.B,structures/ame/6m89__1__1.A__1.B.cif,1.A,1.A
ame:6m8a__1__1.A__1.B,6m8a__1__1.A__1.B,structures/ame/6m8a__1__1.A__1.B.cif,1.A,1.A
ame:6m8b__1__1.A__1.B,6m8b__1__1.A__1.B,structures/ame/6m8b__1__1.A__1.B.cif,1.A,1.A
ame:6m8c__1__1.A__1.B,6m8c__1__1.A__1.B,structures/ame/6m8c__1__1.A__1.B.cif,1.A,1.A
ame:6m8d__1__1.A__1.B,6m8d__1__1.A__1.B,structures/ame/6m8d__1__1.A__1.B.cif,1.A,1.A
ame:6m8e__1__1.A__1.B,6m8e__1__1.A__1.B,structures/ame/6m8e__1__1.A__1.B.cif,1.A,1.A
ame:6map__1__1.A__1.D,6map__1__1.A__1.D,structures/ame/6map__1__1.A__1.D.cif,1.A,1.A
ame:6maq__1__1.A__1.D,6maq__1__1.A__1.D,structures/ame/6maq__1__1.A__1.D.cif,1.A,1.A
ame:6maw__1__1.A__1.B,6maw__1__1.A__1.B,structures/ame/6maw__1__1.A__1.B.cif,1.A,1.A
ame:6mde__1__1.B__1.L,6mde__1__1.B__1.L,structures/ame/6mde__1__1.B__1.L.cif,1.B,1.B
ame:6mdf__1__1.A__1.C,6mdf__1__1.A__1.C,structures/ame/6mdf__1__1.A__1.C.cif,1.A,1.A
ame:6mf9__2__1.B__1.D,6mf9__2__1.B__1.D,structures/ame/6mf9__2__1.B__1.D.cif,1.B,1.B
ame:6mju__1__1.A__1.B,6mju__1__1.A__1.B,structures/ame/6mju__1__1.A__1.B.cif,1.A,1.A
ame:6mjw__1__1.A__1.C,6mjw__1__1.A__1.C,structures/ame/6mjw__1__1.A__1.C.cif,1.A,1.A
ame:6mjx__1__1.A__1.B,6mjx__1__1.A__1.B,structures/ame/6mjx__1__1.A__1.B.cif,1.A,1.A
ame:6mn4__3__1.C__1.T,6mn4__3__1.C__1.T,structures/ame/6mn4__3__1.C__1.T.cif,1.C,1.C
ame:6mxt__1__1.A__1.C,6mxt__1__1.A__1.C,structures/ame/6mxt__1__1.A__1.C.cif,1.A,1.A
ame:6n0k__1__1.A__1.C,6n0k__1__1.A__1.C,structures/ame/6n0k__1__1.A__1.C.cif,1.A,1.A
ame:6n0m__2__1.B__1.G,6n0m__2__1.B__1.G,structures/ame/6n0m__2__1.B__1.G.cif,1.B,1.B
ame:6n3g__1__1.A__1.B,6n3g__1__1.A__1.B,structures/ame/6n3g__1__1.A__1.B.cif,1.A,1.A
ame:6n3k__1__1.A__1.B,6n3k__1__1.A__1.B,structures/ame/6n3k__1__1.A__1.B.cif,1.A,1.A
ame:6n3z__1__1.A__1.B,6n3z__1__1.A__1.B,structures/ame/6n3z__1__1.A__1.B.cif,1.A,1.A
ame:6n48__1__1.A__1.C,6n48__1__1.A__1.C,structures/ame/6n48__1__1.A__1.C.cif,1.A,1.A
ame:6n48__1__1.A__1.D,6n48__1__1.A__1.D,structures/ame/6n48__1__1.A__1.D.cif,1.A,1.A
ame:6n48__1__1.A__1.E,6n48__1__1.A__1.E,structures/ame/6n48__1__1.A__1.E.cif,1.A,1.A
ame:6n5f__1__1.A__1.B,6n5f__1__1.A__1.B,structures/ame/6n5f__1__1.A__1.B.cif,1.A,1.A
ame:6n5g__1__1.A__1.B,6n5g__1__1.A__1.B,structures/ame/6n5g__1__1.A__1.B.cif,1.A,1.A
ame:6n5h__1__1.A__1.B,6n5h__1__1.A__1.B,structures/ame/6n5h__1__1.A__1.B.cif,1.A,1.A
ame:6nao__1__1.A__1.D,6nao__1__1.A__1.D,structures/ame/6nao__1__1.A__1.D.cif,1.A,1.A
ame:6nd3__1__1.A__1.I,6nd3__1__1.A__1.I,structures/ame/6nd3__1__1.A__1.I.cif,1.A,1.A
ame:6nez__4__1.D__1.M,6nez__4__1.D__1.M,structures/ame/6nez__4__1.D__1.M.cif,1.D,1.D
ame:6nfg__1__1.A__1.D,6nfg__1__1.A__1.D,structures/ame/6nfg__1__1.A__1.D.cif,1.A,1.A
ame:6nfo__1__1.A__1.D,6nfo__1__1.A__1.D,structures/ame/6nfo__1__1.A__1.D.cif,1.A,1.A
ame:6nft__1__1.A__1.D,6nft__1__1.A__1.D,structures/ame/6nft__1__1.A__1.D.cif,1.A,1.A
ame:6nft__2__1.B__1.R,6nft__2__1.B__1.R,structures/ame/6nft__2__1.B__1.R.cif,1.B,1.B
ame:6nic__2__1.D__1.Q,6nic__2__1.D__1.Q,structures/ame/6nic__2__1.D__1.Q.cif,1.D,1.D
ame:6njs__1__1.A__1.B,6njs__1__1.A__1.B,structures/ame/6njs__1__1.A__1.B.cif,1.A,1.A
ame:6nm5__1__1.A_1.P__1.YB,6nm5__1__1.A_1.P__1.YB,structures/ame/6nm5__1__1.A_1.P__1.YB.cif,"1.A,1.P","1.A,1.P"
ame:6no8__1__1.A__1.B,6no8__1__1.A__1.B,structures/ame/6no8__1__1.A__1.B.cif,1.A,1.A
ame:6no9__1__1.A__1.E,6no9__1__1.A__1.E,structures/ame/6no9__1__1.A__1.E.cif,1.A,1.A
ame:6noj__1__1.A_1.B__1.C,6noj__1__1.A_1.B__1.C,structures/ame/6noj__1__1.A_1.B__1.C.cif,"1.B,1.A","1.B,1.A"
ame:6nos__1__1.A_1.B__1.C,6nos__1__1.A_1.B__1.C,structures/ame/6nos__1__1.A_1.B__1.C.cif,"1.B,1.A","1.B,1.A"
ame:6npi__1__1.B__1.C,6npi__1__1.B__1.C,structures/ame/6npi__1__1.B__1.C.cif,1.B,1.B
ame:6npm__1__1.B__1.C,6npm__1__1.B__1.C,structures/ame/6npm__1__1.B__1.C.cif,1.B,1.B
ame:6nuq__1__1.A__1.B,6nuq__1__1.A__1.B,structures/ame/6nuq__1__1.A__1.B.cif,1.A,1.A
ame:6nwg__1__1.A_1.B__1.E,6nwg__1__1.A_1.B__1.E,structures/ame/6nwg__1__1.A_1.B__1.E.cif,"1.A,1.B","1.A,1.B"
ame:6o0e__1__1.A__1.C,6o0e__1__1.A__1.C,structures/ame/6o0e__1__1.A__1.C.cif,1.A,1.A
ame:6o0f__1__1.A__1.C,6o0f__1__1.A__1.C,structures/ame/6o0f__1__1.A__1.C.cif,1.A,1.A
ame:6o1v__1__1.A__1.C,6o1v__1__1.A__1.C,structures/ame/6o1v__1__1.A__1.C.cif,1.A,1.A
ame:6o2p__1__1.A__1.N,6o2p__1__1.A__1.N,structures/ame/6o2p__1__1.A__1.N.cif,1.A,1.A
ame:6o5j__1__1.A__1.C,6o5j__1__1.A__1.C,structures/ame/6o5j__1__1.A__1.C.cif,1.A,1.A
ame:6o6a__1__1.A__1.E,6o6a__1__1.A__1.E,structures/ame/6o6a__1__1.A__1.E.cif,1.A,1.A
ame:6o6r__1__1.A__1.I,6o6r__1__1.A__1.I,structures/ame/6o6r__1__1.A__1.I.cif,1.A,1.A
ame:6o72__1__1.A__1.I,6o72__1__1.A__1.I,structures/ame/6o72__1__1.A__1.I.cif,1.A,1.A
ame:6o81__1__1.C_1.D_1.E_1.F__1.Q,6o81__1__1.C_1.D_1.E_1.F__1.Q,structures/ame/6o81__1__1.C_1.D_1.E_1.F__1.Q.cif,"1.D,1.C,1.E,1.F","1.D,1.C,1.E,1.F"
ame:6o85__1__1.C_1.D_1.E_1.F__1.N,6o85__1__1.C_1.D_1.E_1.F__1.N,structures/ame/6o85__1__1.C_1.D_1.E_1.F__1.N.cif,"1.D,1.C,1.E,1.F","1.D,1.C,1.E,1.F"
ame:6o9x__1__1.A__1.B,6o9x__1__1.A__1.B,structures/ame/6o9x__1__1.A__1.B.cif,1.A,1.A
ame:6o9y__1__1.A__1.B,6o9y__1__1.A__1.B,structures/ame/6o9y__1__1.A__1.B.cif,1.A,1.A
ame:6oa0__1__1.A__1.B,6oa0__1__1.A__1.B,structures/ame/6oa0__1__1.A__1.B.cif,1.A,1.A
ame:6oa1__1__1.A__1.B,6oa1__1__1.A__1.B,structures/ame/6oa1__1__1.A__1.B.cif,1.A,1.A
ame:6oa3__1__1.A__1.B,6oa3__1__1.A__1.B,structures/ame/6oa3__1__1.A__1.B.cif,1.A,1.A
ame:6oak__1__1.A__1.B,6oak__1__1.A__1.B,structures/ame/6oak__1__1.A__1.B.cif,1.A,1.A
ame:6oal__1__1.A__1.B,6oal__1__1.A__1.B,structures/ame/6oal__1__1.A__1.B.cif,1.A,1.A
ame:6ob6__2__1.B__1.D,6ob6__2__1.B__1.D,structures/ame/6ob6__2__1.B__1.D.cif,1.B,1.B
ame:6ob7__1__1.A__1.T,6ob7__1__1.A__1.T,structures/ame/6ob7__1__1.A__1.T.cif,1.A,1.A
ame:6och__1__1.A__1.E,6och__1__1.A__1.E,structures/ame/6och__1__1.A__1.E.cif,1.A,1.A
ame:6ode__1__1.V_1.W__1.JA,6ode__1__1.V_1.W__1.JA,structures/ame/6ode__1__1.V_1.W__1.JA.cif,"1.V,1.W","1.V,1.W"
ame:6ohp__4__1.D__1.P,6ohp__4__1.D__1.P,structures/ame/6ohp__4__1.D__1.P.cif,1.D,1.D
ame:6ohr__1__1.A__1.G,6ohr__1__1.A__1.G,structures/ame/6ohr__1__1.A__1.G.cif,1.A,1.A
ame:6ohs__1__1.A__1.E,6ohs__1__1.A__1.E,structures/ame/6ohs__1__1.A__1.E.cif,1.A,1.A
ame:6oht__1__1.A__1.D,6oht__1__1.A__1.D,structures/ame/6oht__1__1.A__1.D.cif,1.A,1.A
ame:6ohu__1__1.A__1.D,6ohu__1__1.A__1.D,structures/ame/6ohu__1__1.A__1.D.cif,1.A,1.A
ame:6oio__1__1.A__1.B,6oio__1__1.A__1.B,structures/ame/6oio__1__1.A__1.B.cif,1.A,1.A
ame:6ooz__1__1.A_1.B_1.C__1.E,6ooz__1__1.A_1.B_1.C__1.E,structures/ame/6ooz__1__1.A_1.B_1.C__1.E.cif,"1.A,1.B,1.C","1.A,1.B,1.C"
ame:6osp__1__1.A__1.C,6osp__1__1.A__1.C,structures/ame/6osp__1__1.A__1.C.cif,1.A,1.A
ame:6oyz__1__1.B__1.I,6oyz__1__1.B__1.I,structures/ame/6oyz__1__1.B__1.I.cif,1.B,1.B
ame:6oz6__1__1.B__1.I,6oz6__1__1.B__1.I,structures/ame/6oz6__1__1.B__1.I.cif,1.B,1.B
ame:6p25__1__1.A__1.F,6p25__1__1.A__1.F,structures/ame/6p25__1__1.A__1.F.cif,1.A,1.A
ame:6p29__1__1.A_1.B__1.C,6p29__1__1.A_1.B__1.C,structures/ame/6p29__1__1.A_1.B__1.C.cif,"1.A,1.B","1.A,1.B"
ame:6p7u__2__1.C_1.D__1.H,6p7u__2__1.C_1.D__1.H,structures/ame/6p7u__2__1.C_1.D__1.H.cif,"1.D,1.C","1.D,1.C"
ame:6p83__1__1.A_1.B__1.G,6p83__1__1.A_1.B__1.G,structures/ame/6p83__1__1.A_1.B__1.G.cif,"1.B,1.A","1.B,1.A"
ame:6p84__1__1.A_1.B__1.G,6p84__1__1.A_1.B__1.G,structures/ame/6p84__1__1.A_1.B__1.G.cif,"1.B,1.A","1.B,1.A"
ame:6p85__1__1.A_1.C__1.F,6p85__1__1.A_1.C__1.F,structures/ame/6p85__1__1.A_1.C__1.F.cif,"1.C,1.A","1.C,1.A"
ame:6p85__1__1.B_1.C__1.H,6p85__1__1.B_1.C__1.H,structures/ame/6p85__1__1.B_1.C__1.H.cif,"1.B,1.C","1.B,1.C"
ame:6p86__1__1.A_1.B__1.G,6p86__1__1.A_1.B__1.G,structures/ame/6p86__1__1.A_1.B__1.G.cif,"1.B,1.A","1.B,1.A"
ame:6p87__1__1.B_1.C__1.H,6p87__1__1.B_1.C__1.H,structures/ame/6p87__1__1.B_1.C__1.H.cif,"1.B,1.C","1.B,1.C"
ame:6p88__1__1.A_1.B__1.G,6p88__1__1.A_1.B__1.G,structures/ame/6p88__1__1.A_1.B__1.G.cif,"1.B,1.A","1.B,1.A"
ame:6p88__1__1.A_1.C__1.F,6p88__1__1.A_1.C__1.F,structures/ame/6p88__1__1.A_1.C__1.F.cif,"1.C,1.A","1.C,1.A"
ame:6p89__1__1.B_1.C__1.H,6p89__1__1.B_1.C__1.H,structures/ame/6p89__1__1.B_1.C__1.H.cif,"1.B,1.C","1.B,1.C"
ame:6p8a__1__1.A_1.B_1.C__1.F,6p8a__1__1.A_1.B_1.C__1.F,structures/ame/6p8a__1__1.A_1.B_1.C__1.F.cif,"1.B,1.C,1.A","1.B,1.C,1.A"
ame:6p8a__1__1.B_1.C__1.H,6p8a__1__1.B_1.C__1.H,structures/ame/6p8a__1__1.B_1.C__1.H.cif,"1.B,1.C","1.B,1.C"
ame:6p8b__1__1.B_1.C__1.H,6p8b__1__1.B_1.C__1.H,structures/ame/6p8b__1__1.B_1.C__1.H.cif,"1.B,1.C","1.B,1.C"
ame:6pi6__4__1.D__1.I,6pi6__4__1.D__1.I,structures/ame/6pi6__4__1.D__1.I.cif,1.D,1.D
ame:6pk2__3__1.E_1.F__1.M,6pk2__3__1.E_1.F__1.M,structures/ame/6pk2__3__1.E_1.F__1.M.cif,"1.E,1.F","1.E,1.F"
ame:6pk7__1__1.A__1.E,6pk7__1__1.A__1.E,structures/ame/6pk7__1__1.A__1.E.cif,1.A,1.A
ame:6pkc__1__1.A__1.C,6pkc__1__1.A__1.C,structures/ame/6pkc__1__1.A__1.C.cif,1.A,1.A
ame:6ppy__1__1.A_2.A__1.B,6ppy__1__1.A_2.A__1.B,structures/ame/6ppy__1__1.A_2.A__1.B.cif,"1.A,2.A","1.A,2.A"
ame:6pso__1__1.A__1.C,6pso__1__1.A__1.C,structures/ame/6pso__1__1.A__1.C.cif,1.A,1.A
ame:6pya__1__2.A__2.B,6pya__1__2.A__2.B,structures/ame/6pya__1__2.A__2.B.cif,2.A,2.A
ame:6pyb__1__1.A__1.B,6pyb__1__1.A__1.B,structures/ame/6pyb__1__1.A__1.B.cif,1.A,1.A
ame:6q6j__2__1.B__1.F,6q6j__2__1.B__1.F,structures/ame/6q6j__2__1.B__1.F.cif,1.B,1.B
ame:6q89__1__1.A__1.B,6q89__1__1.A__1.B,structures/ame/6q89__1__1.A__1.B.cif,1.A,1.A
ame:6q8a__1__1.A__1.B,6q8a__1__1.A__1.B,structures/ame/6q8a__1__1.A__1.B.cif,1.A,1.A
ame:6q8b__1__1.A__1.B,6q8b__1__1.A__1.B,structures/ame/6q8b__1__1.A__1.B.cif,1.A,1.A
ame:6q8c__1__1.A__1.B,6q8c__1__1.A__1.B,structures/ame/6q8c__1__1.A__1.B.cif,1.A,1.A
ame:6qba__1__1.A_1.B__1.C,6qba__1__1.A_1.B__1.C,structures/ame/6qba__1__1.A_1.B__1.C.cif,"1.A,1.B","1.A,1.B"
ame:6qgt__1__1.B__1.K,6qgt__1__1.B__1.K,structures/ame/6qgt__1__1.B__1.K.cif,1.B,1.B
ame:6qu3__1__1.D__1.O,6qu3__1__1.D__1.O,structures/ame/6qu3__1__1.D__1.O.cif,1.D,1.D
ame:6qu5__1__1.B__1.N,6qu5__1__1.B__1.N,structures/ame/6qu5__1__1.B__1.N.cif,1.B,1.B
ame:6qx6__1__1.A__1.C,6qx6__1__1.A__1.C,structures/ame/6qx6__1__1.A__1.C.cif,1.A,1.A
ame:6r1b__1__1.A__1.E,6r1b__1__1.A__1.E,structures/ame/6r1b__1__1.A__1.E.cif,1.A,1.A
ame:6r1v__1__1.A__1.B,6r1v__1__1.A__1.B,structures/ame/6r1v__1__1.A__1.B.cif,1.A,1.A
ame:6r3e__1__1.A__1.C,6r3e__1__1.A__1.C,structures/ame/6r3e__1__1.A__1.C.cif,1.A,1.A
ame:6r7d__1__1.A_1.C__1.M,6r7d__1__1.A_1.C__1.M,structures/ame/6r7d__1__1.A_1.C__1.M.cif,"1.A,1.C","1.A,1.C"
ame:6ra9__1__1.B__1.M,6ra9__1__1.B__1.M,structures/ame/6ra9__1__1.B__1.M.cif,1.B,1.B
ame:6rav__2__1.B__1.I,6rav__2__1.B__1.I,structures/ame/6rav__2__1.B__1.I.cif,1.B,1.B
ame:6rbo__1__1.A_4.A__4.C,6rbo__1__1.A_4.A__4.C,structures/ame/6rbo__1__1.A_4.A__4.C.cif,"1.A,4.A","1.A,4.A"
ame:6rbq__1__1.A_4.A__4.C,6rbq__1__1.A_4.A__4.C,structures/ame/6rbq__1__1.A_4.A__4.C.cif,"1.A,4.A","1.A,4.A"
ame:6rbv__1__1.A_4.A__1.C,6rbv__1__1.A_4.A__1.C,structures/ame/6rbv__1__1.A_4.A__1.C.cif,"1.A,4.A","1.A,4.A"
ame:6rbx__1__1.A_4.A__4.B,6rbx__1__1.A_4.A__4.B,structures/ame/6rbx__1__1.A_4.A__4.B.cif,"1.A,4.A","1.A,4.A"
ame:6rcf__1__1.A__1.B,6rcf__1__1.A__1.B,structures/ame/6rcf__1__1.A__1.B.cif,1.A,1.A
ame:6rcj__1__1.A__1.B,6rcj__1__1.A__1.B,structures/ame/6rcj__1__1.A__1.B.cif,1.A,1.A
ame:6rg6__1__1.A_4.A__1.C,6rg6__1__1.A_4.A__1.C,structures/ame/6rg6__1__1.A_4.A__1.C.cif,"1.A,4.A","1.A,4.A"
ame:6rg7__1__1.A_4.A__1.C,6rg7__1__1.A_4.A__1.C,structures/ame/6rg7__1__1.A_4.A__1.C.cif,"1.A,4.A","1.A,4.A"
ame:6rg8__1__1.A_4.A__4.B,6rg8__1__1.A_4.A__4.B,structures/ame/6rg8__1__1.A_4.A__4.B.cif,"1.A,4.A","1.A,4.A"
ame:6rg9__1__1.A_4.A__4.B,6rg9__1__1.A_4.A__4.B,structures/ame/6rg9__1__1.A_4.A__4.B.cif,"1.A,4.A","1.A,4.A"
ame:6rga__1__1.A_4.A__1.C,6rga__1__1.A_4.A__1.C,structures/ame/6rga__1__1.A_4.A__1.C.cif,"1.A,4.A","1.A,4.A"
ame:6rgc__1__1.A_4.A__4.C,6rgc__1__1.A_4.A__4.C,structures/ame/6rgc__1__1.A_4.A__4.C.cif,"1.A,4.A","1.A,4.A"
ame:6rgd__1__1.A_4.A__1.C,6rgd__1__1.A_4.A__1.C,structures/ame/6rgd__1__1.A_4.A__1.C.cif,"1.A,4.A","1.A,4.A"
ame:6rge__1__2.A_3.A__3.C,6rge__1__2.A_3.A__3.C,structures/ame/6rge__1__2.A_3.A__3.C.cif,"2.A,3.A","2.A,3.A"
ame:6rgf__1__1.A_4.A__1.C,6rgf__1__1.A_4.A__1.C,structures/ame/6rgf__1__1.A_4.A__1.C.cif,"1.A,4.A","1.A,4.A"
ame:6rje__1__1.A__1.B,6rje__1__1.A__1.B,structures/ame/6rje__1__1.A__1.B.cif,1.A,1.A
ame:6rn7__1__1.A_1.B_1.C__1.H,6rn7__1__1.A_1.B_1.C__1.H,structures/ame/6rn7__1__1.A_1.B_1.C__1.H.cif,"1.A,1.B,1.C","1.A,1.B,1.C"
ame:6rn9__1__1.A_1.B_1.C__1.H,6rn9__1__1.A_1.B_1.C__1.H,structures/ame/6rn9__1__1.A_1.B_1.C__1.H.cif,"1.A,1.B,1.C","1.A,1.B,1.C"
ame:6roh__1__1.A__1.E,6roh__1__1.A__1.E,structures/ame/6roh__1__1.A__1.E.cif,1.A,1.A
ame:6rt2__1__1.A__1.E,6rt2__1__1.A__1.E,structures/ame/6rt2__1__1.A__1.E.cif,1.A,1.A
ame:6rt8__3__1.F__1.Q,6rt8__3__1.F__1.Q,structures/ame/6rt8__3__1.F__1.Q.cif,1.F,1.F
ame:6rtv__2__1.B__1.H,6rtv__2__1.B__1.H,structures/ame/6rtv__2__1.B__1.H.cif,1.B,1.B
ame:6ru1__2__1.B__1.C,6ru1__2__1.B__1.C,structures/ame/6ru1__2__1.B__1.C.cif,1.B,1.B
ame:6ru1__2__1.B__1.I,6ru1__2__1.B__1.I,structures/ame/6ru1__2__1.B__1.I.cif,1.B,1.B
ame:6rv5__1__1.A__1.B,6rv5__1__1.A__1.B,structures/ame/6rv5__1__1.A__1.B.cif,1.A,1.A
ame:6rv7__1__1.A__1.D,6rv7__1__1.A__1.D,structures/ame/6rv7__1__1.A__1.D.cif,1.A,1.A
ame:6rv7__1__1.A__1.E,6rv7__1__1.A__1.E,structures/ame/6rv7__1__1.A__1.E.cif,1.A,1.A
ame:6rv7__2__1.B__1.C,6rv7__2__1.B__1.C,structures/ame/6rv7__2__1.B__1.C.cif,1.B,1.B
ame:6rv8__1__1.A__1.D,6rv8__1__1.A__1.D,structures/ame/6rv8__1__1.A__1.D.cif,1.A,1.A
ame:6rv8__1__1.A__1.E,6rv8__1__1.A__1.E,structures/ame/6rv8__1__1.A__1.E.cif,1.A,1.A
ame:6rv8__2__1.B__1.C,6rv8__2__1.B__1.C,structures/ame/6rv8__2__1.B__1.C.cif,1.B,1.B
ame:6rv9__1__1.A__1.D,6rv9__1__1.A__1.D,structures/ame/6rv9__1__1.A__1.D.cif,1.A,1.A
ame:6rv9__2__1.B__1.C,6rv9__2__1.B__1.C,structures/ame/6rv9__2__1.B__1.C.cif,1.B,1.B
ame:6s2k__2__1.B__1.C,6s2k__2__1.B__1.C,structures/ame/6s2k__2__1.B__1.C.cif,1.B,1.B
ame:6s3a__1__1.A__1.B,6s3a__1__1.A__1.B,structures/ame/6s3a__1__1.A__1.B.cif,1.A,1.A
ame:6s55__1__1.A__1.F,6s55__1__1.A__1.F,structures/ame/6s55__1__1.A__1.F.cif,1.A,1.A
ame:6s56__1__1.A__1.F,6s56__1__1.A__1.F,structures/ame/6s56__1__1.A__1.F.cif,1.A,1.A
ame:6s57__1__1.A__1.C,6s57__1__1.A__1.C,structures/ame/6s57__1__1.A__1.C.cif,1.A,1.A
ame:6s5j__1__1.A__1.B,6s5j__1__1.A__1.B,structures/ame/6s5j__1__1.A__1.B.cif,1.A,1.A
ame:6s5m__1__1.A__1.B,6s5m__1__1.A__1.B,structures/ame/6s5m__1__1.A__1.B.cif,1.A,1.A
ame:6s5q__1__1.A__1.B,6s5q__1__1.A__1.B,structures/ame/6s5q__1__1.A__1.B.cif,1.A,1.A
ame:6s5u__1__1.A__1.G,6s5u__1__1.A__1.G,structures/ame/6s5u__1__1.A__1.G.cif,1.A,1.A
ame:6s6r__1__1.A__1.E,6s6r__1__1.A__1.E,structures/ame/6s6r__1__1.A__1.E.cif,1.A,1.A
ame:6sgh__1__1.A__1.B,6sgh__1__1.A__1.B,structures/ame/6sgh__1__1.A__1.B.cif,1.A,1.A
ame:6sgi__1__1.A__1.B,6sgi__1__1.A__1.B,structures/ame/6sgi__1__1.A__1.B.cif,1.A,1.A
ame:6sgk__1__1.A__1.B,6sgk__1__1.A__1.B,structures/ame/6sgk__1__1.A__1.B.cif,1.A,1.A
ame:6sjy__2__1.C_2.B__2.G,6sjy__2__1.C_2.B__2.G,structures/ame/6sjy__2__1.C_2.B__2.G.cif,"1.C,2.B","1.C,2.B"
ame:6sk9__1__1.A__1.B,6sk9__1__1.A__1.B,structures/ame/6sk9__1__1.A__1.B.cif,1.A,1.A
ame:6slr__1__1.A_1.C__1.G,6slr__1__1.A_1.C__1.G,structures/ame/6slr__1__1.A_1.C__1.G.cif,"1.C,1.A","1.C,1.A"
ame:6spt__1__1.A__1.B,6spt__1__1.A__1.B,structures/ame/6spt__1__1.A__1.B.cif,1.A,1.A
ame:6srn__1__2.A__2.B,6srn__1__2.A__2.B,structures/ame/6srn__1__2.A__2.B.cif,2.A,2.A
ame:6ssy__2__1.B__1.I,6ssy__2__1.B__1.I,structures/ame/6ssy__2__1.B__1.I.cif,1.B,1.B
ame:6st0__2__1.B__1.N,6st0__2__1.B__1.N,structures/ame/6st0__2__1.B__1.N.cif,1.B,1.B
ame:6std__1__1.A__1.F,6std__1__1.A__1.F,structures/ame/6std__1__1.A__1.F.cif,1.A,1.A
ame:6sun__1__1.A__1.E,6sun__1__1.A__1.E,structures/ame/6sun__1__1.A__1.E.cif,1.A,1.A
ame:6sxr__1__1.A__1.F,6sxr__1__1.A__1.F,structures/ame/6sxr__1__1.A__1.F.cif,1.A,1.A
ame:6sxt__1__1.A__1.G,6sxt__1__1.A__1.G,structures/ame/6sxt__1__1.A__1.G.cif,1.A,1.A
ame:6sxu__1__1.A__1.C,6sxu__1__1.A__1.C,structures/ame/6sxu__1__1.A__1.C.cif,1.A,1.A
ame:6syz__2__1.B__1.F,6syz__2__1.B__1.F,structures/ame/6syz__2__1.B__1.F.cif,1.B,1.B
ame:6sz1__2__1.B__1.E,6sz1__2__1.B__1.E,structures/ame/6sz1__2__1.B__1.E.cif,1.B,1.B
ame:6sz2__2__1.B__1.E,6sz2__2__1.B__1.E,structures/ame/6sz2__2__1.B__1.E.cif,1.B,1.B
ame:6sz3__2__1.B__1.D,6sz3__2__1.B__1.D,structures/ame/6sz3__2__1.B__1.D.cif,1.B,1.B
ame:6sz8__2__1.B__1.E,6sz8__2__1.B__1.E,structures/ame/6sz8__2__1.B__1.E.cif,1.B,1.B
ame:6szl__2__1.B__1.I,6szl__2__1.B__1.I,structures/ame/6szl__2__1.B__1.I.cif,1.B,1.B
ame:6szn__2__1.B__1.I,6szn__2__1.B__1.I,structures/ame/6szn__2__1.B__1.I.cif,1.B,1.B
ame:6szp__1__1.A__1.B,6szp__1__1.A__1.B,structures/ame/6szp__1__1.A__1.B.cif,1.A,1.A
ame:6szr__2__1.B__1.F,6szr__2__1.B__1.F,structures/ame/6szr__2__1.B__1.F.cif,1.B,1.B
ame:6szt__1__1.A__1.C,6szt__1__1.A__1.C,structures/ame/6szt__1__1.A__1.C.cif,1.A,1.A
ame:6szx__2__1.B__1.G,6szx__2__1.B__1.G,structures/ame/6szx__2__1.B__1.G.cif,1.B,1.B
ame:6szy__2__1.B__1.E,6szy__2__1.B__1.E,structures/ame/6szy__2__1.B__1.E.cif,1.B,1.B
ame:6t01__1__1.A__1.C,6t01__1__1.A__1.C,structures/ame/6t01__1__1.A__1.C.cif,1.A,1.A
ame:6t02__1__1.A__1.D,6t02__1__1.A__1.D,structures/ame/6t02__1__1.A__1.D.cif,1.A,1.A
ame:6t05__2__1.B__1.J,6t05__2__1.B__1.J,structures/ame/6t05__2__1.B__1.J.cif,1.B,1.B
ame:6t06__2__1.B__1.E,6t06__2__1.B__1.E,structures/ame/6t06__2__1.B__1.E.cif,1.B,1.B
ame:6t08__2__1.B__1.F,6t08__2__1.B__1.F,structures/ame/6t08__2__1.B__1.F.cif,1.B,1.B
ame:6t09__1__1.A__1.C,6t09__1__1.A__1.C,structures/ame/6t09__1__1.A__1.C.cif,1.A,1.A
ame:6t0a__1__1.A__1.C,6t0a__1__1.A__1.C,structures/ame/6t0a__1__1.A__1.C.cif,1.A,1.A
ame:6t0c__2__1.B__1.G,6t0c__2__1.B__1.G,structures/ame/6t0c__2__1.B__1.G.cif,1.B,1.B
ame:6t0d__1__1.A__1.C,6t0d__1__1.A__1.C,structures/ame/6t0d__1__1.A__1.C.cif,1.A,1.A
ame:6t0x__1__1.A__1.C,6t0x__1__1.A__1.C,structures/ame/6t0x__1__1.A__1.C.cif,1.A,1.A
ame:6t0z__1__1.A__1.C,6t0z__1__1.A__1.C,structures/ame/6t0z__1__1.A__1.C.cif,1.A,1.A
ame:6t10__1__1.A__1.C,6t10__1__1.A__1.C,structures/ame/6t10__1__1.A__1.C.cif,1.A,1.A
ame:6t11__2__1.B__1.H,6t11__2__1.B__1.H,structures/ame/6t11__2__1.B__1.H.cif,1.B,1.B
ame:6t12__1__1.A__1.C,6t12__1__1.A__1.C,structures/ame/6t12__1__1.A__1.C.cif,1.A,1.A
ame:6t3w__1__1.A__1.G,6t3w__1__1.A__1.G,structures/ame/6t3w__1__1.A__1.G.cif,1.A,1.A
ame:6t5i__1__1.A__1.C,6t5i__1__1.A__1.C,structures/ame/6t5i__1__1.A__1.C.cif,1.A,1.A
ame:6t6x__1__1.A__1.B,6t6x__1__1.A__1.B,structures/ame/6t6x__1__1.A__1.B.cif,1.A,1.A
ame:6t6y__1__1.A__1.B,6t6y__1__1.A__1.B,structures/ame/6t6y__1__1.A__1.B.cif,1.A,1.A
ame:6t6z__1__1.A__1.B,6t6z__1__1.A__1.B,structures/ame/6t6z__1__1.A__1.B.cif,1.A,1.A
ame:6t70__1__1.A__1.G,6t70__1__1.A__1.G,structures/ame/6t70__1__1.A__1.G.cif,1.A,1.A
ame:6t75__2__1.F__1.Q,6t75__2__1.F__1.Q,structures/ame/6t75__2__1.F__1.Q.cif,1.F,1.F
ame:6t7g__2__1.F__1.GA,6t7g__2__1.F__1.GA,structures/ame/6t7g__2__1.F__1.GA.cif,1.F,1.F
ame:6t8p__1__1.A__1.E,6t8p__1__1.A__1.E,structures/ame/6t8p__1__1.A__1.E.cif,1.A,1.A
ame:6t8v__1__1.A__1.E,6t8v__1__1.A__1.E,structures/ame/6t8v__1__1.A__1.E.cif,1.A,1.A
ame:6t8w__2__1.B__1.K,6t8w__2__1.B__1.K,structures/ame/6t8w__2__1.B__1.K.cif,1.B,1.B
ame:6t8x__1__1.E_1.F__1.X,6t8x__1__1.E_1.F__1.X,structures/ame/6t8x__1__1.E_1.F__1.X.cif,"1.E,1.F","1.E,1.F"
ame:6t8x__1__1.F__1.V,6t8x__1__1.F__1.V,structures/ame/6t8x__1__1.F__1.V.cif,1.F,1.F
ame:6te6__1__1.A__1.C,6te6__1__1.A__1.C,structures/ame/6te6__1__1.A__1.C.cif,1.A,1.A
ame:6tel__1__1.A__1.C,6tel__1__1.A__1.C,structures/ame/6tel__1__1.A__1.C.cif,1.A,1.A
ame:6ten__1__1.A__1.C,6ten__1__1.A__1.C,structures/ame/6ten__1__1.A__1.C.cif,1.A,1.A
ame:6tfb__2__1.B__1.G,6tfb__2__1.B__1.G,structures/ame/6tfb__2__1.B__1.G.cif,1.B,1.B
ame:6tg2__2__1.B__1.L,6tg2__2__1.B__1.L,structures/ame/6tg2__2__1.B__1.L.cif,1.B,1.B
ame:6tg3__1__1.A__1.E,6tg3__1__1.A__1.E,structures/ame/6tg3__1__1.A__1.E.cif,1.A,1.A
ame:6tid__1__2.A_3.A__3.B,6tid__1__2.A_3.A__3.B,structures/ame/6tid__1__2.A_3.A__3.B.cif,"2.A,3.A","2.A,3.A"
ame:6tig__1__1.A_1.B__1.E,6tig__1__1.A_1.B__1.E,structures/ame/6tig__1__1.A_1.B__1.E.cif,"1.A,1.B","1.A,1.B"
ame:6tig__1__1.A_1.C__1.D,6tig__1__1.A_1.C__1.D,structures/ame/6tig__1__1.A_1.C__1.D.cif,"1.A,1.C","1.A,1.C"
ame:6top__4__1.D__1.K,6top__4__1.D__1.K,structures/ame/6top__4__1.D__1.K.cif,1.D,1.D
ame:6tpa__1__1.B__1.S,6tpa__1__1.B__1.S,structures/ame/6tpa__1__1.B__1.S.cif,1.B,1.B
ame:6trx__2__2.B__2.I,6trx__2__2.B__2.I,structures/ame/6trx__2__2.B__2.I.cif,2.B,2.B
ame:6tuh__4__1.D__1.M,6tuh__4__1.D__1.M,structures/ame/6tuh__4__1.D__1.M.cif,1.D,1.D
ame:6tv0__1__1.A_1.C_1.G_1.I__1.Q,6tv0__1__1.A_1.C_1.G_1.I__1.Q,structures/ame/6tv0__1__1.A_1.C_1.G_1.I__1.Q.cif,"1.A,1.C,1.G,1.I","1.A,1.C,1.G,1.I"
ame:6uel__1__1.A__1.D,6uel__1__1.A__1.D,structures/ame/6uel__1__1.A__1.D.cif,1.A,1.A
ame:6uh4__1__1.B__1.E,6uh4__1__1.B__1.E,structures/ame/6uh4__1__1.B__1.E.cif,1.B,1.B
ame:6ukd__1__1.A__1.B,6ukd__1__1.A__1.B,structures/ame/6ukd__1__1.A__1.B.cif,1.A,1.A
ame:6ulb__1__2.A__2.C,6ulb__1__2.A__2.C,structures/ame/6ulb__1__2.A__2.C.cif,2.A,2.A
ame:6unm__1__1.B__1.E,6unm__1__1.B__1.E,structures/ame/6unm__1__1.B__1.E.cif,1.B,1.B
ame:6uox__1__1.A__1.B,6uox__1__1.A__1.B,structures/ame/6uox__1__1.A__1.B.cif,1.A,1.A
ame:6uox__1__1.A__1.C,6uox__1__1.A__1.C,structures/ame/6uox__1__1.A__1.C.cif,1.A,1.A
ame:6uox__1__1.A__1.K,6uox__1__1.A__1.K,structures/ame/6uox__1__1.A__1.K.cif,1.A,1.A
ame:6uox__1__1.A__1.L,6uox__1__1.A__1.L,structures/ame/6uox__1__1.A__1.L.cif,1.A,1.A
ame:6uqd__1__1.A__1.C,6uqd__1__1.A__1.C,structures/ame/6uqd__1__1.A__1.C.cif,1.A,1.A
ame:6uqy__2__1.B__1.E,6uqy__2__1.B__1.E,structures/ame/6uqy__2__1.B__1.E.cif,1.B,1.B
ame:6ur0__2__1.B__1.E,6ur0__2__1.B__1.E,structures/ame/6ur0__2__1.B__1.E.cif,1.B,1.B
ame:6uuy__2__1.B__1.F,6uuy__2__1.B__1.F,structures/ame/6uuy__2__1.B__1.F.cif,1.B,1.B
ame:6ux9__1__1.B__1.D,6ux9__1__1.B__1.D,structures/ame/6ux9__1__1.B__1.D.cif,1.B,1.B
ame:6v2t__1__1.B__1.G,6v2t__1__1.B__1.G,structures/ame/6v2t__1__1.B__1.G.cif,1.B,1.B
ame:6v2t__1__1.B__1.H,6v2t__1__1.B__1.H,structures/ame/6v2t__1__1.B__1.H.cif,1.B,1.B
ame:6v52__1__1.B__1.D,6v52__1__1.B__1.D,structures/ame/6v52__1__1.B__1.D.cif,1.B,1.B
ame:6veo__1__1.A__1.D,6veo__1__1.A__1.D,structures/ame/6veo__1__1.A__1.D.cif,1.A,1.A
ame:6vgc__1__1.A_1.C__1.G,6vgc__1__1.A_1.C__1.G,structures/ame/6vgc__1__1.A_1.C__1.G.cif,"1.C,1.A","1.C,1.A"
ame:6vgi__1__1.A_1.E__1.N,6vgi__1__1.A_1.E__1.N,structures/ame/6vgi__1__1.A_1.E__1.N.cif,"1.E,1.A","1.E,1.A"
ame:6vhd__1__1.C__1.G,6vhd__1__1.C__1.G,structures/ame/6vhd__1__1.C__1.G.cif,1.C,1.C
ame:6vhe__1__1.D__1.H,6vhe__1__1.D__1.H,structures/ame/6vhe__1__1.D__1.H.cif,1.D,1.D
ame:6vhw__1__1.A__1.C,6vhw__1__1.A__1.C,structures/ame/6vhw__1__1.A__1.C.cif,1.A,1.A
ame:6vhx__3__1.B__1.J,6vhx__3__1.B__1.J,structures/ame/6vhx__3__1.B__1.J.cif,1.B,1.B
ame:6vhz__1__1.A__1.C,6vhz__1__1.A__1.C,structures/ame/6vhz__1__1.A__1.C.cif,1.A,1.A
ame:6vi9__1__1.A__1.C,6vi9__1__1.A__1.C,structures/ame/6vi9__1__1.A__1.C.cif,1.A,1.A
ame:6vkk__4__1.D__1.R,6vkk__4__1.D__1.R,structures/ame/6vkk__4__1.D__1.R.cif,1.D,1.D
ame:6vko__4__1.D__1.Q,6vko__4__1.D__1.Q,structures/ame/6vko__4__1.D__1.Q.cif,1.D,1.D
ame:6vkq__3__1.C__1.M,6vkq__3__1.C__1.M,structures/ame/6vkq__3__1.C__1.M.cif,1.C,1.C
ame:6vl4__1__1.A_2.A__1.B,6vl4__1__1.A_2.A__1.B,structures/ame/6vl4__1__1.A_2.A__1.B.cif,"1.A,2.A","1.A,2.A"
ame:6vru__1__1.A__1.C,6vru__1__1.A__1.C,structures/ame/6vru__1__1.A__1.C.cif,1.A,1.A
ame:6vw4__1__3.A__3.C,6vw4__1__3.A__3.C,structures/ame/6vw4__1__3.A__3.C.cif,3.A,3.A
ame:6vwe__1__1.A__1.C,6vwe__1__1.A__1.C,structures/ame/6vwe__1__1.A__1.C.cif,1.A,1.A
ame:6vxj__1__1.A_1.B__1.D,6vxj__1__1.A_1.B__1.D,structures/ame/6vxj__1__1.A_1.B__1.D.cif,"1.A,1.B","1.A,1.B"
ame:6vzu__3__1.C__1.X,6vzu__3__1.C__1.X,structures/ame/6vzu__3__1.C__1.X.cif,1.C,1.C
ame:6vzv__4__1.D__1.DB,6vzv__4__1.D__1.DB,structures/ame/6vzv__4__1.D__1.DB.cif,1.D,1.D
ame:6w0m__1__1.A__1.F,6w0m__1__1.A__1.F,structures/ame/6w0m__1__1.A__1.F.cif,1.A,1.A
ame:6w2j__2__1.B__1.F,6w2j__2__1.B__1.F,structures/ame/6w2j__2__1.B__1.F.cif,1.B,1.B
ame:6w65__1__1.A__1.D,6w65__1__1.A__1.D,structures/ame/6w65__1__1.A__1.D.cif,1.A,1.A
ame:6w6q__1__1.A_1.B__1.C,6w6q__1__1.A_1.B__1.C,structures/ame/6w6q__1__1.A_1.B__1.C.cif,"1.A,1.B","1.A,1.B"
ame:6w6r__1__1.A_1.B__1.C,6w6r__1__1.A_1.B__1.C,structures/ame/6w6r__1__1.A_1.B__1.C.cif,"1.A,1.B","1.A,1.B"
ame:6w6s__1__1.A_1.B__1.C,6w6s__1__1.A_1.B__1.C,structures/ame/6w6s__1__1.A_1.B__1.C.cif,"1.A,1.B","1.A,1.B"
ame:6w70__1__1.A__1.E,6w70__1__1.A__1.E,structures/ame/6w70__1__1.A__1.E.cif,1.A,1.A
ame:6wcx__2__1.B__1.F,6wcx__2__1.B__1.F,structures/ame/6wcx__2__1.B__1.F.cif,1.B,1.B
ame:6wf4__1__1.A__1.B,6wf4__1__1.A__1.B,structures/ame/6wf4__1__1.A__1.B.cif,1.A,1.A
ame:6wj6__1__1.A_1.H__1.AC,6wj6__1__1.A_1.H__1.AC,structures/ame/6wj6__1__1.A_1.H__1.AC.cif,"1.A,1.H","1.A,1.H"
ame:6wjy__2__1.B__1.D,6wjy__2__1.B__1.D,structures/ame/6wjy__2__1.B__1.D.cif,1.B,1.B
ame:6wk8__1__1.A_1.B__1.E,6wk8__1__1.A_1.B__1.E,structures/ame/6wk8__1__1.A_1.B__1.E.cif,"1.A,1.B","1.A,1.B"
ame:6wlw__1__1.E_1.L__1.PA,6wlw__1__1.E_1.L__1.PA,structures/ame/6wlw__1__1.E_1.L__1.PA.cif,"1.E,1.L","1.E,1.L"
ame:6wm2__1__1.I_1.Y__1.SA,6wm2__1__1.I_1.Y__1.SA,structures/ame/6wm2__1__1.I_1.Y__1.SA.cif,"1.I,1.Y","1.I,1.Y"
ame:6wnb__1__1.C__1.BA,6wnb__1__1.C__1.BA,structures/ame/6wnb__1__1.C__1.BA.cif,1.C,1.C
ame:6wnd__1__1.A__1.I,6wnd__1__1.A__1.I,structures/ame/6wnd__1__1.A__1.I.cif,1.A,1.A
ame:6wnh__1__1.A__1.E,6wnh__1__1.A__1.E,structures/ame/6wnh__1__1.A__1.E.cif,1.A,1.A
ame:6wp9__4__1.H__1.P,6wp9__4__1.H__1.P,structures/ame/6wp9__4__1.H__1.P.cif,1.H,1.H
ame:6wpe__1__1.A__1.C,6wpe__1__1.A__1.C,structures/ame/6wpe__1__1.A__1.C.cif,1.A,1.A
ame:6wqe__1__1.A__1.B,6wqe__1__1.A__1.B,structures/ame/6wqe__1__1.A__1.B.cif,1.A,1.A
ame:6x1y__1__1.A__1.D,6x1y__1__1.A__1.D,structures/ame/6x1y__1__1.A__1.D.cif,1.A,1.A
ame:6x3l__1__1.A__1.C,6x3l__1__1.A__1.C,structures/ame/6x3l__1__1.A__1.C.cif,1.A,1.A
ame:6x3l__1__1.A__1.D,6x3l__1__1.A__1.D,structures/ame/6x3l__1__1.A__1.D.cif,1.A,1.A
ame:6x4h__1__1.A__1.C,6x4h__1__1.A__1.C,structures/ame/6x4h__1__1.A__1.C.cif,1.A,1.A
ame:6x4h__1__1.A__1.D,6x4h__1__1.A__1.D,structures/ame/6x4h__1__1.A__1.D.cif,1.A,1.A
ame:6x5y__1__1.A__1.C,6x5y__1__1.A__1.C,structures/ame/6x5y__1__1.A__1.C.cif,1.A,1.A
ame:6xol__1__1.A__1.B,6xol__1__1.A__1.B,structures/ame/6xol__1__1.A__1.B.cif,1.A,1.A
ame:6xom__1__1.A__1.C,6xom__1__1.A__1.C,structures/ame/6xom__1__1.A__1.C.cif,1.A,1.A
ame:6xon__1__1.A__1.B,6xon__1__1.A__1.B,structures/ame/6xon__1__1.A__1.B.cif,1.A,1.A
ame:6xop__1__1.A__1.B,6xop__1__1.A__1.B,structures/ame/6xop__1__1.A__1.B.cif,1.A,1.A
ame:6xoq__1__1.A__1.B,6xoq__1__1.A__1.B,structures/ame/6xoq__1__1.A__1.B.cif,1.A,1.A
ame:6xvw__2__1.B__1.R,6xvw__2__1.B__1.R,structures/ame/6xvw__2__1.B__1.R.cif,1.B,1.B
ame:6yb4__1__1.A__1.G,6yb4__1__1.A__1.G,structures/ame/6yb4__1__1.A__1.G.cif,1.A,1.A
ame:6ydv__1__1.A__1.C,6ydv__1__1.A__1.C,structures/ame/6ydv__1__1.A__1.C.cif,1.A,1.A
ame:6ye0__1__1.A__1.F,6ye0__1__1.A__1.F,structures/ame/6ye0__1__1.A__1.F.cif,1.A,1.A
ame:6ye0__2__1.B__1.I,6ye0__2__1.B__1.I,structures/ame/6ye0__2__1.B__1.I.cif,1.B,1.B
ame:6ye0__2__1.B__1.J,6ye0__2__1.B__1.J,structures/ame/6ye0__2__1.B__1.J.cif,1.B,1.B
ame:6ye6__1__1.A__1.E,6ye6__1__1.A__1.E,structures/ame/6ye6__1__1.A__1.E.cif,1.A,1.A
ame:6ye6__1__1.A__1.J,6ye6__1__1.A__1.J,structures/ame/6ye6__1__1.A__1.J.cif,1.A,1.A
ame:6ye6__2__1.B__1.S,6ye6__2__1.B__1.S,structures/ame/6ye6__2__1.B__1.S.cif,1.B,1.B
ame:6ye7__2__1.B__1.CA,6ye7__2__1.B__1.CA,structures/ame/6ye7__2__1.B__1.CA.cif,1.B,1.B
ame:6ye8__1__1.A__1.G,6ye8__1__1.A__1.G,structures/ame/6ye8__1__1.A__1.G.cif,1.A,1.A
ame:6ye8__2__1.B__1.L,6ye8__2__1.B__1.L,structures/ame/6ye8__2__1.B__1.L.cif,1.B,1.B
ame:6yi7__1__1.A__1.D,6yi7__1__1.A__1.D,structures/ame/6yi7__1__1.A__1.D.cif,1.A,1.A
ame:6yiz__1__1.A_1.B__1.C,6yiz__1__1.A_1.B__1.C,structures/ame/6yiz__1__1.A_1.B__1.C.cif,"1.A,1.B","1.A,1.B"
ame:6yiz__1__1.A_1.B__1.G,6yiz__1__1.A_1.B__1.G,structures/ame/6yiz__1__1.A_1.B__1.G.cif,"1.A,1.B","1.A,1.B"
ame:6ykd__1__1.A__1.B,6ykd__1__1.A__1.B,structures/ame/6ykd__1__1.A__1.B.cif,1.A,1.A
ame:6yki__2__1.B__1.H,6yki__2__1.B__1.H,structures/ame/6yki__2__1.B__1.H.cif,1.B,1.B
ame:6ykj__1__1.A__1.E,6ykj__1__1.A__1.E,structures/ame/6ykj__1__1.A__1.E.cif,1.A,1.A
ame:6ykk__1__1.A__1.B,6ykk__1__1.A__1.B,structures/ame/6ykk__1__1.A__1.B.cif,1.A,1.A
ame:6ykl__1__1.A__1.B,6ykl__1__1.A__1.B,structures/ame/6ykl__1__1.A__1.B.cif,1.A,1.A
ame:6ykn__1__1.A__1.C,6ykn__1__1.A__1.C,structures/ame/6ykn__1__1.A__1.C.cif,1.A,1.A
ame:6yko__1__1.A__1.B,6yko__1__1.A__1.B,structures/ame/6yko__1__1.A__1.B.cif,1.A,1.A
ame:6ykq__1__1.A__1.B,6ykq__1__1.A__1.B,structures/ame/6ykq__1__1.A__1.B.cif,1.A,1.A
ame:6yks__1__1.A__1.B,6yks__1__1.A__1.B,structures/ame/6yks__1__1.A__1.B.cif,1.A,1.A
ame:6ykt__1__1.A__1.B,6ykt__1__1.A__1.B,structures/ame/6ykt__1__1.A__1.B.cif,1.A,1.A
ame:6yku__1__1.A__1.C,6yku__1__1.A__1.C,structures/ame/6yku__1__1.A__1.C.cif,1.A,1.A
ame:6ykv__1__1.A__1.B,6ykv__1__1.A__1.B,structures/ame/6ykv__1__1.A__1.B.cif,1.A,1.A
ame:6ykw__1__1.A__1.D,6ykw__1__1.A__1.D,structures/ame/6ykw__1__1.A__1.D.cif,1.A,1.A
ame:6ykx__1__1.A__1.B,6ykx__1__1.A__1.B,structures/ame/6ykx__1__1.A__1.B.cif,1.A,1.A
ame:6ykz__2__1.B__1.H,6ykz__2__1.B__1.H,structures/ame/6ykz__2__1.B__1.H.cif,1.B,1.B
ame:6yl0__1__1.A__1.C,6yl0__1__1.A__1.C,structures/ame/6yl0__1__1.A__1.C.cif,1.A,1.A
ame:6yl0__2__1.B__1.J,6yl0__2__1.B__1.J,structures/ame/6yl0__2__1.B__1.J.cif,1.B,1.B
ame:6yl4__1__1.A__1.B,6yl4__1__1.A__1.B,structures/ame/6yl4__1__1.A__1.B.cif,1.A,1.A
ame:6yl9__2__1.B__1.F,6yl9__2__1.B__1.F,structures/ame/6yl9__2__1.B__1.F.cif,1.B,1.B
ame:6ym4__1__1.B__1.F,6ym4__1__1.B__1.F,structures/ame/6ym4__1__1.B__1.F.cif,1.B,1.B
ame:6ym8__2__1.B__1.E,6ym8__2__1.B__1.E,structures/ame/6ym8__2__1.B__1.E.cif,1.B,1.B
ame:6yn0__1__1.A__1.C,6yn0__1__1.A__1.C,structures/ame/6yn0__1__1.A__1.C.cif,1.A,1.A
ame:6yn8__1__1.A__1.B,6yn8__1__1.A__1.B,structures/ame/6yn8__1__1.A__1.B.cif,1.A,1.A
ame:6yn9__1__1.A__1.B,6yn9__1__1.A__1.B,structures/ame/6yn9__1__1.A__1.B.cif,1.A,1.A
ame:6yni__2__1.B__1.N,6yni__2__1.B__1.N,structures/ame/6yni__2__1.B__1.N.cif,1.B,1.B
ame:6ynj__1__1.A__1.D,6ynj__1__1.A__1.D,structures/ame/6ynj__1__1.A__1.D.cif,1.A,1.A
ame:6ynk__2__1.B__1.G,6ynk__2__1.B__1.G,structures/ame/6ynk__2__1.B__1.G.cif,1.B,1.B
ame:6ynm__2__1.B__1.H,6ynm__2__1.B__1.H,structures/ame/6ynm__2__1.B__1.H.cif,1.B,1.B
ame:6ynn__1__1.A__1.C,6ynn__1__1.A__1.C,structures/ame/6ynn__1__1.A__1.C.cif,1.A,1.A
ame:6yno__2__1.B__1.J,6yno__2__1.B__1.J,structures/ame/6yno__2__1.B__1.J.cif,1.B,1.B
ame:6ynp__1__1.A__1.C,6ynp__1__1.A__1.C,structures/ame/6ynp__1__1.A__1.C.cif,1.A,1.A
ame:6ynp__2__1.B__1.H,6ynp__2__1.B__1.H,structures/ame/6ynp__2__1.B__1.H.cif,1.B,1.B
ame:6yuh__1__1.A__1.D,6yuh__1__1.A__1.D,structures/ame/6yuh__1__1.A__1.D.cif,1.A,1.A
ame:6yyg__4__1.D__1.K,6yyg__4__1.D__1.K,structures/ame/6yyg__4__1.D__1.K.cif,1.D,1.D
ame:6z10__1__1.A__1.C,6z10__1__1.A__1.C,structures/ame/6z10__1__1.A__1.C.cif,1.A,1.A
ame:6z14__1__1.A__1.D,6z14__1__1.A__1.D,structures/ame/6z14__1__1.A__1.D.cif,1.A,1.A
ame:6z17__1__1.A__1.B,6z17__1__1.A__1.B,structures/ame/6z17__1__1.A__1.B.cif,1.A,1.A
ame:6z2c__1__1.A__1.D,6z2c__1__1.A__1.D,structures/ame/6z2c__1__1.A__1.D.cif,1.A,1.A
ame:6z57__1__1.A__1.B,6z57__1__1.A__1.B,structures/ame/6z57__1__1.A__1.B.cif,1.A,1.A
ame:6z5a__1__1.A__1.H,6z5a__1__1.A__1.H,structures/ame/6z5a__1__1.A__1.H.cif,1.A,1.A
ame:6z5c__1__1.A__1.F,6z5c__1__1.A__1.F,structures/ame/6z5c__1__1.A__1.F.cif,1.A,1.A
ame:6z5e__1__1.A__1.G,6z5e__1__1.A__1.G,structures/ame/6z5e__1__1.A__1.G.cif,1.A,1.A
ame:6z61__1__2.A_3.A__2.C,6z61__1__2.A_3.A__2.C,structures/ame/6z61__1__2.A_3.A__2.C.cif,"2.A,3.A","2.A,3.A"
ame:6z64__1__1.A_4.A__4.C,6z64__1__1.A_4.A__4.C,structures/ame/6z64__1__1.A_4.A__4.C.cif,"1.A,4.A","1.A,4.A"
ame:6z65__1__1.A_4.A__1.C,6z65__1__1.A_4.A__1.C,structures/ame/6z65__1__1.A_4.A__1.C.cif,"1.A,4.A","1.A,4.A"
ame:6z6c__1__1.A__1.E,6z6c__1__1.A__1.E,structures/ame/6z6c__1__1.A__1.E.cif,1.A,1.A
ame:6z7p__1__1.A__1.B,6z7p__1__1.A__1.B,structures/ame/6z7p__1__1.A__1.B.cif,1.A,1.A
ame:6zcm__1__1.A__1.C,6zcm__1__1.A__1.C,structures/ame/6zcm__1__1.A__1.C.cif,1.A,1.A
ame:6ze1__1__1.A__1.C,6ze1__1__1.A__1.C,structures/ame/6ze1__1__1.A__1.C.cif,1.A,1.A
ame:6zkl__1__1.D_1.F__1.BB,6zkl__1__1.D_1.F__1.BB,structures/ame/6zkl__1__1.D_1.F__1.BB.cif,"1.D,1.F","1.D,1.F"
ame:6zkm__1__1.M_1.N__1.QB,6zkm__1__1.M_1.N__1.QB,structures/ame/6zkm__1__1.M_1.N__1.QB.cif,"1.M,1.N","1.M,1.N"
ame:6zkn__1__1.D_1.F__1.BB,6zkn__1__1.D_1.F__1.BB,structures/ame/6zkn__1__1.D_1.F__1.BB.cif,"1.D,1.F","1.D,1.F"
ame:6zn6__1__1.A__1.C,6zn6__1__1.A__1.C,structures/ame/6zn6__1__1.A__1.C.cif,1.A,1.A
ame:6znv__1__1.A__1.B,6znv__1__1.A__1.B,structures/ame/6znv__1__1.A__1.B.cif,1.A,1.A
ame:6zs2__2__1.B__1.E,6zs2__2__1.B__1.E,structures/ame/6zs2__2__1.B__1.E.cif,1.B,1.B
ame:6ztu__1__1.A__1.B,6ztu__1__1.A__1.B,structures/ame/6ztu__1__1.A__1.B.cif,1.A,1.A
ame:6zxg__1__1.AA_1.EA__1.KF,6zxg__1__1.AA_1.EA__1.KF,structures/ame/6zxg__1__1.AA_1.EA__1.KF.cif,"1.AA,1.EA","1.AA,1.EA"
ame:6zy6__1__1.B__1.G,6zy6__1__1.B__1.G,structures/ame/6zy6__1__1.B__1.G.cif,1.B,1.B
ame:6zy8__1__1.B__1.I,6zy8__1__1.B__1.I,structures/ame/6zy8__1__1.B__1.I.cif,1.B,1.B
ame:6zz1__1__1.A__1.C,6zz1__1__1.A__1.C,structures/ame/6zz1__1__1.A__1.C.cif,1.A,1.A
ame:7a0p__1__1.A__1.F,7a0p__1__1.A__1.F,structures/ame/7a0p__1__1.A__1.F.cif,1.A,1.A
ame:7a3i__2__1.B_1.C__1.I,7a3i__2__1.B_1.C__1.I,structures/ame/7a3i__2__1.B_1.C__1.I.cif,"1.B,1.C","1.B,1.C"
ame:7a41__1__1.B__1.E,7a41__1__1.B__1.E,structures/ame/7a41__1__1.B__1.E.cif,1.B,1.B
ame:7a7g__1__1.A__1.C,7a7g__1__1.A__1.C,structures/ame/7a7g__1__1.A__1.C.cif,1.A,1.A
ame:7aab__1__1.A__1.C,7aab__1__1.A__1.C,structures/ame/7aab__1__1.A__1.C.cif,1.A,1.A
ame:7aac__1__1.A__1.C,7aac__1__1.A__1.C,structures/ame/7aac__1__1.A__1.C.cif,1.A,1.A
ame:7aad__1__1.A__1.C,7aad__1__1.A__1.C,structures/ame/7aad__1__1.A__1.C.cif,1.A,1.A
ame:7abw__2__1.B__1.K,7abw__2__1.B__1.K,structures/ame/7abw__2__1.B__1.K.cif,1.B,1.B
ame:7abw__2__1.B__1.N,7abw__2__1.B__1.N,structures/ame/7abw__2__1.B__1.N.cif,1.B,1.B
ame:7acd__1__1.A__1.C,7acd__1__1.A__1.C,structures/ame/7acd__1__1.A__1.C.cif,1.A,1.A
ame:7ak0__1__1.B__1.D,7ak0__1__1.B__1.D,structures/ame/7ak0__1__1.B__1.D.cif,1.B,1.B
ame:7ak1__1__1.A__1.B,7ak1__1__1.A__1.B,structures/ame/7ak1__1__1.A__1.B.cif,1.A,1.A
ame:7aki__1__1.A__1.D,7aki__1__1.A__1.D,structures/ame/7aki__1__1.A__1.D.cif,1.A,1.A
ame:7ala__1__1.C_1.D_1.G__1.R,7ala__1__1.C_1.D_1.G__1.R,structures/ame/7ala__1__1.C_1.D_1.G__1.R.cif,"1.C,1.D,1.G","1.C,1.D,1.G"
ame:7ap2__1__1.A__1.D,7ap2__1__1.A__1.D,structures/ame/7ap2__1__1.A__1.D.cif,1.A,1.A
ame:7aud__4__1.C__1.W,7aud__4__1.C__1.W,structures/ame/7aud__4__1.C__1.W.cif,1.C,1.C
ame:7aud__4__1.C__1.X,7aud__4__1.C__1.X,structures/ame/7aud__4__1.C__1.X.cif,1.C,1.C
ame:7avq__1__1.A__1.B,7avq__1__1.A__1.B,structures/ame/7avq__1__1.A__1.B.cif,1.A,1.A
ame:7aw6__1__1.A__1.G,7aw6__1__1.A__1.G,structures/ame/7aw6__1__1.A__1.G.cif,1.A,1.A
ame:7aw6__2__1.B__1.H,7aw6__2__1.B__1.H,structures/ame/7aw6__2__1.B__1.H.cif,1.B,1.B
ame:7axy__1__1.A_1.B__1.G,7axy__1__1.A_1.B__1.G,structures/ame/7axy__1__1.A_1.B__1.G.cif,"1.B,1.A","1.B,1.A"
ame:7ayn__1__1.A__1.E,7ayn__1__1.A__1.E,structures/ame/7ayn__1__1.A__1.E.cif,1.A,1.A
ame:7ayz__1__1.B__1.F,7ayz__1__1.B__1.F,structures/ame/7ayz__1__1.B__1.F.cif,1.B,1.B
ame:7az0__1__1.A__1.D,7az0__1__1.A__1.D,structures/ame/7az0__1__1.A__1.D.cif,1.A,1.A
ame:7azu__1__1.A__1.B,7azu__1__1.A__1.B,structures/ame/7azu__1__1.A__1.B.cif,1.A,1.A
ame:7azv__1__1.A__1.G,7azv__1__1.A__1.G,structures/ame/7azv__1__1.A__1.G.cif,1.A,1.A
ame:7b05__1__1.A__1.E,7b05__1__1.A__1.E,structures/ame/7b05__1__1.A__1.E.cif,1.A,1.A
ame:7b0i__1__1.C_1.D__1.E,7b0i__1__1.C_1.D__1.E,structures/ame/7b0i__1__1.C_1.D__1.E.cif,"1.C,1.D","1.C,1.D"
ame:7b0s__1__1.A__1.E,7b0s__1__1.A__1.E,structures/ame/7b0s__1__1.A__1.E.cif,1.A,1.A
ame:7b16__1__1.A__1.E,7b16__1__1.A__1.E,structures/ame/7b16__1__1.A__1.E.cif,1.A,1.A
ame:7b1o__1__1.B__1.D,7b1o__1__1.B__1.D,structures/ame/7b1o__1__1.B__1.D.cif,1.B,1.B
ame:7b60__1__1.A__1.C,7b60__1__1.A__1.C,structures/ame/7b60__1__1.A__1.C.cif,1.A,1.A
ame:7b61__2__1.B__1.H,7b61__2__1.B__1.H,structures/ame/7b61__2__1.B__1.H.cif,1.B,1.B
ame:7b61__2__1.B__1.K,7b61__2__1.B__1.K,structures/ame/7b61__2__1.B__1.K.cif,1.B,1.B
ame:7b6g__2__1.B__1.D,7b6g__2__1.B__1.D,structures/ame/7b6g__2__1.B__1.D.cif,1.B,1.B
ame:7b6i__2__1.B__1.D,7b6i__2__1.B__1.D,structures/ame/7b6i__2__1.B__1.D.cif,1.B,1.B
ame:7b6l__1__1.A__1.D,7b6l__1__1.A__1.D,structures/ame/7b6l__1__1.A__1.D.cif,1.A,1.A
ame:7b6m__2__1.B__1.D,7b6m__2__1.B__1.D,structures/ame/7b6m__2__1.B__1.D.cif,1.B,1.B
ame:7b6n__2__1.B__1.D,7b6n__2__1.B__1.D,structures/ame/7b6n__2__1.B__1.D.cif,1.B,1.B
ame:7b92__1__1.C_1.D__1.H,7b92__1__1.C_1.D__1.H,structures/ame/7b92__1__1.C_1.D__1.H.cif,"1.C,1.D","1.C,1.D"
ame:7b9e__1__1.A__1.C,7b9e__1__1.A__1.C,structures/ame/7b9e__1__1.A__1.C.cif,1.A,1.A
ame:7b9w__2__1.B__1.E,7b9w__2__1.B__1.E,structures/ame/7b9w__2__1.B__1.E.cif,1.B,1.B
ame:7bc7__1__1.A__1.C,7bc7__1__1.A__1.C,structures/ame/7bc7__1__1.A__1.C.cif,1.A,1.A
ame:7bhj__3__1.D_1.E__1.I,7bhj__3__1.D_1.E__1.I,structures/ame/7bhj__3__1.D_1.E__1.I.cif,"1.E,1.D","1.E,1.D"
ame:7bi2__1__1.A__1.C,7bi2__1__1.A__1.C,structures/ame/7bi2__1__1.A__1.C.cif,1.A,1.A
ame:7bis__1__1.A_2.A__1.F,7bis__1__1.A_2.A__1.F,structures/ame/7bis__1__1.A_2.A__1.F.cif,"1.A,2.A","1.A,2.A"
ame:7bj1__1__1.A__1.C,7bj1__1__1.A__1.C,structures/ame/7bj1__1__1.A__1.C.cif,1.A,1.A
ame:7bk9__2__1.B_1.D__1.I,7bk9__2__1.B_1.D__1.I,structures/ame/7bk9__2__1.B_1.D__1.I.cif,"1.B,1.D","1.B,1.D"
ame:7br3__1__1.A__1.B,7br3__1__1.A__1.B,structures/ame/7br3__1__1.A__1.B.cif,1.A,1.A
ame:7br3__1__1.A__1.L,7br3__1__1.A__1.L,structures/ame/7br3__1__1.A__1.L.cif,1.A,1.A
ame:7bug__1__1.C__1.LA,7bug__1__1.C__1.LA,structures/ame/7bug__1__1.C__1.LA.cif,1.C,1.C
ame:7bvh__1__1.A__1.I,7bvh__1__1.A__1.I,structures/ame/7bvh__1__1.A__1.I.cif,1.A,1.A
ame:7bvh__1__1.A__1.O,7bvh__1__1.A__1.O,structures/ame/7bvh__1__1.A__1.O.cif,1.A,1.A
ame:7bw1__1__1.A__1.C,7bw1__1__1.A__1.C,structures/ame/7bw1__1__1.A__1.C.cif,1.A,1.A
ame:7cfm__1__1.E__1.F,7cfm__1__1.E__1.F,structures/ame/7cfm__1__1.E__1.F.cif,1.E,1.E
ame:7cfn__1__1.E__1.F,7cfn__1__1.E__1.F,structures/ame/7cfn__1__1.E__1.F.cif,1.E,1.E
ame:7cko__1__1.A__1.C,7cko__1__1.A__1.C,structures/ame/7cko__1__1.A__1.C.cif,1.A,1.A
ame:7ckq__1__1.I_1.J__1.O,7ckq__1__1.I_1.J__1.O,structures/ame/7ckq__1__1.I_1.J__1.O.cif,"1.I,1.J","1.I,1.J"
ame:7ckr__1__1.A__1.C,7ckr__1__1.A__1.C,structures/ame/7ckr__1__1.A__1.C.cif,1.A,1.A
ame:7cms__1__1.A__1.C,7cms__1__1.A__1.C,structures/ame/7cms__1__1.A__1.C.cif,1.A,1.A
ame:7cn3__1__1.B__1.K,7cn3__1__1.B__1.K,structures/ame/7cn3__1__1.B__1.K.cif,1.B,1.B
ame:7cug__1__1.A_1.B__1.H,7cug__1__1.A_1.B__1.H,structures/ame/7cug__1__1.A_1.B__1.H.cif,"1.A,1.B","1.A,1.B"
ame:7d4f__1__1.D__1.G,7d4f__1__1.D__1.G,structures/ame/7d4f__1__1.D__1.G.cif,1.D,1.D
ame:7d4p__1__1.A__1.E,7d4p__1__1.A__1.E,structures/ame/7d4p__1__1.A__1.E.cif,1.A,1.A
ame:7d5g__1__1.A__1.B,7d5g__1__1.A__1.B,structures/ame/7d5g__1__1.A__1.B.cif,1.A,1.A
ame:7dbl__2__1.D__1.H,7dbl__2__1.D__1.H,structures/ame/7dbl__2__1.D__1.H.cif,1.D,1.D
ame:7ddz__1__1.A__1.B,7ddz__1__1.A__1.B,structures/ame/7ddz__1__1.A__1.B.cif,1.A,1.A
ame:7ddz__1__1.A__1.C,7ddz__1__1.A__1.C,structures/ame/7ddz__1__1.A__1.C.cif,1.A,1.A
ame:7de7__1__1.A__1.C,7de7__1__1.A__1.C,structures/ame/7de7__1__1.A__1.C.cif,1.A,1.A
ame:7djt__1__1.A__1.I,7djt__1__1.A__1.I,structures/ame/7djt__1__1.A__1.I.cif,1.A,1.A
ame:7dnn__1__1.A_1.B__1.E,7dnn__1__1.A_1.B__1.E,structures/ame/7dnn__1__1.A_1.B__1.E.cif,"1.A,1.B","1.A,1.B"
ame:7ds1__1__1.A__1.C,7ds1__1__1.A__1.C,structures/ame/7ds1__1__1.A__1.C.cif,1.A,1.A
ame:7dsk__1__1.B__1.H,7dsk__1__1.B__1.H,structures/ame/7dsk__1__1.B__1.H.cif,1.B,1.B
ame:7dsk__1__1.B__1.J,7dsk__1__1.B__1.J,structures/ame/7dsk__1__1.B__1.J.cif,1.B,1.B
ame:7dsl__1__1.B__1.H,7dsl__1__1.B__1.H,structures/ame/7dsl__1__1.B__1.H.cif,1.B,1.B
ame:7dsl__1__1.B__1.J,7dsl__1__1.B__1.J,structures/ame/7dsl__1__1.B__1.J.cif,1.B,1.B
ame:7dsn__1__1.B__1.H,7dsn__1__1.B__1.H,structures/ame/7dsn__1__1.B__1.H.cif,1.B,1.B
ame:7dsn__1__1.B__1.J,7dsn__1__1.B__1.J,structures/ame/7dsn__1__1.B__1.J.cif,1.B,1.B
ame:7dsq__1__1.B__1.G,7dsq__1__1.B__1.G,structures/ame/7dsq__1__1.B__1.G.cif,1.B,1.B
ame:7dsq__1__1.B__1.I,7dsq__1__1.B__1.I,structures/ame/7dsq__1__1.B__1.I.cif,1.B,1.B
ame:7dvq__1__1.VA_1.WA__1.GB,7dvq__1__1.VA_1.WA__1.GB,structures/ame/7dvq__1__1.VA_1.WA__1.GB.cif,"1.VA,1.WA","1.VA,1.WA"
ame:7dwq__1__1.H__1.AD,7dwq__1__1.H__1.AD,structures/ame/7dwq__1__1.H__1.AD.cif,1.H,1.H
ame:7e1v__1__1.R_1.T__1.ZB,7e1v__1__1.R_1.T__1.ZB,structures/ame/7e1v__1__1.R_1.T__1.ZB.cif,"1.R,1.T","1.R,1.T"
ame:7e22__1__1.A__1.B,7e22__1__1.A__1.B,structures/ame/7e22__1__1.A__1.B.cif,1.A,1.A
ame:7eiq__1__1.A__1.C,7eiq__1__1.A__1.C,structures/ame/7eiq__1__1.A__1.C.cif,1.A,1.A
ame:7eir__1__1.A__1.C,7eir__1__1.A__1.C,structures/ame/7eir__1__1.A__1.C.cif,1.A,1.A
ame:7eis__1__1.A__1.B,7eis__1__1.A__1.B,structures/ame/7eis__1__1.A__1.B.cif,1.A,1.A
ame:7ej0__1__1.E__1.F,7ej0__1__1.E__1.F,structures/ame/7ej0__1__1.E__1.F.cif,1.E,1.E
ame:7ej8__1__1.D__1.F,7ej8__1__1.D__1.F,structures/ame/7ej8__1__1.D__1.F.cif,1.D,1.D
ame:7eja__1__1.D__1.F,7eja__1__1.D__1.F,structures/ame/7eja__1__1.D__1.F.cif,1.D,1.D
ame:7ejk__1__1.E__1.F,7ejk__1__1.E__1.F,structures/ame/7ejk__1__1.E__1.F.cif,1.E,1.E
ame:7elg__1__1.A__1.B,7elg__1__1.A__1.B,structures/ame/7elg__1__1.A__1.B.cif,1.A,1.A
ame:7elt__1__2.A__2.B,7elt__1__2.A__2.B,structures/ame/7elt__1__2.A__2.B.cif,2.A,2.A
ame:7emo__2__1.B__1.F,7emo__2__1.B__1.F,structures/ame/7emo__2__1.B__1.F.cif,1.B,1.B
ame:7emp__1__1.A__1.D,7emp__1__1.A__1.D,structures/ame/7emp__1__1.A__1.D.cif,1.A,1.A
ame:7emq__2__1.B__1.H,7emq__2__1.B__1.H,structures/ame/7emq__2__1.B__1.H.cif,1.B,1.B
ame:7emr__3__1.C__1.O,7emr__3__1.C__1.O,structures/ame/7emr__3__1.C__1.O.cif,1.C,1.C
ame:7ems__3__1.C__1.H,7ems__3__1.C__1.H,structures/ame/7ems__3__1.C__1.H.cif,1.C,1.C
ame:7emt__1__1.A__1.B,7emt__1__1.A__1.B,structures/ame/7emt__1__1.A__1.B.cif,1.A,1.A
ame:7emu__1__1.A__1.B,7emu__1__1.A__1.B,structures/ame/7emu__1__1.A__1.B.cif,1.A,1.A
ame:7emv__1__1.A__1.B,7emv__1__1.A__1.B,structures/ame/7emv__1__1.A__1.B.cif,1.A,1.A
ame:7eo4__1__1.A__1.F,7eo4__1__1.A__1.F,structures/ame/7eo4__1__1.A__1.F.cif,1.A,1.A
ame:7epo__1__2.A__2.B,7epo__1__2.A__2.B,structures/ame/7epo__1__2.A__2.B.cif,2.A,2.A
ame:7epz__1__1.B__1.G,7epz__1__1.B__1.G,structures/ame/7epz__1__1.B__1.G.cif,1.B,1.B
ame:7eqf__1__1.A_1.B__1.E,7eqf__1__1.A_1.B__1.E,structures/ame/7eqf__1__1.A_1.B__1.E.cif,"1.A,1.B","1.A,1.B"
ame:7eqr__1__1.A__1.M,7eqr__1__1.A__1.M,structures/ame/7eqr__1__1.A__1.M.cif,1.A,1.A
ame:7evy__1__1.D__1.F,7evy__1__1.D__1.F,structures/ame/7evy__1__1.D__1.F.cif,1.D,1.D
ame:7evy__1__1.D__1.G,7evy__1__1.D__1.G,structures/ame/7evy__1__1.D__1.G.cif,1.D,1.D
ame:7evz__1__1.D__1.F,7evz__1__1.D__1.F,structures/ame/7evz__1__1.D__1.F.cif,1.D,1.D
ame:7ew0__1__1.D__1.F,7ew0__1__1.D__1.F,structures/ame/7ew0__1__1.D__1.F.cif,1.D,1.D
ame:7ew1__1__1.E__1.F,7ew1__1__1.E__1.F,structures/ame/7ew1__1__1.E__1.F.cif,1.E,1.E
ame:7ew2__1__1.E__1.F,7ew2__1__1.E__1.F,structures/ame/7ew2__1__1.E__1.F.cif,1.E,1.E
ame:7ew4__1__1.D__1.F,7ew4__1__1.D__1.F,structures/ame/7ew4__1__1.D__1.F.cif,1.D,1.D
ame:7ew7__1__1.D__1.F,7ew7__1__1.D__1.F,structures/ame/7ew7__1__1.D__1.F.cif,1.D,1.D
ame:7exu__1__2.A__2.C,7exu__1__2.A__2.C,structures/ame/7exu__1__2.A__2.C.cif,2.A,2.A
ame:7f5t__1__1.A__1.E,7f5t__1__1.A__1.E,structures/ame/7f5t__1__1.A__1.E.cif,1.A,1.A
ame:7f5x__1__1.A__1.E,7f5x__1__1.A__1.E,structures/ame/7f5x__1__1.A__1.E.cif,1.A,1.A
ame:7f6s__1__1.A__1.J,7f6s__1__1.A__1.J,structures/ame/7f6s__1__1.A__1.J.cif,1.A,1.A
ame:7f6u__1__1.A__1.K,7f6u__1__1.A__1.K,structures/ame/7f6u__1__1.A__1.K.cif,1.A,1.A
ame:7f6u__1__1.A__1.L,7f6u__1__1.A__1.L,structures/ame/7f6u__1__1.A__1.L.cif,1.A,1.A
ame:7f8g__2__1.B__1.D,7f8g__2__1.B__1.D,structures/ame/7f8g__2__1.B__1.D.cif,1.B,1.B
ame:7f8h__2__1.B__1.E,7f8h__2__1.B__1.E,structures/ame/7f8h__2__1.B__1.E.cif,1.B,1.B
ame:7fbh__1__2.B__2.G,7fbh__1__2.B__2.G,structures/ame/7fbh__1__2.B__2.G.cif,2.B,2.B
ame:7fh8__1__1.A__1.B,7fh8__1__1.A__1.B,structures/ame/7fh8__1__1.A__1.B.cif,1.A,1.A
ame:7fjv__1__1.A_1.B__1.C,7fjv__1__1.A_1.B__1.C,structures/ame/7fjv__1__1.A_1.B__1.C.cif,"1.A,1.B","1.A,1.B"
ame:7fml__1__1.A_1.B__1.C,7fml__1__1.A_1.B__1.C,structures/ame/7fml__1__1.A_1.B__1.C.cif,"1.A,1.B","1.A,1.B"
ame:7fn2__1__1.A_1.B__1.C,7fn2__1__1.A_1.B__1.C,structures/ame/7fn2__1__1.A_1.B__1.C.cif,"1.A,1.B","1.A,1.B"
ame:7fod__1__1.A_1.B__1.C,7fod__1__1.A_1.B__1.C,structures/ame/7fod__1__1.A_1.B__1.C.cif,"1.A,1.B","1.A,1.B"
ame:7ftg__1__1.A__1.C,7ftg__1__1.A__1.C,structures/ame/7ftg__1__1.A__1.C.cif,1.A,1.A
ame:7fth__1__1.A__1.B,7fth__1__1.A__1.B,structures/ame/7fth__1__1.A__1.B.cif,1.A,1.A
ame:7fti__1__1.A__1.C,7fti__1__1.A__1.C,structures/ame/7fti__1__1.A__1.C.cif,1.A,1.A
ame:7ftl__1__1.A__1.C,7ftl__1__1.A__1.C,structures/ame/7ftl__1__1.A__1.C.cif,1.A,1.A
ame:7ftm__1__1.A__1.C,7ftm__1__1.A__1.C,structures/ame/7ftm__1__1.A__1.C.cif,1.A,1.A
ame:7fto__1__1.A__1.C,7fto__1__1.A__1.C,structures/ame/7fto__1__1.A__1.C.cif,1.A,1.A
ame:7ftp__1__1.A__1.C,7ftp__1__1.A__1.C,structures/ame/7ftp__1__1.A__1.C.cif,1.A,1.A
ame:7ftq__1__1.A__1.C,7ftq__1__1.A__1.C,structures/ame/7ftq__1__1.A__1.C.cif,1.A,1.A
ame:7fts__1__1.A__1.C,7fts__1__1.A__1.C,structures/ame/7fts__1__1.A__1.C.cif,1.A,1.A
ame:7ftt__2__1.B__1.F,7ftt__2__1.B__1.F,structures/ame/7ftt__2__1.B__1.F.cif,1.B,1.B
ame:7ftv__1__1.A__1.C,7ftv__1__1.A__1.C,structures/ame/7ftv__1__1.A__1.C.cif,1.A,1.A
ame:7ftw__1__1.A__1.C,7ftw__1__1.A__1.C,structures/ame/7ftw__1__1.A__1.C.cif,1.A,1.A
ame:7fty__1__1.A__1.C,7fty__1__1.A__1.C,structures/ame/7fty__1__1.A__1.C.cif,1.A,1.A
ame:7ftz__2__1.B__1.F,7ftz__2__1.B__1.F,structures/ame/7ftz__2__1.B__1.F.cif,1.B,1.B
ame:7fu0__1__1.A__1.C,7fu0__1__1.A__1.C,structures/ame/7fu0__1__1.A__1.C.cif,1.A,1.A
ame:7fu1__1__1.A__1.C,7fu1__1__1.A__1.C,structures/ame/7fu1__1__1.A__1.C.cif,1.A,1.A
ame:7fu2__1__1.A__1.C,7fu2__1__1.A__1.C,structures/ame/7fu2__1__1.A__1.C.cif,1.A,1.A
ame:7fu3__1__1.A__1.C,7fu3__1__1.A__1.C,structures/ame/7fu3__1__1.A__1.C.cif,1.A,1.A
ame:7fu4__1__1.A__1.C,7fu4__1__1.A__1.C,structures/ame/7fu4__1__1.A__1.C.cif,1.A,1.A
ame:7fu5__1__1.A__1.D,7fu5__1__1.A__1.D,structures/ame/7fu5__1__1.A__1.D.cif,1.A,1.A
ame:7fu6__1__1.A__1.C,7fu6__1__1.A__1.C,structures/ame/7fu6__1__1.A__1.C.cif,1.A,1.A
ame:7fu7__1__1.A__1.C,7fu7__1__1.A__1.C,structures/ame/7fu7__1__1.A__1.C.cif,1.A,1.A
ame:7fu8__1__1.A__1.C,7fu8__1__1.A__1.C,structures/ame/7fu8__1__1.A__1.C.cif,1.A,1.A
ame:7fu9__1__1.A__1.B,7fu9__1__1.A__1.B,structures/ame/7fu9__1__1.A__1.B.cif,1.A,1.A
ame:7fub__1__1.A__1.C,7fub__1__1.A__1.C,structures/ame/7fub__1__1.A__1.C.cif,1.A,1.A
ame:7fuc__1__1.A__1.C,7fuc__1__1.A__1.C,structures/ame/7fuc__1__1.A__1.C.cif,1.A,1.A
ame:7fud__1__1.A__1.D,7fud__1__1.A__1.D,structures/ame/7fud__1__1.A__1.D.cif,1.A,1.A
ame:7fue__1__1.A__1.C,7fue__1__1.A__1.C,structures/ame/7fue__1__1.A__1.C.cif,1.A,1.A
ame:7fuf__1__1.A__1.C,7fuf__1__1.A__1.C,structures/ame/7fuf__1__1.A__1.C.cif,1.A,1.A
ame:7fug__2__1.B__1.F,7fug__2__1.B__1.F,structures/ame/7fug__2__1.B__1.F.cif,1.B,1.B
ame:7fuk__1__1.A__1.B,7fuk__1__1.A__1.B,structures/ame/7fuk__1__1.A__1.B.cif,1.A,1.A
ame:7ful__1__1.A__1.C,7ful__1__1.A__1.C,structures/ame/7ful__1__1.A__1.C.cif,1.A,1.A
ame:7fum__1__1.A__1.C,7fum__1__1.A__1.C,structures/ame/7fum__1__1.A__1.C.cif,1.A,1.A
ame:7fun__1__1.A__1.C,7fun__1__1.A__1.C,structures/ame/7fun__1__1.A__1.C.cif,1.A,1.A
ame:7fuo__1__1.A__1.C,7fuo__1__1.A__1.C,structures/ame/7fuo__1__1.A__1.C.cif,1.A,1.A
ame:7fuq__1__1.A__1.C,7fuq__1__1.A__1.C,structures/ame/7fuq__1__1.A__1.C.cif,1.A,1.A
ame:7jk8__1__1.A_1.B__1.C,7jk8__1__1.A_1.B__1.C,structures/ame/7jk8__1__1.A_1.B__1.C.cif,"1.A,1.B","1.A,1.B"
ame:7jlj__1__2.A__2.B,7jlj__1__2.A__2.B,structures/ame/7jlj__1__2.A__2.B.cif,2.A,2.A
ame:7jlm__1__1.A__1.D,7jlm__1__1.A__1.D,structures/ame/7jlm__1__1.A__1.D.cif,1.A,1.A
ame:7jlr__1__2.A__2.B,7jlr__1__2.A__2.B,structures/ame/7jlr__1__2.A__2.B.cif,2.A,2.A
ame:7jm2__1__1.A_1.C__1.D,7jm2__1__1.A_1.C__1.D,structures/ame/7jm2__1__1.A_1.C__1.D.cif,"1.A,1.C","1.A,1.C"
ame:7jmt__1__1.A__1.G,7jmt__1__1.A__1.G,structures/ame/7jmt__1__1.A__1.G.cif,1.A,1.A
ame:7k12__1__1.A_1.B__1.D,7k12__1__1.A_1.B__1.D,structures/ame/7k12__1__1.A_1.B__1.D.cif,"1.A,1.B","1.A,1.B"
ame:7k13__2__1.B_1.C__1.G,7k13__2__1.B_1.C__1.G,structures/ame/7k13__2__1.B_1.C__1.G.cif,"1.B,1.C","1.B,1.C"
ame:7k1l__1__1.B__1.H,7k1l__1__1.B__1.H,structures/ame/7k1l__1__1.B__1.H.cif,1.B,1.B
ame:7k38__1__1.A__1.B,7k38__1__1.A__1.B,structures/ame/7k38__1__1.A__1.B.cif,1.A,1.A
ame:7kfp__1__1.A__1.B,7kfp__1__1.A__1.B,structures/ame/7kfp__1__1.A__1.B.cif,1.A,1.A
ame:7kg0__1__1.A__1.B,7kg0__1__1.A__1.B,structures/ame/7kg0__1__1.A__1.B.cif,1.A,1.A
ame:7kg7__1__1.A__1.B,7kg7__1__1.A__1.B,structures/ame/7kg7__1__1.A__1.B.cif,1.A,1.A
ame:7kg8__1__1.A__1.B,7kg8__1__1.A__1.B,structures/ame/7kg8__1__1.A__1.B.cif,1.A,1.A
ame:7kgx__1__1.A__1.D,7kgx__1__1.A__1.D,structures/ame/7kgx__1__1.A__1.D.cif,1.A,1.A
ame:7khr__1__1.W_1.X__1.AB,7khr__1__1.W_1.X__1.AB,structures/ame/7khr__1__1.W_1.X__1.AB.cif,"1.W,1.X","1.W,1.X"
ame:7khs__1__1.A_1.B__1.E,7khs__1__1.A_1.B__1.E,structures/ame/7khs__1__1.A_1.B__1.E.cif,"1.A,1.B","1.A,1.B"
ame:7kk3__3__1.C__1.G,7kk3__3__1.C__1.G,structures/ame/7kk3__3__1.C__1.G.cif,1.C,1.C
ame:7kk4__2__1.B__1.D,7kk4__2__1.B__1.D,structures/ame/7kk4__2__1.B__1.D.cif,1.B,1.B
ame:7kk6__2__1.B__1.G,7kk6__2__1.B__1.G,structures/ame/7kk6__2__1.B__1.G.cif,1.B,1.B
ame:7kl6__1__1.A__1.C,7kl6__1__1.A__1.C,structures/ame/7kl6__1__1.A__1.C.cif,1.A,1.A
ame:7knw__4__1.D__1.K,7knw__4__1.D__1.K,structures/ame/7knw__4__1.D__1.K.cif,1.D,1.D
ame:7knx__4__1.D__1.J,7knx__4__1.D__1.J,structures/ame/7knx__4__1.D__1.J.cif,1.D,1.D
ame:7kp2__1__1.A__1.B,7kp2__1__1.A__1.B,structures/ame/7kp2__1__1.A__1.B.cif,1.A,1.A
ame:7kq3__3__1.C__1.G,7kq3__3__1.C__1.G,structures/ame/7kq3__3__1.C__1.G.cif,1.C,1.C
ame:7kui__1__1.A__1.N,7kui__1__1.A__1.N,structures/ame/7kui__1__1.A__1.N.cif,1.A,1.A
ame:7kxb__1__1.A__1.B,7kxb__1__1.A__1.B,structures/ame/7kxb__1__1.A__1.B.cif,1.A,1.A
ame:7kxi__1__1.A__1.B,7kxi__1__1.A__1.B,structures/ame/7kxi__1__1.A__1.B.cif,1.A,1.A
ame:7kz9__2__1.B__1.H,7kz9__2__1.B__1.H,structures/ame/7kz9__2__1.B__1.H.cif,1.B,1.B
ame:7l7g__1__1.C_1.D_1.G_1.H__1.K,7l7g__1__1.C_1.D_1.G_1.H__1.K,structures/ame/7l7g__1__1.C_1.D_1.G_1.H__1.K.cif,"1.C,1.D,1.G,1.H","1.C,1.D,1.G,1.H"
ame:7lam__1__1.A__1.B,7lam__1__1.A__1.B,structures/ame/7lam__1__1.A__1.B.cif,1.A,1.A
ame:7laq__1__1.A__1.B,7laq__1__1.A__1.B,structures/ame/7laq__1__1.A__1.B.cif,1.A,1.A
ame:7lg7__1__1.A__1.B,7lg7__1__1.A__1.B,structures/ame/7lg7__1__1.A__1.B.cif,1.A,1.A
ame:7lmt__1__1.G_1.H__1.R,7lmt__1__1.G_1.H__1.R,structures/ame/7lmt__1__1.G_1.H__1.R.cif,"1.H,1.G","1.H,1.G"
ame:7lpp__4__1.D__1.L,7lpp__4__1.D__1.L,structures/ame/7lpp__4__1.D__1.L.cif,1.D,1.D
ame:7lpq__1__1.A__1.E,7lpq__1__1.A__1.E,structures/ame/7lpq__1__1.A__1.E.cif,1.A,1.A
ame:7luf__2__1.D__1.H,7luf__2__1.D__1.H,structures/ame/7luf__2__1.D__1.H.cif,1.D,1.D
ame:7m40__1__1.A__1.C,7m40__1__1.A__1.C,structures/ame/7m40__1__1.A__1.C.cif,1.A,1.A
ame:7m4t__1__1.A__1.F,7m4t__1__1.A__1.F,structures/ame/7m4t__1__1.A__1.F.cif,1.A,1.A
ame:7m63__1__1.A__1.C,7m63__1__1.A__1.C,structures/ame/7m63__1__1.A__1.C.cif,1.A,1.A
ame:7m6k__1__1.A__1.C,7m6k__1__1.A__1.C,structures/ame/7m6k__1__1.A__1.C.cif,1.A,1.A
ame:7m7v__2__1.B__1.D,7m7v__2__1.B__1.D,structures/ame/7m7v__2__1.B__1.D.cif,1.B,1.B
ame:7m93__1__1.A__1.E,7m93__1__1.A__1.E,structures/ame/7m93__1__1.A__1.E.cif,1.A,1.A
ame:7m94__2__1.C__1.S,7m94__2__1.C__1.S,structures/ame/7m94__2__1.C__1.S.cif,1.C,1.C
ame:7m95__1__1.A__1.C,7m95__1__1.A__1.C,structures/ame/7m95__1__1.A__1.C.cif,1.A,1.A
ame:7m96__1__1.A__1.E,7m96__1__1.A__1.E,structures/ame/7m96__1__1.A__1.E.cif,1.A,1.A
ame:7mdn__1__1.G_1.H__1.R,7mdn__1__1.G_1.H__1.R,structures/ame/7mdn__1__1.G_1.H__1.R.cif,"1.H,1.G","1.H,1.G"
ame:7mel__1__1.B__1.G,7mel__1__1.B__1.G,structures/ame/7mel__1__1.B__1.G.cif,1.B,1.B
ame:7mgx__2__1.C_1.G__1.J,7mgx__2__1.C_1.G__1.J,structures/ame/7mgx__2__1.C_1.G__1.J.cif,"1.C,1.G","1.C,1.G"
ame:7mgy__1__1.A__1.C,7mgy__1__1.A__1.C,structures/ame/7mgy__1__1.A__1.C.cif,1.A,1.A
ame:7mgz__1__1.A__1.F,7mgz__1__1.A__1.F,structures/ame/7mgz__1__1.A__1.F.cif,1.A,1.A
ame:7mif__1__1.A__1.E,7mif__1__1.A__1.E,structures/ame/7mif__1__1.A__1.E.cif,1.A,1.A
ame:7mig__1__1.A__1.F,7mig__1__1.A__1.F,structures/ame/7mig__1__1.A__1.F.cif,1.A,1.A
ame:7mih__1__1.A__1.G,7mih__1__1.A__1.G,structures/ame/7mih__1__1.A__1.G.cif,1.A,1.A
ame:7mii__1__1.A__1.G,7mii__1__1.A__1.G,structures/ame/7mii__1__1.A__1.G.cif,1.A,1.A
ame:7mip__1__1.A__1.E,7mip__1__1.A__1.E,structures/ame/7mip__1__1.A__1.E.cif,1.A,1.A
ame:7miv__1__1.A__1.E,7miv__1__1.A__1.E,structures/ame/7miv__1__1.A__1.E.cif,1.A,1.A
ame:7miv__1__1.A__1.H,7miv__1__1.A__1.H,structures/ame/7miv__1__1.A__1.H.cif,1.A,1.A
ame:7mpd__1__1.A__1.B,7mpd__1__1.A__1.B,structures/ame/7mpd__1__1.A__1.B.cif,1.A,1.A
ame:7ms5__1__1.A__1.D,7ms5__1__1.A__1.D,structures/ame/7ms5__1__1.A__1.D.cif,1.A,1.A
ame:7ms5__2__1.B__1.G,7ms5__2__1.B__1.G,structures/ame/7ms5__2__1.B__1.G.cif,1.B,1.B
ame:7ms7__1__1.A__1.D,7ms7__1__1.A__1.D,structures/ame/7ms7__1__1.A__1.D.cif,1.A,1.A
ame:7myl__3__1.E__1.K,7myl__3__1.E__1.K,structures/ame/7myl__3__1.E__1.K.cif,1.E,1.E
ame:7n2x__1__1.A__1.D,7n2x__1__1.A__1.D,structures/ame/7n2x__1__1.A__1.D.cif,1.A,1.A
ame:7n3u__1__1.A__1.B,7n3u__1__1.A__1.B,structures/ame/7n3u__1__1.A__1.B.cif,1.A,1.A
ame:7n4w__1__1.A__1.D,7n4w__1__1.A__1.D,structures/ame/7n4w__1__1.A__1.D.cif,1.A,1.A
ame:7n4z__2__1.C__1.J,7n4z__2__1.C__1.J,structures/ame/7n4z__2__1.C__1.J.cif,1.C,1.C
ame:7n53__1__1.A__1.D,7n53__1__1.A__1.D,structures/ame/7n53__1__1.A__1.D.cif,1.A,1.A
ame:7n54__1__1.A__1.F,7n54__1__1.A__1.F,structures/ame/7n54__1__1.A__1.F.cif,1.A,1.A
ame:7n6q__1__1.A__1.E,7n6q__1__1.A__1.E,structures/ame/7n6q__1__1.A__1.E.cif,1.A,1.A
ame:7n7l__1__1.A__1.B,7n7l__1__1.A__1.B,structures/ame/7n7l__1__1.A__1.B.cif,1.A,1.A
ame:7n7m__1__1.A__1.B,7n7m__1__1.A__1.B,structures/ame/7n7m__1__1.A__1.B.cif,1.A,1.A
ame:7n7n__1__2.A__2.B,7n7n__1__2.A__2.B,structures/ame/7n7n__1__2.A__2.B.cif,2.A,2.A
ame:7n7o__1__1.A__1.B,7n7o__1__1.A__1.B,structures/ame/7n7o__1__1.A__1.B.cif,1.A,1.A
ame:7n7r__1__4.B__4.C,7n7r__1__4.B__4.C,structures/ame/7n7r__1__4.B__4.C.cif,4.B,4.B
ame:7n7w__1__3.B__3.C,7n7w__1__3.B__3.C,structures/ame/7n7w__1__3.B__3.C.cif,3.B,3.B
ame:7n7y__1__3.B__3.D,7n7y__1__3.B__3.D,structures/ame/7n7y__1__3.B__3.D.cif,3.B,3.B
ame:7n81__1__1.B__1.C,7n81__1__1.B__1.C,structures/ame/7n81__1__1.B__1.C.cif,1.B,1.B
ame:7nak__1__1.A_1.B__1.I,7nak__1__1.A_1.B__1.I,structures/ame/7nak__1__1.A_1.B__1.I.cif,"1.A,1.B","1.A,1.B"
ame:7nd1__1__1.A__1.E,7nd1__1__1.A__1.E,structures/ame/7nd1__1__1.A__1.E.cif,1.A,1.A
ame:7ne2__1__1.A__1.E,7ne2__1__1.A__1.E,structures/ame/7ne2__1__1.A__1.E.cif,1.A,1.A
ame:7ne2__1__1.B__1.F,7ne2__1__1.B__1.F,structures/ame/7ne2__1__1.B__1.F.cif,1.B,1.B
ame:7neq__1__1.A_1.F__1.K,7neq__1__1.A_1.F__1.K,structures/ame/7neq__1__1.A_1.F__1.K.cif,"1.A,1.F","1.A,1.F"
ame:7nhe__1__3.D__3.L,7nhe__1__3.D__3.L,structures/ame/7nhe__1__3.D__3.L.cif,3.D,3.D
ame:7nhg__1__1.A__1.C,7nhg__1__1.A__1.C,structures/ame/7nhg__1__1.A__1.C.cif,1.A,1.A
ame:7nhh__1__1.A__1.F,7nhh__1__1.A__1.F,structures/ame/7nhh__1__1.A__1.F.cif,1.A,1.A
ame:7nhi__1__1.A__1.C,7nhi__1__1.A__1.C,structures/ame/7nhi__1__1.A__1.C.cif,1.A,1.A
ame:7nhj__1__1.A__1.C,7nhj__1__1.A__1.C,structures/ame/7nhj__1__1.A__1.C.cif,1.A,1.A
ame:7nhv__1__1.A__1.C,7nhv__1__1.A__1.C,structures/ame/7nhv__1__1.A__1.C.cif,1.A,1.A
ame:7ni4__1__1.A__1.D,7ni4__1__1.A__1.D,structures/ame/7ni4__1__1.A__1.D.cif,1.A,1.A
ame:7ni5__1__1.A__1.C,7ni5__1__1.A__1.C,structures/ame/7ni5__1__1.A__1.C.cif,1.A,1.A
ame:7ni7__1__1.A__1.C,7ni7__1__1.A__1.C,structures/ame/7ni7__1__1.A__1.C.cif,1.A,1.A
ame:7ni8__1__1.A__1.C,7ni8__1__1.A__1.C,structures/ame/7ni8__1__1.A__1.C.cif,1.A,1.A
ame:7ni9__1__1.A__1.C,7ni9__1__1.A__1.C,structures/ame/7ni9__1__1.A__1.C.cif,1.A,1.A
ame:7nia__1__1.A__1.C,7nia__1__1.A__1.C,structures/ame/7nia__1__1.A__1.C.cif,1.A,1.A
ame:7nid__1__1.A__1.C,7nid__1__1.A__1.C,structures/ame/7nid__1__1.A__1.C.cif,1.A,1.A
ame:7nl8__1__1.B__1.K,7nl8__1__1.B__1.K,structures/ame/7nl8__1__1.B__1.K.cif,1.B,1.B
ame:7nm2__1__1.A__1.B,7nm2__1__1.A__1.B,structures/ame/7nm2__1__1.A__1.B.cif,1.A,1.A
ame:7nm4__1__1.A__1.B,7nm4__1__1.A__1.B,structures/ame/7nm4__1__1.A__1.B.cif,1.A,1.A
ame:7nm5__1__1.A__1.B,7nm5__1__1.A__1.B,structures/ame/7nm5__1__1.A__1.B.cif,1.A,1.A
ame:7nmk__1__1.A__1.C,7nmk__1__1.A__1.C,structures/ame/7nmk__1__1.A__1.C.cif,1.A,1.A
ame:7nng__2__1.B__1.I,7nng__2__1.B__1.I,structures/ame/7nng__2__1.B__1.I.cif,1.B,1.B
ame:7nnj__2__1.B__1.K,7nnj__2__1.B__1.K,structures/ame/7nnj__2__1.B__1.K.cif,1.B,1.B
ame:7nnr__1__2.B__2.E,7nnr__1__2.B__2.E,structures/ame/7nnr__1__2.B__2.E.cif,2.B,2.B
ame:7npj__1__1.B__1.I,7npj__1__1.B__1.I,structures/ame/7npj__1__1.B__1.I.cif,1.B,1.B
ame:7nrb__1__1.A__1.B,7nrb__1__1.A__1.B,structures/ame/7nrb__1__1.A__1.B.cif,1.A,1.A
ame:7nry__1__1.A__1.B,7nry__1__1.A__1.B,structures/ame/7nry__1__1.A__1.B.cif,1.A,1.A
ame:7nsn__1__1.A__1.J,7nsn__1__1.A__1.J,structures/ame/7nsn__1__1.A__1.J.cif,1.A,1.A
ame:7nu6__1__1.A__1.D,7nu6__1__1.A__1.D,structures/ame/7nu6__1__1.A__1.D.cif,1.A,1.A
ame:7nu7__1__1.A__1.C,7nu7__1__1.A__1.C,structures/ame/7nu7__1__1.A__1.C.cif,1.A,1.A
ame:7nu8__1__1.A__1.C,7nu8__1__1.A__1.C,structures/ame/7nu8__1__1.A__1.C.cif,1.A,1.A
ame:7nu8__1__1.A__1.D,7nu8__1__1.A__1.D,structures/ame/7nu8__1__1.A__1.D.cif,1.A,1.A
ame:7o04__1__1.A__1.G,7o04__1__1.A__1.G,structures/ame/7o04__1__1.A__1.G.cif,1.A,1.A
ame:7o08__1__1.A__1.C,7o08__1__1.A__1.C,structures/ame/7o08__1__1.A__1.C.cif,1.A,1.A
ame:7o09__1__1.A__1.C,7o09__1__1.A__1.C,structures/ame/7o09__1__1.A__1.C.cif,1.A,1.A
ame:7o0l__1__1.B__1.D,7o0l__1__1.B__1.D,structures/ame/7o0l__1__1.B__1.D.cif,1.B,1.B
ame:7o0m__1__1.A__1.C,7o0m__1__1.A__1.C,structures/ame/7o0m__1__1.A__1.C.cif,1.A,1.A
ame:7o0p__1__1.A__1.C,7o0p__1__1.A__1.C,structures/ame/7o0p__1__1.A__1.C.cif,1.A,1.A
ame:7o0q__1__1.A__1.C,7o0q__1__1.A__1.C,structures/ame/7o0q__1__1.A__1.C.cif,1.A,1.A
ame:7o0r__1__1.A__1.C,7o0r__1__1.A__1.C,structures/ame/7o0r__1__1.A__1.C.cif,1.A,1.A
ame:7o27__1__1.A__1.C,7o27__1__1.A__1.C,structures/ame/7o27__1__1.A__1.C.cif,1.A,1.A
ame:7o28__1__1.A__1.C,7o28__1__1.A__1.C,structures/ame/7o28__1__1.A__1.C.cif,1.A,1.A
ame:7o29__1__1.A__1.C,7o29__1__1.A__1.C,structures/ame/7o29__1__1.A__1.C.cif,1.A,1.A
ame:7o2e__1__1.A__1.C,7o2e__1__1.A__1.C,structures/ame/7o2e__1__1.A__1.C.cif,1.A,1.A
ame:7o2f__1__1.A__1.C,7o2f__1__1.A__1.C,structures/ame/7o2f__1__1.A__1.C.cif,1.A,1.A
ame:7o2h__1__1.A__1.C,7o2h__1__1.A__1.C,structures/ame/7o2h__1__1.A__1.C.cif,1.A,1.A
ame:7o2x__1__1.A__1.C,7o2x__1__1.A__1.C,structures/ame/7o2x__1__1.A__1.C.cif,1.A,1.A
ame:7o6s__1__1.A_1.B__1.J,7o6s__1__1.A_1.B__1.J,structures/ame/7o6s__1__1.A_1.B__1.J.cif,"1.B,1.A","1.B,1.A"
ame:7o7t__1__1.A__1.B,7o7t__1__1.A__1.B,structures/ame/7o7t__1__1.A__1.B.cif,1.A,1.A
ame:7o84__1__1.A_1.B__1.D,7o84__1__1.A_1.B__1.D,structures/ame/7o84__1__1.A_1.B__1.D.cif,"1.A,1.B","1.A,1.B"
ame:7o9x__1__1.A__1.B,7o9x__1__1.A__1.B,structures/ame/7o9x__1__1.A__1.B.cif,1.A,1.A
ame:7o9z__1__1.A__1.B,7o9z__1__1.A__1.B,structures/ame/7o9z__1__1.A__1.B.cif,1.A,1.A
ame:7oa9__1__1.A__1.B,7oa9__1__1.A__1.B,structures/ame/7oa9__1__1.A__1.B.cif,1.A,1.A
ame:7oed__1__1.A__1.C,7oed__1__1.A__1.C,structures/ame/7oed__1__1.A__1.C.cif,1.A,1.A
ame:7oee__1__1.A__1.C,7oee__1__1.A__1.C,structures/ame/7oee__1__1.A__1.C.cif,1.A,1.A
ame:7oef__1__1.A__1.C,7oef__1__1.A__1.C,structures/ame/7oef__1__1.A__1.C.cif,1.A,1.A
ame:7oeg__1__1.A__1.C,7oeg__1__1.A__1.C,structures/ame/7oeg__1__1.A__1.C.cif,1.A,1.A
ame:7oeh__1__1.A__1.C,7oeh__1__1.A__1.C,structures/ame/7oeh__1__1.A__1.C.cif,1.A,1.A
ame:7oei__1__1.A__1.C,7oei__1__1.A__1.C,structures/ame/7oei__1__1.A__1.C.cif,1.A,1.A
ame:7oej__1__1.A__1.C,7oej__1__1.A__1.C,structures/ame/7oej__1__1.A__1.C.cif,1.A,1.A
ame:7oek__1__1.A__1.C,7oek__1__1.A__1.C,structures/ame/7oek__1__1.A__1.C.cif,1.A,1.A
ame:7oel__1__1.A__1.C,7oel__1__1.A__1.C,structures/ame/7oel__1__1.A__1.C.cif,1.A,1.A
ame:7oem__1__1.A__1.E,7oem__1__1.A__1.E,structures/ame/7oem__1__1.A__1.E.cif,1.A,1.A
ame:7oj6__1__1.B_1.C__1.P,7oj6__1__1.B_1.C__1.P,structures/ame/7oj6__1__1.B_1.C__1.P.cif,"1.B,1.C","1.B,1.C"
ame:7oj8__1__1.A_1.B__1.C,7oj8__1__1.A_1.B__1.C,structures/ame/7oj8__1__1.A_1.B__1.C.cif,"1.A,1.B","1.A,1.B"
ame:7oj8__1__1.A_1.B__1.G,7oj8__1__1.A_1.B__1.G,structures/ame/7oj8__1__1.A_1.B__1.G.cif,"1.A,1.B","1.A,1.B"
ame:7ojh__1__1.A_1.B__1.F,7ojh__1__1.A_1.B__1.F,structures/ame/7ojh__1__1.A_1.B__1.F.cif,"1.A,1.B","1.A,1.B"
ame:7oji__1__1.A_1.B__1.C,7oji__1__1.A_1.B__1.C,structures/ame/7oji__1__1.A_1.B__1.C.cif,"1.A,1.B","1.A,1.B"
ame:7oji__1__1.A_1.B__1.G,7oji__1__1.A_1.B__1.G,structures/ame/7oji__1__1.A_1.B__1.G.cif,"1.A,1.B","1.A,1.B"
ame:7ojp__2__1.E_1.F__1.JA,7ojp__2__1.E_1.F__1.JA,structures/ame/7ojp__2__1.E_1.F__1.JA.cif,"1.E,1.F","1.E,1.F"
ame:7ojq__1__1.A_1.B__1.D,7ojq__1__1.A_1.B__1.D,structures/ame/7ojq__1__1.A_1.B__1.D.cif,"1.A,1.B","1.A,1.B"
ame:7ojw__1__1.A_1.C__1.F,7ojw__1__1.A_1.C__1.F,structures/ame/7ojw__1__1.A_1.C__1.F.cif,"1.A,1.C","1.A,1.C"
ame:7ojy__1__1.A_1.B__1.D,7ojy__1__1.A_1.B__1.D,structures/ame/7ojy__1__1.A_1.B__1.D.cif,"1.A,1.B","1.A,1.B"
ame:7ok1__1__1.A_1.C__1.E,7ok1__1__1.A_1.C__1.E,structures/ame/7ok1__1__1.A_1.C__1.E.cif,"1.A,1.C","1.A,1.C"
ame:7oka__1__1.A_1.C__1.EA,7oka__1__1.A_1.C__1.EA,structures/ame/7oka__1__1.A_1.C__1.EA.cif,"1.A,1.C","1.A,1.C"
ame:7oln__1__1.A_2.A__1.B,7oln__1__1.A_2.A__1.B,structures/ame/7oln__1__1.A_2.A__1.B.cif,"1.A,2.A","1.A,2.A"
ame:7olw__1__1.A_2.A__1.B,7olw__1__1.A_2.A__1.B,structures/ame/7olw__1__1.A_2.A__1.B.cif,"1.A,2.A","1.A,2.A"
ame:7omf__1__1.C_1.D__1.H,7omf__1__1.C_1.D__1.H,structures/ame/7omf__1__1.C_1.D__1.H.cif,"1.C,1.D","1.C,1.D"
ame:7oms__1__1.D__1.X,7oms__1__1.D__1.X,structures/ame/7oms__1__1.D__1.X.cif,1.D,1.D
ame:7onr__2__1.B__1.F,7onr__2__1.B__1.F,structures/ame/7onr__2__1.B__1.F.cif,1.B,1.B
ame:7ont__1__1.A__1.C,7ont__1__1.A__1.C,structures/ame/7ont__1__1.A__1.C.cif,1.A,1.A
ame:7opi__1__1.C_1.D__1.E,7opi__1__1.C_1.D__1.E,structures/ame/7opi__1__1.C_1.D__1.E.cif,"1.C,1.D","1.C,1.D"
ame:7ops__1__1.A__1.B,7ops__1__1.A__1.B,structures/ame/7ops__1__1.A__1.B.cif,1.A,1.A
ame:7oql__1__1.A__1.C,7oql__1__1.A__1.C,structures/ame/7oql__1__1.A__1.C.cif,1.A,1.A
ame:7oqo__1__1.A__1.C,7oqo__1__1.A__1.C,structures/ame/7oqo__1__1.A__1.C.cif,1.A,1.A
ame:7oqp__1__1.A__1.C,7oqp__1__1.A__1.C,structures/ame/7oqp__1__1.A__1.C.cif,1.A,1.A
ame:7oso__1__1.A__1.E,7oso__1__1.A__1.E,structures/ame/7oso__1__1.A__1.E.cif,1.A,1.A
ame:7otm__1__1.A__1.B,7otm__1__1.A__1.B,structures/ame/7otm__1__1.A__1.B.cif,1.A,1.A
ame:7otv__1__1.A__1.B,7otv__1__1.A__1.B,structures/ame/7otv__1__1.A__1.B.cif,1.A,1.A
ame:7ou6__1__1.A_1.B__1.C,7ou6__1__1.A_1.B__1.C,structures/ame/7ou6__1__1.A_1.B__1.C.cif,"1.B,1.A","1.B,1.A"
ame:7ouj__1__1.A__1.G,7ouj__1__1.A__1.G,structures/ame/7ouj__1__1.A__1.G.cif,1.A,1.A
ame:7ovd__1__1.A__1.B,7ovd__1__1.A__1.B,structures/ame/7ovd__1__1.A__1.B.cif,1.A,1.A
ame:7owv__1__1.A_1.B__1.E,7owv__1__1.A_1.B__1.E,structures/ame/7owv__1__1.A_1.B__1.E.cif,"1.B,1.A","1.B,1.A"
ame:7oyw__2__1.B__1.L,7oyw__2__1.B__1.L,structures/ame/7oyw__2__1.B__1.L.cif,1.B,1.B
ame:7oyw__2__1.B__1.N,7oyw__2__1.B__1.N,structures/ame/7oyw__2__1.B__1.N.cif,1.B,1.B
ame:7oyx__1__1.A__1.E,7oyx__1__1.A__1.E,structures/ame/7oyx__1__1.A__1.E.cif,1.A,1.A
ame:7oyx__1__1.A__1.F,7oyx__1__1.A__1.F,structures/ame/7oyx__1__1.A__1.F.cif,1.A,1.A
ame:7oyx__2__1.B__1.J,7oyx__2__1.B__1.J,structures/ame/7oyx__2__1.B__1.J.cif,1.B,1.B
ame:7oyx__2__1.B__1.K,7oyx__2__1.B__1.K,structures/ame/7oyx__2__1.B__1.K.cif,1.B,1.B
ame:7oyx__2__1.B__1.O,7oyx__2__1.B__1.O,structures/ame/7oyx__2__1.B__1.O.cif,1.B,1.B
ame:7p42__1__1.B__1.J,7p42__1__1.B__1.J,structures/ame/7p42__1__1.B__1.J.cif,1.B,1.B
ame:7p4k__1__1.B__1.D,7p4k__1__1.B__1.D,structures/ame/7p4k__1__1.B__1.D.cif,1.B,1.B
ame:7p4u__1__2.A__2.B,7p4u__1__2.A__2.B,structures/ame/7p4u__1__2.A__2.B.cif,2.A,2.A
ame:7p87__1__1.A__1.C,7p87__1__1.A__1.C,structures/ame/7p87__1__1.A__1.C.cif,1.A,1.A
ame:7p88__1__1.A__1.C,7p88__1__1.A__1.C,structures/ame/7p88__1__1.A__1.C.cif,1.A,1.A
ame:7p8b__1__1.A__1.C,7p8b__1__1.A__1.C,structures/ame/7p8b__1__1.A__1.C.cif,1.A,1.A
ame:7p8f__1__1.A__1.C,7p8f__1__1.A__1.C,structures/ame/7p8f__1__1.A__1.C.cif,1.A,1.A
ame:7pa2__1__1.A__1.B,7pa2__1__1.A__1.B,structures/ame/7pa2__1__1.A__1.B.cif,1.A,1.A
ame:7pa3__1__1.A__1.B,7pa3__1__1.A__1.B,structures/ame/7pa3__1__1.A__1.B.cif,1.A,1.A
ame:7pav__1__1.B__1.C,7pav__1__1.B__1.C,structures/ame/7pav__1__1.B__1.C.cif,1.B,1.B
ame:7paw__1__1.B__1.C,7paw__1__1.B__1.C,structures/ame/7paw__1__1.B__1.C.cif,1.B,1.B
ame:7pe0__1__1.A_1.B__1.D,7pe0__1__1.A_1.B__1.D,structures/ame/7pe0__1__1.A_1.B__1.D.cif,"1.B,1.A","1.B,1.A"
ame:7pj8__2__1.B__1.H,7pj8__2__1.B__1.H,structures/ame/7pj8__2__1.B__1.H.cif,1.B,1.B
ame:7pj9__2__1.B__1.H,7pj9__2__1.B__1.H,structures/ame/7pj9__2__1.B__1.H.cif,1.B,1.B
ame:7pjq__1__1.A__1.C,7pjq__1__1.A__1.C,structures/ame/7pjq__1__1.A__1.C.cif,1.A,1.A
ame:7po2__1__1.HA__1.ZD,7po2__1__1.HA__1.ZD,structures/ame/7po2__1__1.HA__1.ZD.cif,1.HA,1.HA
ame:7poe__1__1.A_1.B__1.D,7poe__1__1.A_1.B__1.D,structures/ame/7poe__1__1.A_1.B__1.D.cif,"1.A,1.B","1.A,1.B"
ame:7pu6__1__1.B__1.K,7pu6__1__1.B__1.K,structures/ame/7pu6__1__1.B__1.K.cif,1.B,1.B
ame:7pui__1__2.A__2.B,7pui__1__2.A__2.B,structures/ame/7pui__1__2.A__2.B.cif,2.A,2.A
ame:7pvg__1__1.A__1.B,7pvg__1__1.A__1.B,structures/ame/7pvg__1__1.A__1.B.cif,1.A,1.A
ame:7pw6__1__1.A__1.C,7pw6__1__1.A__1.C,structures/ame/7pw6__1__1.A__1.C.cif,1.A,1.A
ame:7py9__1__2.A__2.C,7py9__1__2.A__2.C,structures/ame/7py9__1__2.A__2.C.cif,2.A,2.A
ame:7pz1__1__1.A__1.D,7pz1__1__1.A__1.D,structures/ame/7pz1__1__1.A__1.D.cif,1.A,1.A
ame:7q2i__1__1.A__1.B,7q2i__1__1.A__1.B,structures/ame/7q2i__1__1.A__1.B.cif,1.A,1.A
ame:7q2m__1__1.A__1.B,7q2m__1__1.A__1.B,structures/ame/7q2m__1__1.A__1.B.cif,1.A,1.A
ame:7q34__2__1.C_1.D__1.J,7q34__2__1.C_1.D__1.J,structures/ame/7q34__2__1.C_1.D__1.J.cif,"1.C,1.D","1.C,1.D"
ame:7q3m__1__2.A__2.G,7q3m__1__2.A__2.G,structures/ame/7q3m__1__2.A__2.G.cif,2.A,2.A
ame:7q3w__1__1.A__1.D,7q3w__1__1.A__1.D,structures/ame/7q3w__1__1.A__1.D.cif,1.A,1.A
ame:7q52__1__1.A__1.C,7q52__1__1.A__1.C,structures/ame/7q52__1__1.A__1.C.cif,1.A,1.A
ame:7q6t__1__1.A__1.D,7q6t__1__1.A__1.D,structures/ame/7q6t__1__1.A__1.D.cif,1.A,1.A
ame:7q6u__1__1.A__1.E,7q6u__1__1.A__1.E,structures/ame/7q6u__1__1.A__1.E.cif,1.A,1.A
ame:7q6v__1__1.A__1.E,7q6v__1__1.A__1.E,structures/ame/7q6v__1__1.A__1.E.cif,1.A,1.A
ame:7q6w__1__1.A__1.E,7q6w__1__1.A__1.E,structures/ame/7q6w__1__1.A__1.E.cif,1.A,1.A
ame:7q9w__1__2.A__2.B,7q9w__1__2.A__2.B,structures/ame/7q9w__1__2.A__2.B.cif,2.A,2.A
ame:7qa0__2__1.B__1.D,7qa0__2__1.B__1.D,structures/ame/7qa0__2__1.B__1.D.cif,1.B,1.B
ame:7qa3__2__1.B__1.D,7qa3__2__1.B__1.D,structures/ame/7qa3__2__1.B__1.D.cif,1.B,1.B
ame:7qa7__1__1.A__1.B,7qa7__1__1.A__1.B,structures/ame/7qa7__1__1.A__1.B.cif,1.A,1.A
ame:7qbe__1__1.A__1.G,7qbe__1__1.A__1.G,structures/ame/7qbe__1__1.A__1.G.cif,1.A,1.A
ame:7qbg__2__1.C__1.L,7qbg__2__1.C__1.L,structures/ame/7qbg__2__1.C__1.L.cif,1.C,1.C
ame:7qea__2__1.B__1.DA,7qea__2__1.B__1.DA,structures/ame/7qea__2__1.B__1.DA.cif,1.B,1.B
ame:7qef__1__1.A__1.D,7qef__1__1.A__1.D,structures/ame/7qef__1__1.A__1.D.cif,1.A,1.A
ame:7qel__3__1.C__1.G,7qel__3__1.C__1.G,structures/ame/7qel__3__1.C__1.G.cif,1.C,1.C
ame:7qfo__1__1.A__1.B,7qfo__1__1.A__1.B,structures/ame/7qfo__1__1.A__1.B.cif,1.A,1.A
ame:7qho__1__1.A_1.B__1.BA,7qho__1__1.A_1.B__1.BA,structures/ame/7qho__1__1.A_1.B__1.BA.cif,"1.A,1.B","1.A,1.B"
ame:7qie__2__1.D__1.H,7qie__2__1.D__1.H,structures/ame/7qie__2__1.D__1.H.cif,1.D,1.D
ame:7qif__1__1.A__1.B,7qif__1__1.A__1.B,structures/ame/7qif__1__1.A__1.B.cif,1.A,1.A
ame:7qke__1__1.A__1.B,7qke__1__1.A__1.B,structures/ame/7qke__1__1.A__1.B.cif,1.A,1.A
ame:7qke__1__1.A__1.C,7qke__1__1.A__1.C,structures/ame/7qke__1__1.A__1.C.cif,1.A,1.A
ame:7qlb__1__1.A__1.F,7qlb__1__1.A__1.F,structures/ame/7qlb__1__1.A__1.F.cif,1.A,1.A
ame:7qnn__1__1.A__1.B,7qnn__1__1.A__1.B,structures/ame/7qnn__1__1.A__1.B.cif,1.A,1.A
ame:7qnn__1__1.A__1.C,7qnn__1__1.A__1.C,structures/ame/7qnn__1__1.A__1.C.cif,1.A,1.A
ame:7qnr__1__1.A__1.B,7qnr__1__1.A__1.B,structures/ame/7qnr__1__1.A__1.B.cif,1.A,1.A
ame:7qnr__1__1.A__1.F,7qnr__1__1.A__1.F,structures/ame/7qnr__1__1.A__1.F.cif,1.A,1.A
ame:7qnu__1__1.A__1.B,7qnu__1__1.A__1.B,structures/ame/7qnu__1__1.A__1.B.cif,1.A,1.A
ame:7qnu__1__1.A__1.F,7qnu__1__1.A__1.F,structures/ame/7qnu__1__1.A__1.F.cif,1.A,1.A
ame:7qpn__2__1.B__1.E,7qpn__2__1.B__1.E,structures/ame/7qpn__2__1.B__1.E.cif,1.B,1.B
ame:7qpn__2__1.B__1.F,7qpn__2__1.B__1.F,structures/ame/7qpn__2__1.B__1.F.cif,1.B,1.B
ame:7qrc__1__1.A__1.D,7qrc__1__1.A__1.D,structures/ame/7qrc__1__1.A__1.D.cif,1.A,1.A
ame:7qvn__1__2.A__2.B,7qvn__1__2.A__2.B,structures/ame/7qvn__1__2.A__2.B.cif,2.A,2.A
ame:7qz7__1__1.A_1.B__1.C,7qz7__1__1.A_1.B__1.C,structures/ame/7qz7__1__1.A_1.B__1.C.cif,"1.A,1.B","1.A,1.B"
ame:7qz8__1__1.A_1.B__1.C,7qz8__1__1.A_1.B__1.C,structures/ame/7qz8__1__1.A_1.B__1.C.cif,"1.A,1.B","1.A,1.B"
ame:7qzz__1__1.A__1.H,7qzz__1__1.A__1.H,structures/ame/7qzz__1__1.A__1.H.cif,1.A,1.A
ame:7r00__1__1.A__1.D,7r00__1__1.A__1.D,structures/ame/7r00__1__1.A__1.D.cif,1.A,1.A
ame:7r05__1__1.A__1.G,7r05__1__1.A__1.G,structures/ame/7r05__1__1.A__1.G.cif,1.A,1.A
ame:7r0y__1__1.A__1.D,7r0y__1__1.A__1.D,structures/ame/7r0y__1__1.A__1.D.cif,1.A,1.A
ame:7ran__1__1.A__1.F,7ran__1__1.A__1.F,structures/ame/7ran__1__1.A__1.F.cif,1.A,1.A
ame:7rfl__1__1.A__1.J,7rfl__1__1.A__1.J,structures/ame/7rfl__1__1.A__1.J.cif,1.A,1.A
ame:7rfm__1__1.A__1.J,7rfm__1__1.A__1.J,structures/ame/7rfm__1__1.A__1.J.cif,1.A,1.A
ame:7rfn__2__1.B__1.O,7rfn__2__1.B__1.O,structures/ame/7rfn__2__1.B__1.O.cif,1.B,1.B
ame:7rgj__1__1.B__1.I,7rgj__1__1.B__1.I,structures/ame/7rgj__1__1.B__1.I.cif,1.B,1.B
ame:7rip__1__1.D__1.O,7rip__1__1.D__1.O,structures/ame/7rip__1__1.D__1.O.cif,1.D,1.D
ame:7riy__1__1.D__1.O,7riy__1__1.D__1.O,structures/ame/7riy__1__1.D__1.O.cif,1.D,1.D
ame:7rrb__2__1.B__1.D,7rrb__2__1.B__1.D,structures/ame/7rrb__2__1.B__1.D.cif,1.B,1.B
ame:7rrc__1__1.A__1.C,7rrc__1__1.A__1.C,structures/ame/7rrc__1__1.A__1.C.cif,1.A,1.A
ame:7rrd__1__1.A__1.C,7rrd__1__1.A__1.C,structures/ame/7rrd__1__1.A__1.C.cif,1.A,1.A
ame:7s2i__1__1.A__1.C,7s2i__1__1.A__1.C,structures/ame/7s2i__1__1.A__1.C.cif,1.A,1.A
ame:7s6h__2__1.H__1.P,7s6h__2__1.H__1.P,structures/ame/7s6h__2__1.H__1.P.cif,1.H,1.H
ame:7sfq__1__1.A_1.B__1.C,7sfq__1__1.A_1.B__1.C,structures/ame/7sfq__1__1.A_1.B__1.C.cif,"1.A,1.B","1.A,1.B"
ame:7sps__2__1.B__1.F,7sps__2__1.B__1.F,structures/ame/7sps__2__1.B__1.F.cif,1.B,1.B
ame:7sq9__1__1.A_1.C__1.J,7sq9__1__1.A_1.C__1.J,structures/ame/7sq9__1__1.A_1.C__1.J.cif,"1.A,1.C","1.A,1.C"
ame:7sql__1__1.B_1.C_1.D__1.N,7sql__1__1.B_1.C_1.D__1.N,structures/ame/7sql__1__1.B_1.C_1.D__1.N.cif,"1.B,1.C,1.D","1.B,1.C,1.D"
ame:7sqm__1__1.A__1.B,7sqm__1__1.A__1.B,structures/ame/7sqm__1__1.A__1.B.cif,1.A,1.A
ame:7srr__1__1.E__1.F,7srr__1__1.E__1.F,structures/ame/7srr__1__1.E__1.F.cif,1.E,1.E
ame:7ssb__1__1.A__1.B,7ssb__1__1.A__1.B,structures/ame/7ssb__1__1.A__1.B.cif,1.A,1.A
ame:7ssu__1__1.A_1.C__1.E,7ssu__1__1.A_1.C__1.E,structures/ame/7ssu__1__1.A_1.C__1.E.cif,"1.A,1.C","1.A,1.C"
ame:7std__2__2.B__2.H,7std__2__2.B__2.H,structures/ame/7std__2__2.B__2.H.cif,2.B,2.B
ame:7sup__1__1.A__1.B,7sup__1__1.A__1.B,structures/ame/7sup__1__1.A__1.B.cif,1.A,1.A
ame:7sv3__1__1.A__1.B,7sv3__1__1.A__1.B,structures/ame/7sv3__1__1.A__1.B.cif,1.A,1.A
ame:7sv4__1__1.A__1.C,7sv4__1__1.A__1.C,structures/ame/7sv4__1__1.A__1.C.cif,1.A,1.A
ame:7sv6__1__1.A__1.B,7sv6__1__1.A__1.B,structures/ame/7sv6__1__1.A__1.B.cif,1.A,1.A
ame:7sv7__1__1.A__1.Q,7sv7__1__1.A__1.Q,structures/ame/7sv7__1__1.A__1.Q.cif,1.A,1.A
ame:7sv9__1__1.B_1.C__1.E,7sv9__1__1.B_1.C__1.E,structures/ame/7sv9__1__1.B_1.C__1.E.cif,"1.C,1.B","1.C,1.B"
ame:7svc__1__1.A__1.B,7svc__1__1.A__1.B,structures/ame/7svc__1__1.A__1.B.cif,1.A,1.A
ame:7svd__1__1.A__1.M,7svd__1__1.A__1.M,structures/ame/7svd__1__1.A__1.M.cif,1.A,1.A
ame:7svl__1__1.A__1.E,7svl__1__1.A__1.E,structures/ame/7svl__1__1.A__1.E.cif,1.A,1.A
ame:7svn__2__1.D__1.H,7svn__2__1.D__1.H,structures/ame/7svn__2__1.D__1.H.cif,1.D,1.D
ame:7svo__1__1.C__1.N,7svo__1__1.C__1.N,structures/ame/7svo__1__1.C__1.N.cif,1.C,1.C
ame:7svp__4__1.D__1.H,7svp__4__1.D__1.H,structures/ame/7svp__4__1.D__1.H.cif,1.D,1.D
ame:7svr__1__1.A__1.C,7svr__1__1.A__1.C,structures/ame/7svr__1__1.A__1.C.cif,1.A,1.A
ame:7swg__1__1.A__1.B,7swg__1__1.A__1.B,structures/ame/7swg__1__1.A__1.B.cif,1.A,1.A
ame:7swi__1__1.A__1.B,7swi__1__1.A__1.B,structures/ame/7swi__1__1.A__1.B.cif,1.A,1.A
ame:7sze__1__2.B__2.N,7sze__1__2.B__2.N,structures/ame/7sze__1__2.B__2.N.cif,2.B,2.B
ame:7szf__1__2.C__2.AA,7szf__1__2.C__2.AA,structures/ame/7szf__1__2.C__2.AA.cif,2.C,2.C
ame:7szh__1__1.A__1.I,7szh__1__1.A__1.I,structures/ame/7szh__1__1.A__1.I.cif,1.A,1.A
ame:7t00__1__1.A_1.C__1.E,7t00__1__1.A_1.C__1.E,structures/ame/7t00__1__1.A_1.C__1.E.cif,"1.A,1.C","1.A,1.C"
ame:7t1g__1__1.A_1.B__1.C,7t1g__1__1.A_1.B__1.C,structures/ame/7t1g__1__1.A_1.B__1.C.cif,"1.A,1.B","1.A,1.B"
ame:7t1h__1__1.A_1.B__1.C,7t1h__1__1.A_1.B__1.C,structures/ame/7t1h__1__1.A_1.B__1.C.cif,"1.A,1.B","1.A,1.B"
ame:7t3n__1__1.A__1.B,7t3n__1__1.A__1.B,structures/ame/7t3n__1__1.A__1.B.cif,1.A,1.A
ame:7t3n__1__1.A__1.C,7t3n__1__1.A__1.C,structures/ame/7t3n__1__1.A__1.C.cif,1.A,1.A
ame:7t9r__1__1.A__1.G,7t9r__1__1.A__1.G,structures/ame/7t9r__1__1.A__1.G.cif,1.A,1.A
ame:7tab__1__1.A__1.B,7tab__1__1.A__1.B,structures/ame/7tab__1__1.A__1.B.cif,1.A,1.A
ame:7tao__1__1.A_1.B_1.O__1.P,7tao__1__1.A_1.B_1.O__1.P,structures/ame/7tao__1__1.A_1.B_1.O__1.P.cif,"1.A,1.B,1.O","1.A,1.B,1.O"
ame:7tcz__1__1.A_2.A__1.B,7tcz__1__1.A_2.A__1.B,structures/ame/7tcz__1__1.A_2.A__1.B.cif,"1.A,2.A","1.A,2.A"
ame:7td9__3__1.C__1.F,7td9__3__1.C__1.F,structures/ame/7td9__3__1.C__1.F.cif,1.C,1.C
ame:7thu__1__1.I__1.QC,7thu__1__1.I__1.QC,structures/ame/7thu__1__1.I__1.QC.cif,1.I,1.I
ame:7tie__1__1.I__1.SC,7tie__1__1.I__1.SC,structures/ame/7tie__1__1.I__1.SC.cif,1.I,1.I
ame:7tih__1__1.I__1.QC,7tih__1__1.I__1.QC,structures/ame/7tih__1__1.I__1.QC.cif,1.I,1.I
ame:7tii__1__1.I__1.DB,7tii__1__1.I__1.DB,structures/ame/7tii__1__1.I__1.DB.cif,1.I,1.I
ame:7tun__2__1.B__1.D,7tun__2__1.B__1.D,structures/ame/7tun__2__1.B__1.D.cif,1.B,1.B
ame:7tuo__1__1.A__1.B,7tuo__1__1.A__1.B,structures/ame/7tuo__1__1.A__1.B.cif,1.A,1.A
ame:7tva__1__1.A__1.C,7tva__1__1.A__1.C,structures/ame/7tva__1__1.A__1.C.cif,1.A,1.A
ame:7txp__1__1.A_2.A__2.B,7txp__1__1.A_2.A__2.B,structures/ame/7txp__1__1.A_2.A__2.B.cif,"1.A,2.A","1.A,2.A"
ame:7txq__1__1.A_2.A__2.C,7txq__1__1.A_2.A__2.C,structures/ame/7txq__1__1.A_2.A__2.C.cif,"1.A,2.A","1.A,2.A"
ame:7txq__1__2.A_3.A__3.B,7txq__1__2.A_3.A__3.B,structures/ame/7txq__1__2.A_3.A__3.B.cif,"2.A,3.A","2.A,3.A"
ame:7txs__1__2.A_3.A__3.B,7txs__1__2.A_3.A__3.B,structures/ame/7txs__1__2.A_3.A__3.B.cif,"2.A,3.A","2.A,3.A"
ame:7tz6__1__1.C_1.E__1.Y,7tz6__1__1.C_1.E__1.Y,structures/ame/7tz6__1__1.C_1.E__1.Y.cif,"1.C,1.E","1.C,1.E"
ame:7u1o__2__1.B__1.E,7u1o__2__1.B__1.E,structures/ame/7u1o__2__1.B__1.E.cif,1.B,1.B
ame:7u5a__2__1.B__1.E,7u5a__2__1.B__1.E,structures/ame/7u5a__2__1.B__1.E.cif,1.B,1.B
ame:7ubt__1__1.A__1.F,7ubt__1__1.A__1.F,structures/ame/7ubt__1__1.A__1.F.cif,1.A,1.A
ame:7uc6__1__1.A__1.B,7uc6__1__1.A__1.B,structures/ame/7uc6__1__1.A__1.B.cif,1.A,1.A
ame:7uc7__1__1.A__1.C,7uc7__1__1.A__1.C,structures/ame/7uc7__1__1.A__1.C.cif,1.A,1.A
ame:7udp__1__1.A__1.B,7udp__1__1.A__1.B,structures/ame/7udp__1__1.A__1.B.cif,1.A,1.A
ame:7udq__2__1.B__1.F,7udq__2__1.B__1.F,structures/ame/7udq__2__1.B__1.F.cif,1.B,1.B
ame:7uhf__1__1.A__1.I,7uhf__1__1.A__1.I,structures/ame/7uhf__1__1.A__1.I.cif,1.A,1.A
ame:7uhf__1__1.A__1.L,7uhf__1__1.A__1.L,structures/ame/7uhf__1__1.A__1.L.cif,1.A,1.A
ame:7uj4__1__1.B__1.F,7uj4__1__1.B__1.F,structures/ame/7uj4__1__1.B__1.F.cif,1.B,1.B
ame:7um4__1__1.A__1.I,7um4__1__1.A__1.I,structures/ame/7um4__1__1.A__1.I.cif,1.A,1.A
ame:7um5__1__1.A__1.F,7um5__1__1.A__1.F,structures/ame/7um5__1__1.A__1.F.cif,1.A,1.A
ame:7um6__1__1.A__1.F,7um6__1__1.A__1.F,structures/ame/7um6__1__1.A__1.F.cif,1.A,1.A
ame:7um7__1__1.A__1.F,7um7__1__1.A__1.F,structures/ame/7um7__1__1.A__1.F.cif,1.A,1.A
ame:7umo__6__1.F__1.O,7umo__6__1.F__1.O,structures/ame/7umo__6__1.F__1.O.cif,1.F,1.F
ame:7unw__1__1.X__1.OJ,7unw__1__1.X__1.OJ,structures/ame/7unw__1__1.X__1.OJ.cif,1.X,1.X
ame:7uor__3__1.C__1.L,7uor__3__1.C__1.L,structures/ame/7uor__3__1.C__1.L.cif,1.C,1.C
ame:7uqm__1__2.A__2.B,7uqm__1__2.A__2.B,structures/ame/7uqm__1__2.A__2.B.cif,2.A,2.A
ame:7uqn__1__2.A__2.B,7uqn__1__2.A__2.B,structures/ame/7uqn__1__2.A__2.B.cif,2.A,2.A
ame:7uqo__1__1.A__1.B,7uqo__1__1.A__1.B,structures/ame/7uqo__1__1.A__1.B.cif,1.A,1.A
ame:7urc__1__1.A__1.D,7urc__1__1.A__1.D,structures/ame/7urc__1__1.A__1.D.cif,1.A,1.A
ame:7urd__1__1.A__1.E,7urd__1__1.A__1.E,structures/ame/7urd__1__1.A__1.E.cif,1.A,1.A
ame:7uvd__1__1.B__1.E,7uvd__1__1.B__1.E,structures/ame/7uvd__1__1.B__1.E.cif,1.B,1.B
ame:7uvv__1__1.AA__1.CB,7uvv__1__1.AA__1.CB,structures/ame/7uvv__1__1.AA__1.CB.cif,1.AA,1.AA
ame:7uvv__1__1.GA__1.DB,7uvv__1__1.GA__1.DB,structures/ame/7uvv__1__1.GA__1.DB.cif,1.GA,1.GA
ame:7uvx__1__1.AA__1.AB,7uvx__1__1.AA__1.AB,structures/ame/7uvx__1__1.AA__1.AB.cif,1.AA,1.AA
ame:7uvy__1__1.AA__1.DB,7uvy__1__1.AA__1.DB,structures/ame/7uvy__1__1.AA__1.DB.cif,1.AA,1.AA
ame:7uvy__1__1.GA__1.LB,7uvy__1__1.GA__1.LB,structures/ame/7uvy__1__1.GA__1.LB.cif,1.GA,1.GA
ame:7uvy__1__1.N__1.OB,7uvy__1__1.N__1.OB,structures/ame/7uvy__1__1.N__1.OB.cif,1.N,1.N
ame:7uvz__1__1.AA__1.FB,7uvz__1__1.AA__1.FB,structures/ame/7uvz__1__1.AA__1.FB.cif,1.AA,1.AA
ame:7uvz__1__1.GA__1.NB,7uvz__1__1.GA__1.NB,structures/ame/7uvz__1__1.GA__1.NB.cif,1.GA,1.GA
ame:7uw1__1__1.AA__1.IB,7uw1__1__1.AA__1.IB,structures/ame/7uw1__1__1.AA__1.IB.cif,1.AA,1.AA
ame:7uw1__1__1.GA__1.MB,7uw1__1__1.GA__1.MB,structures/ame/7uw1__1__1.GA__1.MB.cif,1.GA,1.GA
ame:7uxu__1__1.A_1.B__1.E,7uxu__1__1.A_1.B__1.E,structures/ame/7uxu__1__1.A_1.B__1.E.cif,"1.A,1.B","1.A,1.B"
ame:7v2h__1__1.C_1.P__1.KB,7v2h__1__1.C_1.P__1.KB,structures/ame/7v2h__1__1.C_1.P__1.KB.cif,"1.C,1.P","1.C,1.P"
ame:7v6g__1__1.A__1.E,7v6g__1__1.A__1.E,structures/ame/7v6g__1__1.A__1.E.cif,1.A,1.A
ame:7vbt__1__1.B__1.D,7vbt__1__1.B__1.D,structures/ame/7vbt__1__1.B__1.D.cif,1.B,1.B
ame:7vbz__1__1.C_1.P__1.JA,7vbz__1__1.C_1.P__1.JA,structures/ame/7vbz__1__1.C_1.P__1.JA.cif,"1.C,1.P","1.C,1.P"
ame:7vf7__2__1.B__1.G,7vf7__2__1.B__1.G,structures/ame/7vf7__2__1.B__1.G.cif,1.B,1.B
ame:7vgy__1__1.A__1.G,7vgy__1__1.A__1.G,structures/ame/7vgy__1__1.A__1.G.cif,1.A,1.A
ame:7vgz__1__1.A__1.F,7vgz__1__1.A__1.F,structures/ame/7vgz__1__1.A__1.F.cif,1.A,1.A
ame:7vjt__2__1.B__1.D,7vjt__2__1.B__1.D,structures/ame/7vjt__2__1.B__1.D.cif,1.B,1.B
ame:7vkt__1__1.A__1.F,7vkt__1__1.A__1.F,structures/ame/7vkt__1__1.A__1.F.cif,1.A,1.A
ame:7vkt__1__1.A__1.G,7vkt__1__1.A__1.G,structures/ame/7vkt__1__1.A__1.G.cif,1.A,1.A
ame:7vln__2__1.B__1.D,7vln__2__1.B__1.D,structures/ame/7vln__2__1.B__1.D.cif,1.B,1.B
ame:7vm1__4__1.D__1.I,7vm1__4__1.D__1.I,structures/ame/7vm1__4__1.D__1.I.cif,1.D,1.D
ame:7vsi__1__1.A__1.E,7vsi__1__1.A__1.E,structures/ame/7vsi__1__1.A__1.E.cif,1.A,1.A
ame:7vyf__1__1.C_1.P__1.X,7vyf__1__1.C_1.P__1.X,structures/ame/7vyf__1__1.C_1.P__1.X.cif,"1.C,1.P","1.C,1.P"
ame:7w06__1__2.A__2.B,7w06__1__2.A__2.B,structures/ame/7w06__1__2.A__2.B.cif,2.A,2.A
ame:7w07__1__2.A__2.B,7w07__1__2.A__2.B,structures/ame/7w07__1__2.A__2.B.cif,2.A,2.A
ame:7w1t__1__1.C_1.P__1.ZA,7w1t__1__1.C_1.P__1.ZA,structures/ame/7w1t__1__1.C_1.P__1.ZA.cif,"1.C,1.P","1.C,1.P"
ame:7w1z__1__1.C_1.P__1.NB,7w1z__1__1.C_1.P__1.NB,structures/ame/7w1z__1__1.C_1.P__1.NB.cif,"1.C,1.P","1.C,1.P"
ame:7w20__1__1.C_1.P__1.CB,7w20__1__1.C_1.P__1.CB,structures/ame/7w20__1__1.C_1.P__1.CB.cif,"1.C,1.P","1.C,1.P"
ame:7w2c__4__1.K__1.VA,7w2c__4__1.K__1.VA,structures/ame/7w2c__4__1.K__1.VA.cif,1.K,1.K
ame:7w2d__1__1.C__1.U,7w2d__1__1.C__1.U,structures/ame/7w2d__1__1.C__1.U.cif,1.C,1.C
ame:7w2f__2__1.E__1.R,7w2f__2__1.E__1.R,structures/ame/7w2f__2__1.E__1.R.cif,1.E,1.E
ame:7w2g__2__1.D__1.Q,7w2g__2__1.D__1.Q,structures/ame/7w2g__2__1.D__1.Q.cif,1.D,1.D
ame:7w2h__4__1.K__1.IA,7w2h__4__1.K__1.IA,structures/ame/7w2h__4__1.K__1.IA.cif,1.K,1.K
ame:7w2r__1__1.C_1.P__1.CB,7w2r__1__1.C_1.P__1.CB,structures/ame/7w2r__1__1.C_1.P__1.CB.cif,"1.C,1.P","1.C,1.P"
ame:7w2u__1__1.C_1.P__1.CB,7w2u__1__1.C_1.P__1.CB,structures/ame/7w2u__1__1.C_1.P__1.CB.cif,"1.C,1.P","1.C,1.P"
ame:7w2y__1__1.C_1.P__1.CB,7w2y__1__1.C_1.P__1.CB,structures/ame/7w2y__1__1.C_1.P__1.CB.cif,"1.C,1.P","1.C,1.P"
ame:7w4d__1__1.C_1.P__1.JB,7w4d__1__1.C_1.P__1.JB,structures/ame/7w4d__1__1.C_1.P__1.JB.cif,"1.C,1.P","1.C,1.P"
ame:7w4e__1__1.C_1.P__1.LB,7w4e__1__1.C_1.P__1.LB,structures/ame/7w4e__1__1.C_1.P__1.LB.cif,"1.C,1.P","1.C,1.P"
ame:7w6p__1__1.E__1.F,7w6p__1__1.E__1.F,structures/ame/7w6p__1__1.E__1.F.cif,1.E,1.E
ame:7w7e__1__1.E__1.F,7w7e__1__1.E__1.F,structures/ame/7w7e__1__1.E__1.F.cif,1.E,1.E
ame:7wcm__1__1.E__1.F,7wcm__1__1.E__1.F,structures/ame/7wcm__1__1.E__1.F.cif,1.E,1.E
ame:7wcn__1__1.E__1.F,7wcn__1__1.E__1.F,structures/ame/7wcn__1__1.E__1.F.cif,1.E,1.E
ame:7wmm__1__1.A_1.B_1.E__1.G,7wmm__1__1.A_1.B_1.E__1.G,structures/ame/7wmm__1__1.A_1.B_1.E__1.G.cif,"1.A,1.B,1.E","1.A,1.B,1.E"
ame:7wnx__1__1.A__1.B,7wnx__1__1.A__1.B,structures/ame/7wnx__1__1.A__1.B.cif,1.A,1.A
ame:7wrc__1__1.A__1.F,7wrc__1__1.A__1.F,structures/ame/7wrc__1__1.A__1.F.cif,1.A,1.A
ame:7wrd__1__1.A__1.F,7wrd__1__1.A__1.F,structures/ame/7wrd__1__1.A__1.F.cif,1.A,1.A
ame:7wre__1__1.A__1.F,7wre__1__1.A__1.F,structures/ame/7wre__1__1.A__1.F.cif,1.A,1.A
ame:7wrf__1__1.A__1.G,7wrf__1__1.A__1.G,structures/ame/7wrf__1__1.A__1.G.cif,1.A,1.A
ame:7wux__1__1.B_1.C__1.G,7wux__1__1.B_1.C__1.G,structures/ame/7wux__1__1.B_1.C__1.G.cif,"1.B,1.C","1.B,1.C"
ame:7wxg__1__1.A__1.B,7wxg__1__1.A__1.B,structures/ame/7wxg__1__1.A__1.B.cif,1.A,1.A
ame:7wxi__1__1.A__1.C,7wxi__1__1.A__1.C,structures/ame/7wxi__1__1.A__1.C.cif,1.A,1.A
ame:7x0e__1__1.A__1.B,7x0e__1__1.A__1.B,structures/ame/7x0e__1__1.A__1.B.cif,1.A,1.A
ame:7x0f__4__1.D__1.H,7x0f__4__1.D__1.H,structures/ame/7x0f__4__1.D__1.H.cif,1.D,1.D
ame:7x3p__1__1.A__1.B,7x3p__1__1.A__1.B,structures/ame/7x3p__1__1.A__1.B.cif,1.A,1.A
ame:7x4w__2__1.F__1.I,7x4w__2__1.F__1.I,structures/ame/7x4w__2__1.F__1.I.cif,1.F,1.F
ame:7x4x__2__1.B__1.H,7x4x__2__1.B__1.H,structures/ame/7x4x__2__1.B__1.H.cif,1.B,1.B
ame:7xc4__1__1.B__1.D,7xc4__1__1.B__1.D,structures/ame/7xc4__1__1.B__1.D.cif,1.B,1.B
ame:7xjn__3__1.C__1.H,7xjn__3__1.C__1.H,structures/ame/7xjn__3__1.C__1.H.cif,1.C,1.C
ame:7xk6__1__1.A_1.B__1.I,7xk6__1__1.A_1.B__1.I,structures/ame/7xk6__1__1.A_1.B__1.I.cif,"1.A,1.B","1.A,1.B"
ame:7xk9__1__1.A__1.C,7xk9__1__1.A__1.C,structures/ame/7xk9__1__1.A__1.C.cif,1.A,1.A
ame:7xka__1__1.A__1.C,7xka__1__1.A__1.C,structures/ame/7xka__1__1.A__1.C.cif,1.A,1.A
ame:7xmb__1__1.A_1.L__1.HA,7xmb__1__1.A_1.L__1.HA,structures/ame/7xmb__1__1.A_1.L__1.HA.cif,"1.A,1.L","1.A,1.L"
ame:7xpy__1__1.A__1.B,7xpy__1__1.A__1.B,structures/ame/7xpy__1__1.A__1.B.cif,1.A,1.A
ame:7xs6__1__1.A__1.X,7xs6__1__1.A__1.X,structures/ame/7xs6__1__1.A__1.X.cif,1.A,1.A
ame:7xtq__1__1.E__1.F,7xtq__1__1.E__1.F,structures/ame/7xtq__1__1.E__1.F.cif,1.E,1.E
ame:7xxc__2__1.E_1.F_1.H__1.Y,7xxc__2__1.E_1.F_1.H__1.Y,structures/ame/7xxc__2__1.E_1.F_1.H__1.Y.cif,"1.E,1.F,1.H","1.E,1.F,1.H"
ame:7xxm__1__1.A_1.B_1.D__1.N,7xxm__1__1.A_1.B_1.D__1.N,structures/ame/7xxm__1__1.A_1.B_1.D__1.N.cif,"1.A,1.B,1.D","1.A,1.B,1.D"
ame:7y0x__1__1.A_1.B_1.C__1.J,7y0x__1__1.A_1.B_1.C__1.J,structures/ame/7y0x__1__1.A_1.B_1.C__1.J.cif,"1.B,1.C,1.A","1.B,1.C,1.A"
ame:7y1p__2__1.B__1.E,7y1p__2__1.B__1.E,structures/ame/7y1p__2__1.B__1.E.cif,1.B,1.B
ame:7ydq__1__1.A__1.B,7ydq__1__1.A__1.B,structures/ame/7ydq__1__1.A__1.B.cif,1.A,1.A
ame:7yet__1__1.A__1.F,7yet__1__1.A__1.F,structures/ame/7yet__1__1.A__1.F.cif,1.A,1.A
ame:7yk6__1__1.C__1.F,7yk6__1__1.C__1.F,structures/ame/7yk6__1__1.C__1.F.cif,1.C,1.C
ame:7yk7__1__1.C__1.F,7yk7__1__1.C__1.F,structures/ame/7yk7__1__1.C__1.F.cif,1.C,1.C
ame:7yke__1__1.A__1.C,7yke__1__1.A__1.C,structures/ame/7yke__1__1.A__1.C.cif,1.A,1.A
ame:7ykv__1__1.A__1.C,7ykv__1__1.A__1.C,structures/ame/7ykv__1__1.A__1.C.cif,1.A,1.A
ame:7yle__1__1.A__1.B,7yle__1__1.A__1.B,structures/ame/7yle__1__1.A__1.B.cif,1.A,1.A
ame:7ynj__1__1.A__1.C,7ynj__1__1.A__1.C,structures/ame/7ynj__1__1.A__1.C.cif,1.A,1.A
ame:7yoq__1__1.B__1.D,7yoq__1__1.B__1.D,structures/ame/7yoq__1__1.B__1.D.cif,1.B,1.B
ame:7yor__1__1.B__1.E,7yor__1__1.B__1.E,structures/ame/7yor__1__1.B__1.E.cif,1.B,1.B
ame:7yp3__4__1.F__1.Z,7yp3__4__1.F__1.Z,structures/ame/7yp3__4__1.F__1.Z.cif,1.F,1.F
ame:7yp8__1__1.A__1.C,7yp8__1__1.A__1.C,structures/ame/7yp8__1__1.A__1.C.cif,1.A,1.A
ame:7yq8__1__1.B__1.I,7yq8__1__1.B__1.I,structures/ame/7yq8__1__1.B__1.I.cif,1.B,1.B
ame:7yud__1__1.D__1.F,7yud__1__1.D__1.F,structures/ame/7yud__1__1.D__1.F.cif,1.D,1.D
ame:7yul__1__1.A__1.C,7yul__1__1.A__1.C,structures/ame/7yul__1__1.A__1.C.cif,1.A,1.A
ame:7yvd__3__1.C__1.F,7yvd__3__1.C__1.F,structures/ame/7yvd__3__1.C__1.F.cif,1.C,1.C
ame:7z3y__1__1.A__1.D,7z3y__1__1.A__1.D,structures/ame/7z3y__1__1.A__1.D.cif,1.A,1.A
ame:7z5b__3__1.C__1.G,7z5b__3__1.C__1.G,structures/ame/7z5b__3__1.C__1.G.cif,1.C,1.C
ame:7z5r__1__1.A__1.D,7z5r__1__1.A__1.D,structures/ame/7z5r__1__1.A__1.D.cif,1.A,1.A
ame:7z78__3__1.C__1.I,7z78__3__1.C__1.I,structures/ame/7z78__3__1.C__1.I.cif,1.C,1.C
ame:7z9h__1__1.A__1.I,7z9h__1__1.A__1.I,structures/ame/7z9h__1__1.A__1.I.cif,1.A,1.A
ame:7z9i__1__1.A__1.G,7z9i__1__1.A__1.G,structures/ame/7z9i__1__1.A__1.G.cif,1.A,1.A
ame:7z9n__1__1.A__1.D,7z9n__1__1.A__1.D,structures/ame/7z9n__1__1.A__1.D.cif,1.A,1.A
ame:7z9o__1__1.A__1.I,7z9o__1__1.A__1.I,structures/ame/7z9o__1__1.A__1.I.cif,1.A,1.A
ame:7z9s__1__1.A__1.D,7z9s__1__1.A__1.D,structures/ame/7z9s__1__1.A__1.D.cif,1.A,1.A
ame:7z9u__1__1.A__1.B,7z9u__1__1.A__1.B,structures/ame/7z9u__1__1.A__1.B.cif,1.A,1.A
ame:7z9u__1__1.A__1.K,7z9u__1__1.A__1.K,structures/ame/7z9u__1__1.A__1.K.cif,1.A,1.A
ame:7zc7__3__1.C__1.F,7zc7__3__1.C__1.F,structures/ame/7zc7__3__1.C__1.F.cif,1.C,1.C
ame:7zg3__2__1.B__1.F,7zg3__2__1.B__1.F,structures/ame/7zg3__2__1.B__1.F.cif,1.B,1.B
ame:7zg9__1__1.A__1.C,7zg9__1__1.A__1.C,structures/ame/7zg9__1__1.A__1.C.cif,1.A,1.A
ame:7zga__1__1.A__1.B,7zga__1__1.A__1.B,structures/ame/7zga__1__1.A__1.B.cif,1.A,1.A
ame:7zgb__1__1.A__1.B,7zgb__1__1.A__1.B,structures/ame/7zgb__1__1.A__1.B.cif,1.A,1.A
ame:7zgc__1__1.A__1.B,7zgc__1__1.A__1.B,structures/ame/7zgc__1__1.A__1.B.cif,1.A,1.A
ame:7zgd__1__1.A__1.B,7zgd__1__1.A__1.B,structures/ame/7zgd__1__1.A__1.B.cif,1.A,1.A
ame:7zh4__1__1.B__1.D,7zh4__1__1.B__1.D,structures/ame/7zh4__1__1.B__1.D.cif,1.B,1.B
ame:7zhd__1__1.A__1.B,7zhd__1__1.A__1.B,structures/ame/7zhd__1__1.A__1.B.cif,1.A,1.A
ame:7zjw__1__1.A__1.JC,7zjw__1__1.A__1.JC,structures/ame/7zjw__1__1.A__1.JC.cif,1.A,1.A
ame:7zlm__4__1.J__1.P,7zlm__4__1.J__1.P,structures/ame/7zlm__4__1.J__1.P.cif,1.J,1.J
ame:7zln__1__1.A__1.D,7zln__1__1.A__1.D,structures/ame/7zln__1__1.A__1.D.cif,1.A,1.A
ame:7zlo__1__1.A__1.D,7zlo__1__1.A__1.D,structures/ame/7zlo__1__1.A__1.D.cif,1.A,1.A
ame:7zlp__1__1.A__1.D,7zlp__1__1.A__1.D,structures/ame/7zlp__1__1.A__1.D.cif,1.A,1.A
ame:7zlr__1__1.A__1.D,7zlr__1__1.A__1.D,structures/ame/7zlr__1__1.A__1.D.cif,1.A,1.A
ame:7zls__3__1.G__1.P,7zls__3__1.G__1.P,structures/ame/7zls__3__1.G__1.P.cif,1.G,1.G
ame:7zm1__1__1.A__1.C,7zm1__1__1.A__1.C,structures/ame/7zm1__1__1.A__1.C.cif,1.A,1.A
ame:7zm4__1__1.B__1.D,7zm4__1__1.B__1.D,structures/ame/7zm4__1__1.B__1.D.cif,1.B,1.B
ame:7zpy__1__1.A__1.C,7zpy__1__1.A__1.C,structures/ame/7zpy__1__1.A__1.C.cif,1.A,1.A
ame:7zui__1__1.A__1.B,7zui__1__1.A__1.B,structures/ame/7zui__1__1.A__1.B.cif,1.A,1.A
ame:7zuj__1__1.A__1.B,7zuj__1__1.A__1.B,structures/ame/7zuj__1__1.A__1.B.cif,1.A,1.A
ame:7zuk__1__1.A__1.B,7zuk__1__1.A__1.B,structures/ame/7zuk__1__1.A__1.B.cif,1.A,1.A
ame:7zul__1__1.A__1.B,7zul__1__1.A__1.B,structures/ame/7zul__1__1.A__1.B.cif,1.A,1.A
ame:7zun__1__1.A__1.B,7zun__1__1.A__1.B,structures/ame/7zun__1__1.A__1.B.cif,1.A,1.A
ame:7zxs__2__1.D__1.MA,7zxs__2__1.D__1.MA,structures/ame/7zxs__2__1.D__1.MA.cif,1.D,1.D
ame:7zxw__1__1.A__1.B,7zxw__1__1.A__1.B,structures/ame/7zxw__1__1.A__1.B.cif,1.A,1.A
ame:7zxw__1__1.A__1.F,7zxw__1__1.A__1.F,structures/ame/7zxw__1__1.A__1.F.cif,1.A,1.A
ame:7zz7__1__1.A_4.A__1.C,7zz7__1__1.A_4.A__1.C,structures/ame/7zz7__1__1.A_4.A__1.C.cif,"1.A,4.A","1.A,4.A"
ame:7zz9__1__2.A_3.A__3.C,7zz9__1__2.A_3.A__3.C,structures/ame/7zz9__1__2.A_3.A__3.C.cif,"2.A,3.A","2.A,3.A"
ame:7zza__1__1.A_4.A__1.C,7zza__1__1.A_4.A__1.C,structures/ame/7zza__1__1.A_4.A__1.C.cif,"1.A,4.A","1.A,4.A"
ame:7zzb__1__1.A_4.A__4.C,7zzb__1__1.A_4.A__4.C,structures/ame/7zzb__1__1.A_4.A__4.C.cif,"1.A,4.A","1.A,4.A"
ame:7zzc__1__1.A_4.A__1.D,7zzc__1__1.A_4.A__1.D,structures/ame/7zzc__1__1.A_4.A__1.D.cif,"1.A,4.A","1.A,4.A"
ame:7zzd__1__1.A_4.A__4.C,7zzd__1__1.A_4.A__4.C,structures/ame/7zzd__1__1.A_4.A__4.C.cif,"1.A,4.A","1.A,4.A"
ame:7zze__1__2.A_3.A__2.C,7zze__1__2.A_3.A__2.C,structures/ame/7zze__1__2.A_3.A__2.C.cif,"2.A,3.A","2.A,3.A"
ame:7zzf__1__1.A_4.A__4.C,7zzf__1__1.A_4.A__4.C,structures/ame/7zzf__1__1.A_4.A__4.C.cif,"1.A,4.A","1.A,4.A"
ame:7zzg__1__1.A_4.A__4.C,7zzg__1__1.A_4.A__4.C,structures/ame/7zzg__1__1.A_4.A__4.C.cif,"1.A,4.A","1.A,4.A"
ame:7zzh__1__1.A_4.A__4.C,7zzh__1__1.A_4.A__4.C,structures/ame/7zzh__1__1.A_4.A__4.C.cif,"1.A,4.A","1.A,4.A"
ame:8a1y__1__1.A_1.B__1.N,8a1y__1__1.A_1.B__1.N,structures/ame/8a1y__1__1.A_1.B__1.N.cif,"1.A,1.B","1.A,1.B"
ame:8a3h__1__1.A__1.D,8a3h__1__1.A__1.D,structures/ame/8a3h__1__1.A__1.D.cif,1.A,1.A
ame:8a4y__1__1.A__1.B,8a4y__1__1.A__1.B,structures/ame/8a4y__1__1.A__1.B.cif,1.A,1.A
ame:8a9k__1__1.D__1.I,8a9k__1__1.D__1.I,structures/ame/8a9k__1__1.D__1.I.cif,1.D,1.D
ame:8a9v__1__1.A_4.A__1.C,8a9v__1__1.A_4.A__1.C,structures/ame/8a9v__1__1.A_4.A__1.C.cif,"1.A,4.A","1.A,4.A"
ame:8abu__1__1.A__1.D,8abu__1__1.A__1.D,structures/ame/8abu__1__1.A__1.D.cif,1.A,1.A
ame:8adj__3__1.C__1.P,8adj__3__1.C__1.P,structures/ame/8adj__3__1.C__1.P.cif,1.C,1.C
ame:8aei__1__1.A__1.C,8aei__1__1.A__1.C,structures/ame/8aei__1__1.A__1.C.cif,1.A,1.A
ame:8ahu__1__1.A_2.A__2.C,8ahu__1__1.A_2.A__2.C,structures/ame/8ahu__1__1.A_2.A__2.C.cif,"1.A,2.A","1.A,2.A"
ame:8at0__1__1.A__1.J,8at0__1__1.A__1.J,structures/ame/8at0__1__1.A__1.J.cif,1.A,1.A
ame:8at0__2__1.B__1.L,8at0__2__1.B__1.L,structures/ame/8at0__2__1.B__1.L.cif,1.B,1.B
ame:8ays__1__1.A__1.B,8ays__1__1.A__1.B,structures/ame/8ays__1__1.A__1.B.cif,1.A,1.A
ame:8az8__1__1.A__1.B,8az8__1__1.A__1.B,structures/ame/8az8__1__1.A__1.B.cif,1.A,1.A
ame:8b47__1__1.A_2.B__2.F,8b47__1__1.A_2.B__2.F,structures/ame/8b47__1__1.A_2.B__2.F.cif,"2.B,1.A","2.B,1.A"
ame:8b61__1__1.A__1.E,8b61__1__1.A__1.E,structures/ame/8b61__1__1.A__1.E.cif,1.A,1.A
ame:8b6m__2__1.C_1.D__1.K,8b6m__2__1.C_1.D__1.K,structures/ame/8b6m__2__1.C_1.D__1.K.cif,"1.C,1.D","1.C,1.D"
ame:8b75__1__1.A__1.B,8b75__1__1.A__1.B,structures/ame/8b75__1__1.A__1.B.cif,1.A,1.A
ame:8b7x__1__1.A__1.B,8b7x__1__1.A__1.B,structures/ame/8b7x__1__1.A__1.B.cif,1.A,1.A
ame:8bbd__1__1.A__1.D,8bbd__1__1.A__1.D,structures/ame/8bbd__1__1.A__1.D.cif,1.A,1.A
ame:8bht__1__1.A_1.B__1.G,8bht__1__1.A_1.B__1.G,structures/ame/8bht__1__1.A_1.B__1.G.cif,"1.A,1.B","1.A,1.B"
ame:8bjd__1__1.A__1.B,8bjd__1__1.A__1.B,structures/ame/8bjd__1__1.A__1.B.cif,1.A,1.A
ame:8bju__1__1.A__1.B,8bju__1__1.A__1.B,structures/ame/8bju__1__1.A__1.B.cif,1.A,1.A
ame:8bk4__1__1.A__1.C,8bk4__1__1.A__1.C,structures/ame/8bk4__1__1.A__1.C.cif,1.A,1.A
ame:8blp__1__1.A__1.V,8blp__1__1.A__1.V,structures/ame/8blp__1__1.A__1.V.cif,1.A,1.A
ame:8bmy__1__1.A__1.C,8bmy__1__1.A__1.C,structures/ame/8bmy__1__1.A__1.C.cif,1.A,1.A
ame:8bmz__2__1.B__1.L,8bmz__2__1.B__1.L,structures/ame/8bmz__2__1.B__1.L.cif,1.B,1.B
ame:8bn8__1__1.A__1.C,8bn8__1__1.A__1.C,structures/ame/8bn8__1__1.A__1.C.cif,1.A,1.A
ame:8bq4__1__1.A__1.C,8bq4__1__1.A__1.C,structures/ame/8bq4__1__1.A__1.C.cif,1.A,1.A
ame:8bq7__1__1.A__1.D,8bq7__1__1.A__1.D,structures/ame/8bq7__1__1.A__1.D.cif,1.A,1.A
ame:8bro__1__2.A_3.A__2.B,8bro__1__2.A_3.A__2.B,structures/ame/8bro__1__2.A_3.A__2.B.cif,"2.A,3.A","2.A,3.A"
ame:8bsx__1__1.A__1.D,8bsx__1__1.A__1.D,structures/ame/8bsx__1__1.A__1.D.cif,1.A,1.A
ame:8bvd__3__1.C__1.G,8bvd__3__1.C__1.G,structures/ame/8bvd__3__1.C__1.G.cif,1.C,1.C
ame:8bwu__1__1.A__1.B,8bwu__1__1.A__1.B,structures/ame/8bwu__1__1.A__1.B.cif,1.A,1.A
ame:8bxy__1__1.A__1.C,8bxy__1__1.A__1.C,structures/ame/8bxy__1__1.A__1.C.cif,1.A,1.A
ame:8bzy__1__1.A__1.D,8bzy__1__1.A__1.D,structures/ame/8bzy__1__1.A__1.D.cif,1.A,1.A
ame:8c03__1__1.A__1.B,8c03__1__1.A__1.B,structures/ame/8c03__1__1.A__1.B.cif,1.A,1.A
ame:8c18__1__1.A__1.B,8c18__1__1.A__1.B,structures/ame/8c18__1__1.A__1.B.cif,1.A,1.A
ame:8c3j__1__1.C__1.E,8c3j__1__1.C__1.E,structures/ame/8c3j__1__1.C__1.E.cif,1.C,1.C
ame:8c5o__1__1.A__1.B,8c5o__1__1.A__1.B,structures/ame/8c5o__1__1.A__1.B.cif,1.A,1.A
ame:8c5w__1__1.A__1.B,8c5w__1__1.A__1.B,structures/ame/8c5w__1__1.A__1.B.cif,1.A,1.A
ame:8c8c__1__1.A__1.B,8c8c__1__1.A__1.B,structures/ame/8c8c__1__1.A__1.B.cif,1.A,1.A
ame:8c9e__1__1.A__1.D,8c9e__1__1.A__1.D,structures/ame/8c9e__1__1.A__1.D.cif,1.A,1.A
ame:8c9g__1__1.A__1.D,8c9g__1__1.A__1.D,structures/ame/8c9g__1__1.A__1.D.cif,1.A,1.A
ame:8c9h__1__1.A__1.I,8c9h__1__1.A__1.I,structures/ame/8c9h__1__1.A__1.I.cif,1.A,1.A
ame:8cam__1__1.J_1.O__1.XL,8cam__1__1.J_1.O__1.XL,structures/ame/8cam__1__1.J_1.O__1.XL.cif,"1.J,1.O","1.J,1.O"
ame:8cc2__1__1.A__1.B,8cc2__1__1.A__1.B,structures/ame/8cc2__1__1.A__1.B.cif,1.A,1.A
ame:8ccu__1__1.A__1.B,8ccu__1__1.A__1.B,structures/ame/8ccu__1__1.A__1.B.cif,1.A,1.A
ame:8cd9__1__1.A__1.B,8cd9__1__1.A__1.B,structures/ame/8cd9__1__1.A__1.B.cif,1.A,1.A
ame:8cdr__1__1.L__1.SK,8cdr__1__1.L__1.SK,structures/ame/8cdr__1__1.L__1.SK.cif,1.L,1.L
ame:8ceh__1__1.L__1.SK,8ceh__1__1.L__1.SK,structures/ame/8ceh__1__1.L__1.SK.cif,1.L,1.L
ame:8cej__2__1.B__1.F,8cej__2__1.B__1.F,structures/ame/8cej__2__1.B__1.F.cif,1.B,1.B
ame:8cej__2__2.C__2.G,8cej__2__2.C__2.G,structures/ame/8cej__2__2.C__2.G.cif,2.C,2.C
ame:8cek__3__2.D__2.H,8cek__3__2.D__2.H,structures/ame/8cek__3__2.D__2.H.cif,2.D,2.D
ame:8cex__1__1.A__1.D,8cex__1__1.A__1.D,structures/ame/8cex__1__1.A__1.D.cif,1.A,1.A
ame:8cey__3__1.C__1.G,8cey__3__1.C__1.G,structures/ame/8cey__3__1.C__1.G.cif,1.C,1.C
ame:8cf5__1__1.L__1.AK,8cf5__1__1.L__1.AK,structures/ame/8cf5__1__1.L__1.AK.cif,1.L,1.L
ame:8cg8__1__1.L__1.JK,8cg8__1__1.L__1.JK,structures/ame/8cg8__1__1.L__1.JK.cif,1.L,1.L
ame:8ch9__1__1.A__1.L,8ch9__1__1.A__1.L,structures/ame/8ch9__1__1.A__1.L.cif,1.A,1.A
ame:8civ__1__1.L__1.JK,8civ__1__1.L__1.JK,structures/ame/8civ__1__1.L__1.JK.cif,1.L,1.L
ame:8clu__1__1.A__1.C,8clu__1__1.A__1.C,structures/ame/8clu__1__1.A__1.C.cif,1.A,1.A
ame:8clv__1__1.B__1.F,8clv__1__1.B__1.F,structures/ame/8clv__1__1.B__1.F.cif,1.B,1.B
ame:8coj__1__1.A__1.B,8coj__1__1.A__1.B,structures/ame/8coj__1__1.A__1.B.cif,1.A,1.A
ame:8cot__1__1.A__1.B,8cot__1__1.A__1.B,structures/ame/8cot__1__1.A__1.B.cif,1.A,1.A
ame:8cqi__1__1.A_1.B__1.G,8cqi__1__1.A_1.B__1.G,structures/ame/8cqi__1__1.A_1.B__1.G.cif,"1.A,1.B","1.A,1.B"
ame:8crc__1__1.A__1.C,8crc__1__1.A__1.C,structures/ame/8crc__1__1.A__1.C.cif,1.A,1.A
ame:8crk__1__1.A__1.B,8crk__1__1.A__1.B,structures/ame/8crk__1__1.A__1.B.cif,1.A,1.A
ame:8crm__1__1.A__1.B,8crm__1__1.A__1.B,structures/ame/8crm__1__1.A__1.B.cif,1.A,1.A
ame:8cx8__1__1.A__1.D,8cx8__1__1.A__1.D,structures/ame/8cx8__1__1.A__1.D.cif,1.A,1.A
ame:8cxt__3__1.C__1.S,8cxt__3__1.C__1.S,structures/ame/8cxt__3__1.C__1.S.cif,1.C,1.C
ame:8cxu__2__1.B__1.V,8cxu__2__1.B__1.V,structures/ame/8cxu__2__1.B__1.V.cif,1.B,1.B
ame:8cxv__1__1.A__1.O,8cxv__1__1.A__1.O,structures/ame/8cxv__1__1.A__1.O.cif,1.A,1.A
ame:8cxx__3__1.C__1.EA,8cxx__3__1.C__1.EA,structures/ame/8cxx__3__1.C__1.EA.cif,1.C,1.C
ame:8cxy__1__1.A__1.P,8cxy__1__1.A__1.P,structures/ame/8cxy__1__1.A__1.P.cif,1.A,1.A
ame:8cxz__3__1.C__1.Z,8cxz__3__1.C__1.Z,structures/ame/8cxz__3__1.C__1.Z.cif,1.C,1.C
ame:8cy0__1__1.A__1.N,8cy0__1__1.A__1.N,structures/ame/8cy0__1__1.A__1.N.cif,1.A,1.A
ame:8cy1__3__1.C__1.BA,8cy1__3__1.C__1.BA,structures/ame/8cy1__3__1.C__1.BA.cif,1.C,1.C
ame:8cy2__3__1.C__1.Y,8cy2__3__1.C__1.Y,structures/ame/8cy2__3__1.C__1.Y.cif,1.C,1.C
ame:8cy3__1__1.A__1.N,8cy3__1__1.A__1.N,structures/ame/8cy3__1__1.A__1.N.cif,1.A,1.A
ame:8cy4__1__1.A__1.K,8cy4__1__1.A__1.K,structures/ame/8cy4__1__1.A__1.K.cif,1.A,1.A
ame:8cy5__3__1.C__1.X,8cy5__3__1.C__1.X,structures/ame/8cy5__3__1.C__1.X.cif,1.C,1.C
ame:8d0a__1__1.A__1.D,8d0a__1__1.A__1.D,structures/ame/8d0a__1__1.A__1.D.cif,1.A,1.A
ame:8d0d__1__1.A_1.B__1.D,8d0d__1__1.A_1.B__1.D,structures/ame/8d0d__1__1.A_1.B__1.D.cif,"1.A,1.B","1.A,1.B"
ame:8d0e__1__1.B__1.D,8d0e__1__1.B__1.D,structures/ame/8d0e__1__1.B__1.D.cif,1.B,1.B
ame:8d0h__1__1.A_1.B__1.D,8d0h__1__1.A_1.B__1.D,structures/ame/8d0h__1__1.A_1.B__1.D.cif,"1.A,1.B","1.A,1.B"
ame:8d1t__1__1.A__1.D,8d1t__1__1.A__1.D,structures/ame/8d1t__1__1.A__1.D.cif,1.A,1.A
ame:8d41__2__1.B__1.F,8d41__2__1.B__1.F,structures/ame/8d41__2__1.B__1.F.cif,1.B,1.B
ame:8d6k__1__1.A__1.D,8d6k__1__1.A__1.D,structures/ame/8d6k__1__1.A__1.D.cif,1.A,1.A
ame:8d6m__1__1.A__1.C,8d6m__1__1.A__1.C,structures/ame/8d6m__1__1.A__1.C.cif,1.A,1.A
ame:8d6o__1__1.A__1.B,8d6o__1__1.A__1.B,structures/ame/8d6o__1__1.A__1.B.cif,1.A,1.A
ame:8d6s__2__1.B__1.D,8d6s__2__1.B__1.D,structures/ame/8d6s__2__1.B__1.D.cif,1.B,1.B
ame:8d6t__2__1.B__1.G,8d6t__2__1.B__1.G,structures/ame/8d6t__2__1.B__1.G.cif,1.B,1.B
ame:8d6u__2__1.B__1.D,8d6u__2__1.B__1.D,structures/ame/8d6u__2__1.B__1.D.cif,1.B,1.B
ame:8d8z__1__1.A__1.D,8d8z__1__1.A__1.D,structures/ame/8d8z__1__1.A__1.D.cif,1.A,1.A
ame:8dd5__1__1.A__1.B,8dd5__1__1.A__1.B,structures/ame/8dd5__1__1.A__1.B.cif,1.A,1.A
ame:8dhm__1__1.A_1.B__1.E,8dhm__1__1.A_1.B__1.E,structures/ame/8dhm__1__1.A_1.B__1.E.cif,"1.A,1.B","1.A,1.B"
ame:8dio__1__1.A__1.C,8dio__1__1.A__1.C,structures/ame/8dio__1__1.A__1.C.cif,1.A,1.A
ame:8dio__2__1.B__1.D,8dio__2__1.B__1.D,structures/ame/8dio__2__1.B__1.D.cif,1.B,1.B
ame:8dl3__1__1.A__1.C,8dl3__1__1.A__1.C,structures/ame/8dl3__1__1.A__1.C.cif,1.A,1.A
ame:8dvc__5__1.E__1.GA,8dvc__5__1.E__1.GA,structures/ame/8dvc__5__1.E__1.GA.cif,1.E,1.E
ame:8dwg__1__1.A_1.E__1.G,8dwg__1__1.A_1.E__1.G,structures/ame/8dwg__1__1.A_1.E__1.G.cif,"1.A,1.E","1.A,1.E"
ame:8dwh__1__1.D__1.E,8dwh__1__1.D__1.E,structures/ame/8dwh__1__1.D__1.E.cif,1.D,1.D
ame:8dyc__1__1.A__1.C,8dyc__1__1.A__1.C,structures/ame/8dyc__1__1.A__1.C.cif,1.A,1.A
ame:8e4l__1__1.A__1.G,8e4l__1__1.A__1.G,structures/ame/8e4l__1__1.A__1.G.cif,1.A,1.A
ame:8e4m__1__1.A__1.F,8e4m__1__1.A__1.F,structures/ame/8e4m__1__1.A__1.F.cif,1.A,1.A
ame:8e59__1__1.A__1.I,8e59__1__1.A__1.I,structures/ame/8e59__1__1.A__1.I.cif,1.A,1.A
ame:8ejc__1__1.E__1.F,8ejc__1__1.E__1.F,structures/ame/8ejc__1__1.E__1.F.cif,1.E,1.E
ame:8ejk__1__1.E__1.F,8ejk__1__1.E__1.F,structures/ame/8ejk__1__1.E__1.F.cif,1.E,1.E
ame:8esm__1__1.A__1.C,8esm__1__1.A__1.C,structures/ame/8esm__1__1.A__1.C.cif,1.A,1.A
ame:8et9__1__1.A__1.B,8et9__1__1.A__1.B,structures/ame/8et9__1__1.A__1.B.cif,1.A,1.A
ame:8etm__1__1.A__1.C,8etm__1__1.A__1.C,structures/ame/8etm__1__1.A__1.C.cif,1.A,1.A
ame:8ev5__1__1.A__1.B,8ev5__1__1.A__1.B,structures/ame/8ev5__1__1.A__1.B.cif,1.A,1.A
ame:8ev6__2__1.NB__1.GCC,8ev6__2__1.NB__1.GCC,structures/ame/8ev6__2__1.NB__1.GCC.cif,1.NB,1.NB
ame:8evq__1__1.BC__1.NL,8evq__1__1.BC__1.NL,structures/ame/8evq__1__1.BC__1.NL.cif,1.BC,1.BC
ame:8evr__1__1.BC__1.OK,8evr__1__1.BC__1.OK,structures/ame/8evr__1__1.BC__1.OK.cif,1.BC,1.BC
ame:8fmu__1__1.A__1.C,8fmu__1__1.A__1.C,structures/ame/8fmu__1__1.A__1.C.cif,1.A,1.A
ame:8fny__1__1.A__1.E,8fny__1__1.A__1.E,structures/ame/8fny__1__1.A__1.E.cif,1.A,1.A
ame:8fpi__1__1.A__1.F,8fpi__1__1.A__1.F,structures/ame/8fpi__1__1.A__1.F.cif,1.A,1.A
ame:8fpj__1__1.A__1.F,8fpj__1__1.A__1.F,structures/ame/8fpj__1__1.A__1.F.cif,1.A,1.A
ame:8fs1__3__1.C__1.W,8fs1__3__1.C__1.W,structures/ame/8fs1__3__1.C__1.W.cif,1.C,1.C
ame:8fs2__1__1.A__1.K,8fs2__1__1.A__1.K,structures/ame/8fs2__1__1.A__1.K.cif,1.A,1.A
ame:8fta__1__1.A__1.B,8fta__1__1.A__1.B,structures/ame/8fta__1__1.A__1.B.cif,1.A,1.A
ame:8fu3__1__1.A__1.F,8fu3__1__1.A__1.F,structures/ame/8fu3__1__1.A__1.F.cif,1.A,1.A
ame:8fur__1__1.A__1.E,8fur__1__1.A__1.E,structures/ame/8fur__1__1.A__1.E.cif,1.A,1.A
ame:8g05__1__1.A__1.F,8g05__1__1.A__1.F,structures/ame/8g05__1__1.A__1.F.cif,1.A,1.A
ame:8g0h__1__1.D__1.I,8g0h__1__1.D__1.I,structures/ame/8g0h__1__1.D__1.I.cif,1.D,1.D
ame:8g59__1__1.E__1.F,8g59__1__1.E__1.F,structures/ame/8g59__1__1.E__1.F.cif,1.E,1.E
ame:8g5u__1__1.A__1.E,8g5u__1__1.A__1.E,structures/ame/8g5u__1__1.A__1.E.cif,1.A,1.A
ame:8g60__1__1.HC__1.JV,8g60__1__1.HC__1.JV,structures/ame/8g60__1__1.HC__1.JV.cif,1.HC,1.HC
ame:8g60__1__1.HC__1.OV,8g60__1__1.HC__1.OV,structures/ame/8g60__1__1.HC__1.OV.cif,1.HC,1.HC
ame:8g6j__1__1.HC__1.OR,8g6j__1__1.HC__1.OR,structures/ame/8g6j__1__1.HC__1.OR.cif,1.HC,1.HC
ame:8g6j__1__1.HC__1.TR,8g6j__1__1.HC__1.TR,structures/ame/8g6j__1__1.HC__1.TR.cif,1.HC,1.HC
ame:8g92__1__1.A__1.B,8g92__1__1.A__1.B,structures/ame/8g92__1__1.A__1.B.cif,1.A,1.A
ame:8gbt__1__1.V__1.DC,8gbt__1__1.V__1.DC,structures/ame/8gbt__1__1.V__1.DC.cif,1.V,1.V
ame:8gcc__1__1.B__1.E,8gcc__1__1.B__1.E,structures/ame/8gcc__1__1.B__1.E.cif,1.B,1.B
ame:8gcq__1__1.I__1.ZA,8gcq__1__1.I__1.ZA,structures/ame/8gcq__1__1.I__1.ZA.cif,1.I,1.I
ame:8gdn__1__1.A_1.B__1.H,8gdn__1__1.A_1.B__1.H,structures/ame/8gdn__1__1.A_1.B__1.H.cif,"1.A,1.B","1.A,1.B"
ame:8gez__1__1.A__1.B,8gez__1__1.A__1.B,structures/ame/8gez__1__1.A__1.B.cif,1.A,1.A
ame:8gf0__1__1.A__1.B,8gf0__1__1.A__1.B,structures/ame/8gf0__1__1.A__1.B.cif,1.A,1.A
ame:8gf1__1__1.A__1.B,8gf1__1__1.A__1.B,structures/ame/8gf1__1__1.A__1.B.cif,1.A,1.A
ame:8gfb__1__1.A__1.B,8gfb__1__1.A__1.B,structures/ame/8gfb__1__1.A__1.B.cif,1.A,1.A
ame:8gfc__1__1.A__1.B,8gfc__1__1.A__1.B,structures/ame/8gfc__1__1.A__1.B.cif,1.A,1.A
ame:8gfd__1__1.A__1.B,8gfd__1__1.A__1.B,structures/ame/8gfd__1__1.A__1.B.cif,1.A,1.A
ame:8gfe__1__1.A__1.B,8gfe__1__1.A__1.B,structures/ame/8gfe__1__1.A__1.B.cif,1.A,1.A
ame:8gff__1__1.A__1.B,8gff__1__1.A__1.B,structures/ame/8gff__1__1.A__1.B.cif,1.A,1.A
ame:8gfg__1__1.A__1.B,8gfg__1__1.A__1.B,structures/ame/8gfg__1__1.A__1.B.cif,1.A,1.A
ame:8gfi__1__1.A__1.B,8gfi__1__1.A__1.B,structures/ame/8gfi__1__1.A__1.B.cif,1.A,1.A
ame:8gfl__1__1.A__1.B,8gfl__1__1.A__1.B,structures/ame/8gfl__1__1.A__1.B.cif,1.A,1.A
ame:8gfm__1__1.A__1.B,8gfm__1__1.A__1.B,structures/ame/8gfm__1__1.A__1.B.cif,1.A,1.A
ame:8gfq__1__1.A__1.B,8gfq__1__1.A__1.B,structures/ame/8gfq__1__1.A__1.B.cif,1.A,1.A
ame:8gfs__1__1.A__1.B,8gfs__1__1.A__1.B,structures/ame/8gfs__1__1.A__1.B.cif,1.A,1.A
ame:8gkf__8__1.H__1.Q,8gkf__8__1.H__1.Q,structures/ame/8gkf__8__1.H__1.Q.cif,1.H,1.H
ame:8gm4__1__1.A__1.D,8gm4__1__1.A__1.D,structures/ame/8gm4__1__1.A__1.D.cif,1.A,1.A
ame:8gm5__1__1.A__1.D,8gm5__1__1.A__1.D,structures/ame/8gm5__1__1.A__1.D.cif,1.A,1.A
ame:8goe__1__1.A__1.B,8goe__1__1.A__1.B,structures/ame/8goe__1__1.A__1.B.cif,1.A,1.A
ame:8gof__1__1.A__1.B,8gof__1__1.A__1.B,structures/ame/8gof__1__1.A__1.B.cif,1.A,1.A
ame:8gqu__1__1.A__1.C,8gqu__1__1.A__1.C,structures/ame/8gqu__1__1.A__1.C.cif,1.A,1.A
ame:8gri__1__1.A_1.C_1.D__1.Q,8gri__1__1.A_1.C_1.D__1.Q,structures/ame/8gri__1__1.A_1.C_1.D__1.Q.cif,"1.A,1.C,1.D","1.A,1.C,1.D"
ame:8gwa__1__1.H_1.J__1.RC,8gwa__1__1.H_1.J__1.RC,structures/ame/8gwa__1__1.H_1.J__1.RC.cif,"1.H,1.J","1.H,1.J"
ame:8h4k__1__1.E__1.F,8h4k__1__1.E__1.F,structures/ame/8h4k__1__1.E__1.F.cif,1.E,1.E
ame:8hb0__1__1.A__1.C,8hb0__1__1.A__1.C,structures/ame/8hb0__1__1.A__1.C.cif,1.A,1.A
ame:8hb0__1__1.A__1.D,8hb0__1__1.A__1.D,structures/ame/8hb0__1__1.A__1.D.cif,1.A,1.A
ame:8hdh__1__1.A__1.C,8hdh__1__1.A__1.C,structures/ame/8hdh__1__1.A__1.C.cif,1.A,1.A
ame:8hdh__1__1.A__1.D,8hdh__1__1.A__1.D,structures/ame/8hdh__1__1.A__1.D.cif,1.A,1.A
ame:8he7__2__1.B__1.F,8he7__2__1.B__1.F,structures/ame/8he7__2__1.B__1.F.cif,1.B,1.B
ame:8he8__3__1.C__1.H,8he8__3__1.C__1.H,structures/ame/8he8__3__1.C__1.H.cif,1.C,1.C
ame:8hez__1__1.A__1.D,8hez__1__1.A__1.D,structures/ame/8hez__1__1.A__1.D.cif,1.A,1.A
ame:8hg7__1__1.A__1.C,8hg7__1__1.A__1.C,structures/ame/8hg7__1__1.A__1.C.cif,1.A,1.A
ame:8hg7__1__1.A__1.D,8hg7__1__1.A__1.D,structures/ame/8hg7__1__1.A__1.D.cif,1.A,1.A
ame:8hin__1__1.A__1.C,8hin__1__1.A__1.C,structures/ame/8hin__1__1.A__1.C.cif,1.A,1.A
ame:8hin__1__1.A__1.D,8hin__1__1.A__1.D,structures/ame/8hin__1__1.A__1.D.cif,1.A,1.A
ame:8hje__1__1.A__1.B,8hje__1__1.A__1.B,structures/ame/8hje__1__1.A__1.B.cif,1.A,1.A
ame:8hmp__1__1.D__1.F,8hmp__1__1.D__1.F,structures/ame/8hmp__1__1.D__1.F.cif,1.D,1.D
ame:8hp7__3__1.C__1.F,8hp7__3__1.C__1.F,structures/ame/8hp7__3__1.C__1.F.cif,1.C,1.C
ame:8hub__1__1.D__1.K,8hub__1__1.D__1.K,structures/ame/8hub__1__1.D__1.K.cif,1.D,1.D
ame:8i1w__1__1.B__1.E,8i1w__1__1.B__1.E,structures/ame/8i1w__1__1.B__1.E.cif,1.B,1.B
ame:8i1y__1__1.B__1.G,8i1y__1__1.B__1.G,structures/ame/8i1y__1__1.B__1.G.cif,1.B,1.B
ame:8i1z__1__1.B__1.F,8i1z__1__1.B__1.F,structures/ame/8i1z__1__1.B__1.F.cif,1.B,1.B
ame:8i2b__1__1.B__1.I,8i2b__1__1.B__1.I,structures/ame/8i2b__1__1.B__1.I.cif,1.B,1.B
ame:8i2j__1__1.B__1.D,8i2j__1__1.B__1.D,structures/ame/8i2j__1__1.B__1.D.cif,1.B,1.B
ame:8i2m__1__1.A__1.C,8i2m__1__1.A__1.C,structures/ame/8i2m__1__1.A__1.C.cif,1.A,1.A
ame:8i2m__1__1.B__1.F,8i2m__1__1.B__1.F,structures/ame/8i2m__1__1.B__1.F.cif,1.B,1.B
ame:8i4i__1__1.A__1.C,8i4i__1__1.A__1.C,structures/ame/8i4i__1__1.A__1.C.cif,1.A,1.A
ame:8i4i__1__1.B__1.E,8i4i__1__1.B__1.E,structures/ame/8i4i__1__1.B__1.E.cif,1.B,1.B
ame:8i7l__1__1.A__1.D,8i7l__1__1.A__1.D,structures/ame/8i7l__1__1.A__1.D.cif,1.A,1.A
ame:8i85__1__1.B__1.E,8i85__1__1.B__1.E,structures/ame/8i85__1__1.B__1.E.cif,1.B,1.B
ame:8i86__1__1.B__1.D,8i86__1__1.B__1.D,structures/ame/8i86__1__1.B__1.D.cif,1.B,1.B
ame:8i8h__1__1.B__1.E,8i8h__1__1.B__1.E,structures/ame/8i8h__1__1.B__1.E.cif,1.B,1.B
ame:8id3__1__1.E__1.F,8id3__1__1.E__1.F,structures/ame/8id3__1__1.E__1.F.cif,1.E,1.E
ame:8id8__1__1.C__1.F,8id8__1__1.C__1.F,structures/ame/8id8__1__1.C__1.F.cif,1.C,1.C
ame:8ik2__1__1.A__1.B,8ik2__1__1.A__1.B,structures/ame/8ik2__1__1.A__1.B.cif,1.A,1.A
ame:8ime__1__1.A__1.C,8ime__1__1.A__1.C,structures/ame/8ime__1__1.A__1.C.cif,1.A,1.A
ame:8imf__1__1.B__1.D,8imf__1__1.B__1.D,structures/ame/8imf__1__1.B__1.D.cif,1.B,1.B
ame:8img__1__1.B__1.D,8img__1__1.B__1.D,structures/ame/8img__1__1.B__1.D.cif,1.B,1.B
ame:8in6__1__1.A__1.B,8in6__1__1.A__1.B,structures/ame/8in6__1__1.A__1.B.cif,1.A,1.A
ame:8in7__1__1.A__1.B,8in7__1__1.A__1.B,structures/ame/8in7__1__1.A__1.B.cif,1.A,1.A
ame:8ive__1__1.A_1.B__1.E,8ive__1__1.A_1.B__1.E,structures/ame/8ive__1__1.A_1.B__1.E.cif,"1.A,1.B","1.A,1.B"
ame:8ivm__1__1.B__1.G,8ivm__1__1.B__1.G,structures/ame/8ivm__1__1.B__1.G.cif,1.B,1.B
ame:8ixh__2__2.C__2.I,8ixh__2__2.C__2.I,structures/ame/8ixh__2__2.C__2.I.cif,2.C,2.C
ame:8ixq__1__2.D__2.H,8ixq__1__2.D__2.H,structures/ame/8ixq__1__2.D__2.H.cif,2.D,2.D
ame:8iys__1__1.E__1.G,8iys__1__1.E__1.G,structures/ame/8iys__1__1.E__1.G.cif,1.E,1.E
ame:8j0k__1__1.A__1.H,8j0k__1__1.A__1.H,structures/ame/8j0k__1__1.A__1.H.cif,1.A,1.A
ame:8j0r__1__1.A__1.E,8j0r__1__1.A__1.E,structures/ame/8j0r__1__1.A__1.E.cif,1.A,1.A
ame:8j22__1__1.C__1.F,8j22__1__1.C__1.F,structures/ame/8j22__1__1.C__1.F.cif,1.C,1.C
ame:8j3t__1__1.A_1.B__1.C,8j3t__1__1.A_1.B__1.C,structures/ame/8j3t__1__1.A_1.B__1.C.cif,"1.A,1.B","1.A,1.B"
ame:8j74__1__1.A__1.H,8j74__1__1.A__1.H,structures/ame/8j74__1__1.A__1.H.cif,1.A,1.A
ame:8j7k__1__1.A_1.B__1.C,8j7k__1__1.A_1.B__1.C,structures/ame/8j7k__1__1.A_1.B__1.C.cif,"1.A,1.B","1.A,1.B"
ame:8j9v__1__1.A__1.I,8j9v__1__1.A__1.I,structures/ame/8j9v__1__1.A__1.I.cif,1.A,1.A
ame:8j9w__1__1.A__1.I,8j9w__1__1.A__1.I,structures/ame/8j9w__1__1.A__1.I.cif,1.A,1.A
ame:8j9x__1__1.A__1.I,8j9x__1__1.A__1.I,structures/ame/8j9x__1__1.A__1.I.cif,1.A,1.A
ame:8jhr__1__1.A__1.B,8jhr__1__1.A__1.B,structures/ame/8jhr__1__1.A__1.B.cif,1.A,1.A
ame:8jp0__1__1.A__1.B,8jp0__1__1.A__1.B,structures/ame/8jp0__1__1.A__1.B.cif,1.A,1.A
ame:8jtt__1__1.A__1.B,8jtt__1__1.A__1.B,structures/ame/8jtt__1__1.A__1.B.cif,1.A,1.A
ame:8k3b__1__1.A_2.A__2.B,8k3b__1__1.A_2.A__2.B,structures/ame/8k3b__1__1.A_2.A__2.B.cif,"1.A,2.A","1.A,2.A"
ame:8k3u__1__1.A__1.E,8k3u__1__1.A__1.E,structures/ame/8k3u__1__1.A__1.E.cif,1.A,1.A
ame:8k3x__1__1.A__1.C,8k3x__1__1.A__1.C,structures/ame/8k3x__1__1.A__1.C.cif,1.A,1.A
ame:8kae__1__1.E__1.F,8kae__1__1.E__1.F,structures/ame/8kae__1__1.E__1.F.cif,1.E,1.E
ame:8ki0__2__1.B__1.F,8ki0__2__1.B__1.F,structures/ame/8ki0__2__1.B__1.F.cif,1.B,1.B
ame:8ki1__2__1.B__1.F,8ki1__2__1.B__1.F,structures/ame/8ki1__2__1.B__1.F.cif,1.B,1.B
ame:8odw__1__1.A__1.F,8odw__1__1.A__1.F,structures/ame/8odw__1__1.A__1.F.cif,1.A,1.A
ame:8okv__1__1.A__1.E,8okv__1__1.A__1.E,structures/ame/8okv__1__1.A__1.E.cif,1.A,1.A
ame:8olr__1__1.L_1.V__1.LA,8olr__1__1.L_1.V__1.LA,structures/ame/8olr__1__1.L_1.V__1.LA.cif,"1.L,1.V","1.L,1.V"
ame:8owo__1__1.A__1.B,8owo__1__1.A__1.B,structures/ame/8owo__1__1.A__1.B.cif,1.A,1.A
ame:8owo__1__1.A__1.F,8owo__1__1.A__1.F,structures/ame/8owo__1__1.A__1.F.cif,1.A,1.A
ame:8oyg__1__1.A__1.D,8oyg__1__1.A__1.D,structures/ame/8oyg__1__1.A__1.D.cif,1.A,1.A
ame:8p7j__1__1.A__1.C,8p7j__1__1.A__1.C,structures/ame/8p7j__1__1.A__1.C.cif,1.A,1.A
ame:8p8k__1__1.B__1.D,8p8k__1__1.B__1.D,structures/ame/8p8k__1__1.B__1.D.cif,1.B,1.B
ame:8pdh__1__1.A__1.B,8pdh__1__1.A__1.B,structures/ame/8pdh__1__1.A__1.B.cif,1.A,1.A
ame:8pdi__1__1.A__1.B,8pdi__1__1.A__1.B,structures/ame/8pdi__1__1.A__1.B.cif,1.A,1.A
ame:8phw__1__1.A__1.D,8phw__1__1.A__1.D,structures/ame/8phw__1__1.A__1.D.cif,1.A,1.A
ame:8pi1__4__1.J_1.K_1.L__1.JA,8pi1__4__1.J_1.K_1.L__1.JA,structures/ame/8pi1__4__1.J_1.K_1.L__1.JA.cif,"1.K,1.J,1.L","1.K,1.J,1.L"
ame:8pm3__1__1.A__1.E,8pm3__1__1.A__1.E,structures/ame/8pm3__1__1.A__1.E.cif,1.A,1.A
ame:8pw1__2__1.B__1.L,8pw1__2__1.B__1.L,structures/ame/8pw1__2__1.B__1.L.cif,1.B,1.B
ame:8pw8__1__1.A__1.C,8pw8__1__1.A__1.C,structures/ame/8pw8__1__1.A__1.C.cif,1.A,1.A
ame:8pw9__1__1.A__1.C,8pw9__1__1.A__1.C,structures/ame/8pw9__1__1.A__1.C.cif,1.A,1.A
ame:8pwa__1__1.A__1.C,8pwa__1__1.A__1.C,structures/ame/8pwa__1__1.A__1.C.cif,1.A,1.A
ame:8pwb__1__1.A__1.C,8pwb__1__1.A__1.C,structures/ame/8pwb__1__1.A__1.C.cif,1.A,1.A
ame:8q0t__1__1.B__1.D,8q0t__1__1.B__1.D,structures/ame/8q0t__1__1.B__1.D.cif,1.B,1.B
ame:8q0u__1__1.A__1.D,8q0u__1__1.A__1.D,structures/ame/8q0u__1__1.A__1.D.cif,1.A,1.A
ame:8q17__1__1.A__1.F,8q17__1__1.A__1.F,structures/ame/8q17__1__1.A__1.F.cif,1.A,1.A
ame:8q17__2__1.B__1.L,8q17__2__1.B__1.L,structures/ame/8q17__2__1.B__1.L.cif,1.B,1.B
ame:8q2s__1__1.A__1.C,8q2s__1__1.A__1.C,structures/ame/8q2s__1__1.A__1.C.cif,1.A,1.A
ame:8q2u__1__1.A__1.C,8q2u__1__1.A__1.C,structures/ame/8q2u__1__1.A__1.C.cif,1.A,1.A
ame:8q2v__1__1.A__1.C,8q2v__1__1.A__1.C,structures/ame/8q2v__1__1.A__1.C.cif,1.A,1.A
ame:8q2w__1__1.A__1.C,8q2w__1__1.A__1.C,structures/ame/8q2w__1__1.A__1.C.cif,1.A,1.A
ame:8q2x__1__1.A__1.C,8q2x__1__1.A__1.C,structures/ame/8q2x__1__1.A__1.C.cif,1.A,1.A
ame:8q2y__1__1.A__1.C,8q2y__1__1.A__1.C,structures/ame/8q2y__1__1.A__1.C.cif,1.A,1.A
ame:8q31__1__1.A__1.C,8q31__1__1.A__1.C,structures/ame/8q31__1__1.A__1.C.cif,1.A,1.A
ame:8q32__2__1.B__1.F,8q32__2__1.B__1.F,structures/ame/8q32__2__1.B__1.F.cif,1.B,1.B
ame:8q33__2__1.B__1.I,8q33__2__1.B__1.I,structures/ame/8q33__2__1.B__1.I.cif,1.B,1.B
ame:8q35__1__1.A__1.C,8q35__1__1.A__1.C,structures/ame/8q35__1__1.A__1.C.cif,1.A,1.A
ame:8q37__1__1.A__1.C,8q37__1__1.A__1.C,structures/ame/8q37__1__1.A__1.C.cif,1.A,1.A
ame:8q38__1__1.A__1.C,8q38__1__1.A__1.C,structures/ame/8q38__1__1.A__1.C.cif,1.A,1.A
ame:8q39__1__1.A__1.C,8q39__1__1.A__1.C,structures/ame/8q39__1__1.A__1.C.cif,1.A,1.A
ame:8q3g__1__1.A__1.C,8q3g__1__1.A__1.C,structures/ame/8q3g__1__1.A__1.C.cif,1.A,1.A
ame:8q4m__1__1.A__1.C,8q4m__1__1.A__1.C,structures/ame/8q4m__1__1.A__1.C.cif,1.A,1.A
ame:8q4p__1__1.A__1.G,8q4p__1__1.A__1.G,structures/ame/8q4p__1__1.A__1.G.cif,1.A,1.A
ame:8q4q__1__1.A__1.C,8q4q__1__1.A__1.C,structures/ame/8q4q__1__1.A__1.C.cif,1.A,1.A
ame:8q4r__1__1.A__1.C,8q4r__1__1.A__1.C,structures/ame/8q4r__1__1.A__1.C.cif,1.A,1.A
ame:8q4t__1__1.A__1.C,8q4t__1__1.A__1.C,structures/ame/8q4t__1__1.A__1.C.cif,1.A,1.A
ame:8q4u__1__1.A__1.C,8q4u__1__1.A__1.C,structures/ame/8q4u__1__1.A__1.C.cif,1.A,1.A
ame:8q4w__1__1.A__1.C,8q4w__1__1.A__1.C,structures/ame/8q4w__1__1.A__1.C.cif,1.A,1.A
ame:8q5l__1__1.A__1.B,8q5l__1__1.A__1.B,structures/ame/8q5l__1__1.A__1.B.cif,1.A,1.A
ame:8qjt__2__1.B__1.I,8qjt__2__1.B__1.I,structures/ame/8qjt__2__1.B__1.I.cif,1.B,1.B
ame:8qn0__2__1.B__1.G,8qn0__2__1.B__1.G,structures/ame/8qn0__2__1.B__1.G.cif,1.B,1.B
ame:8qrt__1__1.A__1.E,8qrt__1__1.A__1.E,structures/ame/8qrt__1__1.A__1.E.cif,1.A,1.A
ame:8qs0__2__1.D__1.H,8qs0__2__1.D__1.H,structures/ame/8qs0__2__1.D__1.H.cif,1.D,1.D
ame:8r3f__1__1.A__1.C,8r3f__1__1.A__1.C,structures/ame/8r3f__1__1.A__1.C.cif,1.A,1.A
ame:8rdk__1__1.A__1.D,8rdk__1__1.A__1.D,structures/ame/8rdk__1__1.A__1.D.cif,1.A,1.A
ame:8rf0__1__1.A__1.B,8rf0__1__1.A__1.B,structures/ame/8rf0__1__1.A__1.B.cif,1.A,1.A
ame:8rf0__1__1.A__1.D,8rf0__1__1.A__1.D,structures/ame/8rf0__1__1.A__1.D.cif,1.A,1.A
ame:8rfe__1__1.A__1.B,8rfe__1__1.A__1.B,structures/ame/8rfe__1__1.A__1.B.cif,1.A,1.A
ame:8rfg__1__1.A__1.B,8rfg__1__1.A__1.B,structures/ame/8rfg__1__1.A__1.B.cif,1.A,1.A
ame:8rfg__1__1.A__1.D,8rfg__1__1.A__1.D,structures/ame/8rfg__1__1.A__1.D.cif,1.A,1.A
ame:8sc2__1__1.A__1.B,8sc2__1__1.A__1.B,structures/ame/8sc2__1__1.A__1.B.cif,1.A,1.A
ame:8sc3__1__1.A__1.B,8sc3__1__1.A__1.B,structures/ame/8sc3__1__1.A__1.B.cif,1.A,1.A
ame:8sc4__1__1.A__1.B,8sc4__1__1.A__1.B,structures/ame/8sc4__1__1.A__1.B.cif,1.A,1.A
ame:8sc6__1__1.A__1.B,8sc6__1__1.A__1.B,structures/ame/8sc6__1__1.A__1.B.cif,1.A,1.A
ame:8shj__3__1.C__1.F,8shj__3__1.C__1.F,structures/ame/8shj__3__1.C__1.F.cif,1.C,1.C
ame:8sx2__1__1.A__1.C,8sx2__1__1.A__1.C,structures/ame/8sx2__1__1.A__1.C.cif,1.A,1.A
ame:8t3o__1__1.A__1.F,8t3o__1__1.A__1.F,structures/ame/8t3o__1__1.A__1.F.cif,1.A,1.A
ame:8t55__3__1.C__1.G,8t55__3__1.C__1.G,structures/ame/8t55__3__1.C__1.G.cif,1.C,1.C
ame:8t5i__2__1.B__1.H,8t5i__2__1.B__1.H,structures/ame/8t5i__2__1.B__1.H.cif,1.B,1.B
ame:8t69__1__1.A__1.B,8t69__1__1.A__1.B,structures/ame/8t69__1__1.A__1.B.cif,1.A,1.A
ame:8t8n__1__1.A__1.B,8t8n__1__1.A__1.B,structures/ame/8t8n__1__1.A__1.B.cif,1.A,1.A
ame:8ta2__1__1.A__1.C,8ta2__1__1.A__1.C,structures/ame/8ta2__1__1.A__1.C.cif,1.A,1.A
ame:8tcu__1__1.E_2.E__2.N,8tcu__1__1.E_2.E__2.N,structures/ame/8tcu__1__1.E_2.E__2.N.cif,"1.E,2.E","1.E,2.E"
ame:8tcx__1__1.A_1.B__1.F,8tcx__1__1.A_1.B__1.F,structures/ame/8tcx__1__1.A_1.B__1.F.cif,"1.A,1.B","1.A,1.B"
ame:8tcy__1__2.A_2.B__2.F,8tcy__1__2.A_2.B__2.F,structures/ame/8tcy__1__2.A_2.B__2.F.cif,"2.A,2.B","2.A,2.B"
ame:8td0__1__2.C_2.D__2.I,8td0__1__2.C_2.D__2.I,structures/ame/8td0__1__2.C_2.D__2.I.cif,"2.D,2.C","2.D,2.C"
ame:8td1__1__1.A_1.B__1.G,8td1__1__1.A_1.B__1.G,structures/ame/8td1__1__1.A_1.B__1.G.cif,"1.A,1.B","1.A,1.B"
ame:8tfo__2__1.B__1.E,8tfo__2__1.B__1.E,structures/ame/8tfo__2__1.B__1.E.cif,1.B,1.B
ame:8tgy__1__1.A_1.B__1.I,8tgy__1__1.A_1.B__1.I,structures/ame/8tgy__1__1.A_1.B__1.I.cif,"1.A,1.B","1.A,1.B"
ame:8thr__1__1.A__1.B,8thr__1__1.A__1.B,structures/ame/8thr__1__1.A__1.B.cif,1.A,1.A
ame:8ubr__1__1.A__1.I,8ubr__1__1.A__1.I,structures/ame/8ubr__1__1.A__1.I.cif,1.A,1.A
ame:8ucd__1__1.A__1.G,8ucd__1__1.A__1.G,structures/ame/8ucd__1__1.A__1.G.cif,1.A,1.A
ame:8usm__2__1.B__1.D,8usm__2__1.B__1.D,structures/ame/8usm__2__1.B__1.D.cif,1.B,1.B
ame:8w7d__1__1.A__1.E,8w7d__1__1.A__1.E,structures/ame/8w7d__1__1.A__1.E.cif,1.A,1.A
ame:8w8r__1__1.C__1.G,8w8r__1__1.C__1.G,structures/ame/8w8r__1__1.C__1.G.cif,1.C,1.C
ame:8w8s__1__1.A__1.C,8w8s__1__1.A__1.C,structures/ame/8w8s__1__1.A__1.C.cif,1.A,1.A
ame:8w9w__1__1.A__1.H,8w9w__1__1.A__1.H,structures/ame/8w9w__1__1.A__1.H.cif,1.A,1.A
ame:8wrj__1__1.A__1.B,8wrj__1__1.A__1.B,structures/ame/8wrj__1__1.A__1.B.cif,1.A,1.A
ame:8xbh__1__1.D__1.F,8xbh__1__1.D__1.F,structures/ame/8xbh__1__1.D__1.F.cif,1.D,1.D
ame:8xbi__1__1.A__1.B,8xbi__1__1.A__1.B,structures/ame/8xbi__1__1.A__1.B.cif,1.A,1.A
ame:8xj4__1__1.A__1.E,8xj4__1__1.A__1.E,structures/ame/8xj4__1__1.A__1.E.cif,1.A,1.A
ame:8xj4__1__1.B__1.D,8xj4__1__1.B__1.D,structures/ame/8xj4__1__1.B__1.D.cif,1.B,1.B
